#
# A fatal error has been detected by the Java Runtime Environment:
#
#  EXCEPTION_ACCESS_VIOLATION (0xc0000005) at pc=0x00007ffddd3ee2ca, pid=11028, tid=12580
#
# JRE version: OpenJDK Runtime Environment (25.0.3) (build 25.0.3+-15898627-b508.16)
# Java VM: OpenJDK 64-Bit Server VM (25.0.3+-15898627-b508.16, mixed mode, tiered, compressed oops, compressed class ptrs, g1 gc, windows-amd64)
# Problematic frame:
# V  [jvm.dll+0x96e2ca]
#
# No core dump will be written. Minidumps are not enabled by default on client versions of Windows
#
# If you would like to submit a bug report, please visit:
#   https://youtrack.jetbrains.com/issues/JBR
#

---------------  S U M M A R Y ------------

Command Line: --add-opens=java.base/java.lang=ALL-UNNAMED --add-opens=java.base/java.lang.invoke=ALL-UNNAMED --add-opens=java.base/java.util=ALL-UNNAMED --add-opens=java.prefs/java.util.prefs=ALL-UNNAMED --add-exports=jdk.compiler/com.sun.tools.javac.api=ALL-UNNAMED --add-exports=jdk.compiler/com.sun.tools.javac.util=ALL-UNNAMED --add-opens=java.base/java.nio.charset=ALL-UNNAMED --add-opens=java.base/java.net=ALL-UNNAMED --add-opens=java.base/java.util.concurrent=ALL-UNNAMED --add-opens=java.base/java.util.concurrent.atomic=ALL-UNNAMED --add-opens=java.xml/javax.xml.namespace=ALL-UNNAMED --add-opens=java.base/java.time=ALL-UNNAMED --enable-native-access=ALL-UNNAMED -Xmx2048m -Dfile.encoding=UTF-8 -Duser.country=BO -Duser.language=es -Duser.variant -javaagent:C:\Users\adry4\.gradle\wrapper\dists\gradle-9.6.0-bin\42k10rwplmzkhuboz9kdazi7s\gradle-9.6.0\lib\agents\gradle-instrumentation-agent-9.6.0.jar org.gradle.launcher.daemon.bootstrap.GradleDaemon 9.6.0

Host: Intel(R) Core(TM) i5-6300U CPU @ 2.40GHz, 4 cores, 7G,  Windows 10 , 64 bit Build 19041 (10.0.19041.5915)
Time: Mon Oct  5 08:31:31 2026 Hora estándar oeste, Sudamérica elapsed time: 1533.338467 seconds (0d 0h 25m 33s)

---------------  T H R E A D  ---------------

Current thread (0x0000022f4d433c30):  JavaThread "WorkerExecutor Queue Thread 4"        [_thread_in_vm, id=12580, stack(0x0000003717d00000,0x0000003717e00000) (1024K)]

Stack: [0x0000003717d00000,0x0000003717e00000],  sp=0x0000003717dfc9f0,  free space=1010k
Native frames: (J=compiled Java code, j=interpreted, Vv=VM code, C=native code)
V  [jvm.dll+0x96e2ca]  (no source info available)
V  [jvm.dll+0x96e3c9]  (no source info available)
V  [jvm.dll+0x83698e]  (no source info available)
V  [jvm.dll+0x836929]  (no source info available)
V  [jvm.dll+0x4836bb]  (no source info available)
C  0x0000022f25dabc10  (no source info available)

The last pc belongs to throw exception entrypoints (printed below).
Java frames: (J=compiled Java code, j=interpreted, Vv=VM code)
j  com.android.tools.r8.dex.h.a(Ljava/util/List;)V+154
j  com.android.tools.r8.dex.h.a(Ljava/util/concurrent/ExecutorService;Lcom/android/tools/r8/internal/au3;Lcom/android/tools/r8/utils/i;)V+329
j  com.android.tools.r8.D8.b(Lcom/android/tools/r8/dex/k0;Lcom/android/tools/r8/graph/q;Lcom/android/tools/r8/internal/au3;Lcom/android/tools/r8/utils/i;Ljava/util/concurrent/ExecutorService;)V+434
j  com.android.tools.r8.D8.d(Lcom/android/tools/r8/utils/i;Lcom/android/tools/r8/internal/se1;Ljava/util/concurrent/ExecutorService;)V+819
j  com.android.tools.r8.D8.b(Lcom/android/tools/r8/utils/i;Lcom/android/tools/r8/internal/se1;Ljava/util/concurrent/ExecutorService;)V+3
j  com.android.tools.r8.D8$$Lambda+0x000000003a2e0f40.run()V+12
j  com.android.tools.r8.internal.vo0$$Lambda+0x0000000039f97190.run()V+4
j  com.android.tools.r8.internal.vo0.a(Lcom/android/tools/r8/internal/j83;Lcom/android/tools/r8/internal/vo0$a;)V+18
j  com.android.tools.r8.internal.vo0.b(Lcom/android/tools/r8/internal/j83;Lcom/android/tools/r8/internal/vo0$a;)V+2
j  com.android.tools.r8.D8.run(Lcom/android/tools/r8/D8Command;Ljava/util/concurrent/ExecutorService;)V+22
j  com.android.builder.dexing.D8DexArchiveMerger.mergeDexArchives(Ljava/util/List;Ljava/util/List;Ljava/nio/file/Path;Ljava/util/List;Ljava/util/List;Ljava/nio/file/Path;Ljava/util/Collection;Ljava/nio/file/Path;Ljava/nio/file/Path;Ljava/nio/file/Path;)V+445
j  com.android.build.gradle.internal.tasks.DexMergingWorkAction.merge(Lcom/android/build/gradle/internal/tasks/DexMergingTask$SharedParams;Ljava/util/concurrent/ExecutorService;Ljava/util/List;Ljava/util/List;Ljava/io/File;Ljava/nio/file/Path;Ljava/nio/file/Path;Ljava/nio/file/Path;)V+504
j  com.android.build.gradle.internal.tasks.DexMergingWorkAction.run()V+447
j  com.android.build.gradle.internal.profile.ProfileAwareWorkAction.execute()V+70
j  org.gradle.workers.internal.DefaultWorkerServer.execute(Lorg/gradle/workers/internal/SimpleActionExecutionSpec;)Lorg/gradle/workers/internal/DefaultWorkResult;+123
j  org.gradle.workers.internal.NoIsolationWorkerFactory$1$1.create()Lorg/gradle/workers/internal/DefaultWorkResult;+29
j  org.gradle.workers.internal.NoIsolationWorkerFactory$1$1.create()Ljava/lang/Object;+1
j  org.gradle.internal.classloader.ClassLoaderUtils.executeInClassloader(Ljava/lang/ClassLoader;Lorg/gradle/internal/Factory;)Ljava/lang/Object;+15
j  org.gradle.workers.internal.NoIsolationWorkerFactory$1.lambda$execute$0(Ljava/lang/ClassLoader;Lorg/gradle/workers/WorkerExecutor;Lorg/gradle/workers/internal/IsolatedParametersActionExecutionSpec;)Lorg/gradle/workers/internal/DefaultWorkResult;+10
j  org.gradle.workers.internal.NoIsolationWorkerFactory$1$$Lambda+0x0000000039ed7af0.execute(Lorg/gradle/workers/internal/IsolatedParametersActionExecutionSpec;)Lorg/gradle/workers/internal/DefaultWorkResult;+13
j  org.gradle.workers.internal.AbstractWorker$1.call(Lorg/gradle/internal/operations/BuildOperationContext;)Lorg/gradle/workers/internal/DefaultWorkResult;+8
j  org.gradle.workers.internal.AbstractWorker$1.call(Lorg/gradle/internal/operations/BuildOperationContext;)Ljava/lang/Object;+2
J 13237 c1 org.gradle.internal.operations.DefaultBuildOperationRunner$CallableBuildOperationWorker.execute(Lorg/gradle/internal/operations/BuildOperation;Lorg/gradle/internal/operations/BuildOperationContext;)V (10 bytes) @ 0x0000022f1f9bde24 [0x0000022f1f9bdc00+0x0000000000000224]
J 31995 c2 org.gradle.internal.operations.DefaultBuildOperationRunner.execute(Lorg/gradle/internal/operations/BuildOperation;Lorg/gradle/internal/operations/BuildOperationWorker;)V (22 bytes) @ 0x0000022f263e1308 [0x0000022f263e0a80+0x0000000000000888]
J 13236 c1 org.gradle.internal.operations.DefaultBuildOperationRunner.call(Lorg/gradle/internal/operations/CallableBuildOperation;)Ljava/lang/Object; (20 bytes) @ 0x0000022f1f9be214 [0x0000022f1f9be080+0x0000000000000194]
j  org.gradle.workers.internal.AbstractWorker.executeWrappedInBuildOperation(Lorg/gradle/workers/internal/IsolatedParametersActionExecutionSpec;Lorg/gradle/internal/operations/BuildOperationRef;Lorg/gradle/workers/internal/AbstractWorker$Work;)Lorg/gradle/workers/internal/DefaultWorkResult;+15
j  org.gradle.workers.internal.NoIsolationWorkerFactory$1.execute(Lorg/gradle/workers/internal/IsolatedParametersActionExecutionSpec;Lorg/gradle/internal/operations/BuildOperationRef;)Lorg/gradle/workers/internal/DefaultWorkResult;+17
j  org.gradle.workers.internal.DefaultWorkerExecutor.lambda$submitWork$0(Lorg/gradle/workers/internal/WorkerFactory;Lorg/gradle/workers/internal/WorkerRequirement;Lorg/gradle/workers/internal/IsolatedParametersActionExecutionSpec;Lorg/gradle/internal/operations/BuildOperationRef;)Lorg/gradle/workers/internal/DefaultWorkResult;+13
j  org.gradle.workers.internal.DefaultWorkerExecutor$$Lambda+0x0000000039ed6cb0.call()Ljava/lang/Object;+16
J 17899 c2 java.util.concurrent.FutureTask.run()V java.base@25.0.3 (123 bytes) @ 0x0000022f26a584ac [0x0000022f26a58200+0x00000000000002ac]
j  org.gradle.internal.work.DefaultConditionalExecutionQueue$ExecutionRunner.runExecution(Lorg/gradle/internal/work/ConditionalExecution;)V+6
j  org.gradle.internal.work.DefaultConditionalExecutionQueue$ExecutionRunner.access$500(Lorg/gradle/internal/work/DefaultConditionalExecutionQueue$ExecutionRunner;Lorg/gradle/internal/work/ConditionalExecution;)V+2
j  org.gradle.internal.work.DefaultConditionalExecutionQueue$ExecutionRunner$1.run()V+14
j  org.gradle.internal.Factories$1.create()Ljava/lang/Object;+4
J 25859 c1 org.gradle.internal.work.DefaultWorkerLeaseService$$Lambda+0x0000000038408298.create()Ljava/lang/Object; (16 bytes) @ 0x0000022f1f275c5c [0x0000022f1f275b00+0x000000000000015c]
J 25858 c1 org.gradle.internal.work.DefaultWorkerLeaseService.runAndReleaseLocks(Ljava/util/Collection;Lorg/gradle/internal/Factory;)Ljava/lang/Object; (22 bytes) @ 0x0000022f1f207054 [0x0000022f1f206b00+0x0000000000000554]
j  org.gradle.internal.work.DefaultWorkerLeaseService.withLocksAcquired(Ljava/util/Collection;Lorg/gradle/internal/Factory;)Ljava/lang/Object;+8
j  org.gradle.internal.work.DefaultWorkerLeaseService.withLocks(Ljava/util/Collection;Lorg/gradle/internal/Factory;)Ljava/lang/Object;+25
j  org.gradle.internal.work.DefaultWorkerLeaseService.runAsWorkerThread(Lorg/gradle/internal/Factory;)Ljava/lang/Object;+33
j  org.gradle.internal.work.DefaultWorkerLeaseService.runAsWorkerThread(Ljava/lang/Runnable;)V+5
j  org.gradle.internal.work.DefaultConditionalExecutionQueue$ExecutionRunner.runBatch(Lorg/gradle/internal/work/ConditionalExecution;)V+16
j  org.gradle.internal.work.DefaultConditionalExecutionQueue$ExecutionRunner.run()V+27
J 22283 c1 java.util.concurrent.Executors$RunnableAdapter.call()Ljava/lang/Object; java.base@25.0.3 (14 bytes) @ 0x0000022f2057a50c [0x0000022f2057a400+0x000000000000010c]
J 17899 c2 java.util.concurrent.FutureTask.run()V java.base@25.0.3 (123 bytes) @ 0x0000022f26a584ac [0x0000022f26a58200+0x00000000000002ac]
J 17864 c2 org.gradle.internal.concurrent.ExecutorPolicy$CatchAndRecordFailures.onExecute(Ljava/lang/Runnable;)V (29 bytes) @ 0x0000022f26a3d7c4 [0x0000022f26a3d780+0x0000000000000044]
J 22210 c1 org.gradle.internal.concurrent.AbstractManagedExecutor$1.run()V (57 bytes) @ 0x0000022f205650ac [0x0000022f20564f00+0x00000000000001ac]
j  java.util.concurrent.ThreadPoolExecutor.runWorker(Ljava/util/concurrent/ThreadPoolExecutor$Worker;)V+92 java.base@25.0.3
j  java.util.concurrent.ThreadPoolExecutor$Worker.run()V+5 java.base@25.0.3
j  java.lang.Thread.runWith(Ljava/lang/Object;Ljava/lang/Runnable;)V+5 java.base@25.0.3
j  java.lang.Thread.run()V+19 java.base@25.0.3
v  ~StubRoutines::call_stub 0x0000022f25da12ed

siginfo: EXCEPTION_ACCESS_VIOLATION (0xc0000005), reading address 0x000000000000000d


Registers:
RAX=0x0000000000000000, RBX=0x0000000000000000, RCX=0x0000000000000009, RDX=0x0000000039f21d80
RSP=0x0000003717dfc9f0, RBP=0x0000022f4d4d3080, RSI=0x000000008091a678, RDI=0x0000000039f21d80
R8 =0x0000000000000000, R9 =0x0000000000630011, R10=0x0000022f25dc0910, R11=0x0000003717dfcaa0
R12=0x000000008091a678, R13=0x0000000039f21d80, R14=0x0000022f4d4d3098, R15=0x0000022f4d4d3470
RIP=0x00007ffddd3ee2ca, EFLAGS=0x0000000000010206

XMM[0]=0x0000003717dfdfe0 0x0000000000000000
XMM[1]=0x0000000000000000 0x0000003717dfdf98
XMM[2]=0x294fe48100acab9f 0x14e8c84188303fdf
XMM[3]=0x0c98f5818685ba9f 0x4a319941fc018edf
XMM[4]=0x0000000000000000 0x0000000000000000
XMM[5]=0x000e178101b4d89f 0x34e63b4167e12cdf
XMM[6]=0x9e6786ccf59a54cf 0x10da09b42a499782
XMM[7]=0xa1ad22b4037035d9 0x05753413c22b9594
XMM[8]=0xeb64ceb441785bc7 0x9d904890b99f32cd
XMM[9]=0xa142eb9216a20ce4 0xc4bb28e0fe2ef87a
XMM[10]=0xcd10b589cd10b589 0xcd10b5893324e144
XMM[11]=0x0000000000000000 0x0000000066142bbb
XMM[12]=0xd96b46c9d96b46c9 0xd96b46c90c90280d
XMM[13]=0x0000000000000000 0x000000003324e144
XMM[14]=0x0000000000000000 0x0000000000000000
XMM[15]=0x0000000000000000 0x0000000000000000
  MXCSR=0x00001fa0


Register to memory mapping:

RAX=0x0 is null
RBX=0x0 is null
RCX=0x0000000000000009 is an unknown value
RDX=0x0000000039f21d80 is a pointer to class: 
com.android.tools.r8.graph.n4 {0x0000000039f21d88}
 - instance size:     14
 - klass size:        352
 - access:            public 
 - flags:             rewritten has_nonstatic_fields should_verify_class has_nonstatic_concrete_methods has_localvariable_table has_miranda_methods has_final_method has_resolved_methods 
 - state:             fully_initialized
 - name:              'com/android/tools/r8/graph/n4'
 - super:             'com/android/tools/r8/graph/r1'
 - sub:               
 - arrays:            'com/android/tools/r8/graph/n4'[]
 - methods:           Array<T>(0x0000022f4f0bee48)
 - method ordering:   Array<T>(0x0000022f33000018)
 - default_methods:   Array<T>(0x0000022f4f0c9608)
 - default vtable indices:   Array<T>(0x0000022f4f0c9798)
 - local interfaces:  Array<T>(0x0000022f4f0c2850)
 - trans. interfaces: Array<T>(0x0000022f4f0c9500)
 - secondary supers: Array<T>(0x0000022f4f0c95a0)
 - hash_slot:         57
 - secondary bitmap: 0x048024e080081900
 - constants:         constant pool [1213]/operands[333] {0x0000022f4f0c0008} for 'com/android/tools/r8/graph/n4' cache=0x0000022f4f31ead0
 - class loader data:  loader data: 0x0000022f3b2d13b0 for instance a 'org/gradle/internal/classloader/VisitableURLClassLoader$InstrumentingVisitableURLClassLoader'{0x0000000084700940}
 - source file:       'R8_9.4.24_cfaae7694df5635c2f9df7d7a6d308c4cde483295eaafe61e07419f2ccff068b'
 - generic signature: 'Lcom/android/tools/r8/graph/r1;Lcom/android/tools/r8/graph/na;Lcom/android/tools/r8/graph/sa;Ljava/util/function/Supplier<Lcom/android/tools/r8/graph/n4;>;Lcom/android/tools/r8/internal/gr3<Lcom/android/tools/r8/graph/n4;>;'
 - inner classes:     Array<T>(0x0000022f4f0c94c0)
 - nest members:     Array<T>(0x0000022f4f0c7ff8)
 - permitted subclasses:     Array<T>(0x0000022f33000020)
 - java mirror:       a 'java/lang/Class'{0x000000008cb16d00} = 'com/android/tools/r8/graph/n4'
 - vtable length      137  (start addr: 0x0000000039f21f90)
 - itable length      148 (start addr: 0x0000000039f223d8)
 - ---- static fields (1 words):
 - public static final 'E' '[Lcom/android/tools/r8/graph/n4;' @120 
 - public static final synthetic 'F' 'Z' @124 
 - ---- non-static fields (24 words):
 - public 'e' 'Lcom/android/tools/r8/graph/h1;' @12 
 - public final 'g' 'Lcom/android/tools/r8/origin/Origin;' @16 
 - public final 'h' 'Lcom/android/tools/r8/graph/s4;' @20 
 - public final 'i' 'Lcom/android/tools/r8/graph/f0;' @24 
 - public 'j' 'Lcom/android/tools/r8/graph/s4;' @28 
 - public 'k' 'Lcom/android/tools/r8/graph/u4;' @32 
 - public 'l' 'Lcom/android/tools/r8/graph/r4;' @36 
 - public 'm' 'Lcom/android/tools/r8/internal/sm2;' @40 
 - public final 'n' 'Lcom/android/tools/r8/graph/v5;' @44 
 - public final 'o' 'Lcom/android/tools/r8/graph/v8;' @48 
 - public 'p' 'Lcom/android/tools/r8/graph/p5;' @52 
 - public 'q' 'Ljava/util/List;' @56 
 - public 'r' 'Lcom/android/tools/r8/graph/y9;' @60 
 - public 's' 'Ljava/util/List;' @64 
 - public 't' 'Ljava/util/List;' @68 
 - public 'u' 'Ljava/util/List;' @72 
 - protected 'v' 'Lcom/android/tools/r8/graph/k6$b;' @76 
 - public final 'x' 'Lcom/android/tools/r8/ProgramResource$Kind;' @80 
 - public 'y' 'Lcom/android/tools/r8/internal/up;' @84 
 - public 'A' 'Lcom/android/tools/r8/kotlin/o;' @88 
 - public final 'B' 'Lcom/android/tools/r8/internal/x03;' @92 
 - public final 'C' 'Lcom/android/tools/r8/graph/n4$a;' @96 
 - public 'D' 'Lcom/android/tools/r8/synthesis/l0;' @100 
 - public 'z' 'Z' @104 
 - non-static oop maps (1 entries): 12-100 
RSP=0x0000003717dfc9f0 is pointing into the stack for thread: 0x0000022f4d433c30
RBP=0x0000022f4d4d3080 points into unknown readable memory: 0x0000000000000000 | 00 00 00 00 00 00 00 00
RSI=0x000000008091a678 is an oop: java.util.Collections$EmptyMap 
{0x000000008091a678} - klass: 'java/util/Collections$EmptyMap' - flags: 

 - ---- fields (total size 3 words):
 - transient 'keySet' 'Ljava/util/Set;' @12  null (0x00000000)
 - transient 'values' 'Ljava/util/Collection;' @16  null (0x00000000)
RDI=0x0000000039f21d80 is a pointer to class: 
com.android.tools.r8.graph.n4 {0x0000000039f21d88}
 - instance size:     14
 - klass size:        352
 - access:            public 
 - flags:             rewritten has_nonstatic_fields should_verify_class has_nonstatic_concrete_methods has_localvariable_table has_miranda_methods has_final_method has_resolved_methods 
 - state:             fully_initialized
 - name:              'com/android/tools/r8/graph/n4'
 - super:             'com/android/tools/r8/graph/r1'
 - sub:               
 - arrays:            'com/android/tools/r8/graph/n4'[]
 - methods:           Array<T>(0x0000022f4f0bee48)
 - method ordering:   Array<T>(0x0000022f33000018)
 - default_methods:   Array<T>(0x0000022f4f0c9608)
 - default vtable indices:   Array<T>(0x0000022f4f0c9798)
 - local interfaces:  Array<T>(0x0000022f4f0c2850)
 - trans. interfaces: Array<T>(0x0000022f4f0c9500)
 - secondary supers: Array<T>(0x0000022f4f0c95a0)
 - hash_slot:         57
 - secondary bitmap: 0x048024e080081900
 - constants:         constant pool [1213]/operands[333] {0x0000022f4f0c0008} for 'com/android/tools/r8/graph/n4' cache=0x0000022f4f31ead0
 - class loader data:  loader data: 0x0000022f3b2d13b0 for instance a 'org/gradle/internal/classloader/VisitableURLClassLoader$InstrumentingVisitableURLClassLoader'{0x0000000084700940}
 - source file:       'R8_9.4.24_cfaae7694df5635c2f9df7d7a6d308c4cde483295eaafe61e07419f2ccff068b'
 - generic signature: 'Lcom/android/tools/r8/graph/r1;Lcom/android/tools/r8/graph/na;Lcom/android/tools/r8/graph/sa;Ljava/util/function/Supplier<Lcom/android/tools/r8/graph/n4;>;Lcom/android/tools/r8/internal/gr3<Lcom/android/tools/r8/graph/n4;>;'
 - inner classes:     Array<T>(0x0000022f4f0c94c0)
 - nest members:     Array<T>(0x0000022f4f0c7ff8)
 - permitted subclasses:     Array<T>(0x0000022f33000020)
 - java mirror:       a 'java/lang/Class'{0x000000008cb16d00} = 'com/android/tools/r8/graph/n4'
 - vtable length      137  (start addr: 0x0000000039f21f90)
 - itable length      148 (start addr: 0x0000000039f223d8)
 - ---- static fields (1 words):
 - public static final 'E' '[Lcom/android/tools/r8/graph/n4;' @120 
 - public static final synthetic 'F' 'Z' @124 
 - ---- non-static fields (24 words):
 - public 'e' 'Lcom/android/tools/r8/graph/h1;' @12 
 - public final 'g' 'Lcom/android/tools/r8/origin/Origin;' @16 
 - public final 'h' 'Lcom/android/tools/r8/graph/s4;' @20 
 - public final 'i' 'Lcom/android/tools/r8/graph/f0;' @24 
 - public 'j' 'Lcom/android/tools/r8/graph/s4;' @28 
 - public 'k' 'Lcom/android/tools/r8/graph/u4;' @32 
 - public 'l' 'Lcom/android/tools/r8/graph/r4;' @36 
 - public 'm' 'Lcom/android/tools/r8/internal/sm2;' @40 
 - public final 'n' 'Lcom/android/tools/r8/graph/v5;' @44 
 - public final 'o' 'Lcom/android/tools/r8/graph/v8;' @48 
 - public 'p' 'Lcom/android/tools/r8/graph/p5;' @52 
 - public 'q' 'Ljava/util/List;' @56 
 - public 'r' 'Lcom/android/tools/r8/graph/y9;' @60 
 - public 's' 'Ljava/util/List;' @64 
 - public 't' 'Ljava/util/List;' @68 
 - public 'u' 'Ljava/util/List;' @72 
 - protected 'v' 'Lcom/android/tools/r8/graph/k6$b;' @76 
 - public final 'x' 'Lcom/android/tools/r8/ProgramResource$Kind;' @80 
 - public 'y' 'Lcom/android/tools/r8/internal/up;' @84 
 - public 'A' 'Lcom/android/tools/r8/kotlin/o;' @88 
 - public final 'B' 'Lcom/android/tools/r8/internal/x03;' @92 
 - public final 'C' 'Lcom/android/tools/r8/graph/n4$a;' @96 
 - public 'D' 'Lcom/android/tools/r8/synthesis/l0;' @100 
 - public 'z' 'Z' @104 
 - non-static oop maps (1 entries): 12-100 
R8 =0x0 is null
R9 =0x0000000000630011 is an unknown value
R10=0x0000022f25dc0910 points into unknown readable memory: 0x0000000000000000 | 00 00 00 00 00 00 00 00
R11=0x0000003717dfcaa0 is pointing into the stack for thread: 0x0000022f4d433c30
R12=0x000000008091a678 is an oop: java.util.Collections$EmptyMap 
{0x000000008091a678} - klass: 'java/util/Collections$EmptyMap' - flags: 

 - ---- fields (total size 3 words):
 - transient 'keySet' 'Ljava/util/Set;' @12  null (0x00000000)
 - transient 'values' 'Ljava/util/Collection;' @16  null (0x00000000)
R13=0x0000000039f21d80 is a pointer to class: 
com.android.tools.r8.graph.n4 {0x0000000039f21d88}
 - instance size:     14
 - klass size:        352
 - access:            public 
 - flags:             rewritten has_nonstatic_fields should_verify_class has_nonstatic_concrete_methods has_localvariable_table has_miranda_methods has_final_method has_resolved_methods 
 - state:             fully_initialized
 - name:              'com/android/tools/r8/graph/n4'
 - super:             'com/android/tools/r8/graph/r1'
 - sub:               
 - arrays:            'com/android/tools/r8/graph/n4'[]
 - methods:           Array<T>(0x0000022f4f0bee48)
 - method ordering:   Array<T>(0x0000022f33000018)
 - default_methods:   Array<T>(0x0000022f4f0c9608)
 - default vtable indices:   Array<T>(0x0000022f4f0c9798)
 - local interfaces:  Array<T>(0x0000022f4f0c2850)
 - trans. interfaces: Array<T>(0x0000022f4f0c9500)
 - secondary supers: Array<T>(0x0000022f4f0c95a0)
 - hash_slot:         57
 - secondary bitmap: 0x048024e080081900
 - constants:         constant pool [1213]/operands[333] {0x0000022f4f0c0008} for 'com/android/tools/r8/graph/n4' cache=0x0000022f4f31ead0
 - class loader data:  loader data: 0x0000022f3b2d13b0 for instance a 'org/gradle/internal/classloader/VisitableURLClassLoader$InstrumentingVisitableURLClassLoader'{0x0000000084700940}
 - source file:       'R8_9.4.24_cfaae7694df5635c2f9df7d7a6d308c4cde483295eaafe61e07419f2ccff068b'
 - generic signature: 'Lcom/android/tools/r8/graph/r1;Lcom/android/tools/r8/graph/na;Lcom/android/tools/r8/graph/sa;Ljava/util/function/Supplier<Lcom/android/tools/r8/graph/n4;>;Lcom/android/tools/r8/internal/gr3<Lcom/android/tools/r8/graph/n4;>;'
 - inner classes:     Array<T>(0x0000022f4f0c94c0)
 - nest members:     Array<T>(0x0000022f4f0c7ff8)
 - permitted subclasses:     Array<T>(0x0000022f33000020)
 - java mirror:       a 'java/lang/Class'{0x000000008cb16d00} = 'com/android/tools/r8/graph/n4'
 - vtable length      137  (start addr: 0x0000000039f21f90)
 - itable length      148 (start addr: 0x0000000039f223d8)
 - ---- static fields (1 words):
 - public static final 'E' '[Lcom/android/tools/r8/graph/n4;' @120 
 - public static final synthetic 'F' 'Z' @124 
 - ---- non-static fields (24 words):
 - public 'e' 'Lcom/android/tools/r8/graph/h1;' @12 
 - public final 'g' 'Lcom/android/tools/r8/origin/Origin;' @16 
 - public final 'h' 'Lcom/android/tools/r8/graph/s4;' @20 
 - public final 'i' 'Lcom/android/tools/r8/graph/f0;' @24 
 - public 'j' 'Lcom/android/tools/r8/graph/s4;' @28 
 - public 'k' 'Lcom/android/tools/r8/graph/u4;' @32 
 - public 'l' 'Lcom/android/tools/r8/graph/r4;' @36 
 - public 'm' 'Lcom/android/tools/r8/internal/sm2;' @40 
 - public final 'n' 'Lcom/android/tools/r8/graph/v5;' @44 
 - public final 'o' 'Lcom/android/tools/r8/graph/v8;' @48 
 - public 'p' 'Lcom/android/tools/r8/graph/p5;' @52 
 - public 'q' 'Ljava/util/List;' @56 
 - public 'r' 'Lcom/android/tools/r8/graph/y9;' @60 
 - public 's' 'Ljava/util/List;' @64 
 - public 't' 'Ljava/util/List;' @68 
 - public 'u' 'Ljava/util/List;' @72 
 - protected 'v' 'Lcom/android/tools/r8/graph/k6$b;' @76 
 - public final 'x' 'Lcom/android/tools/r8/ProgramResource$Kind;' @80 
 - public 'y' 'Lcom/android/tools/r8/internal/up;' @84 
 - public 'A' 'Lcom/android/tools/r8/kotlin/o;' @88 
 - public final 'B' 'Lcom/android/tools/r8/internal/x03;' @92 
 - public final 'C' 'Lcom/android/tools/r8/graph/n4$a;' @96 
 - public 'D' 'Lcom/android/tools/r8/synthesis/l0;' @100 
 - public 'z' 'Z' @104 
 - non-static oop maps (1 entries): 12-100 
R14=0x0000022f4d4d3098 points into unknown readable memory: 0x002c002b00000002 | 02 00 00 00 2b 00 2c 00
R15=0x0000022f4d4d3470 points into unknown readable memory: 0x0000000000000000 | 00 00 00 00 00 00 00 00

Top of Stack: (sp=0x0000003717dfc9f0)
0x0000003717dfc9f0:   0000000000000000 0000003717dfdf98   ............7...
0x0000003717dfca00:   0000022f25dabbbb 0000022f25da8408   ...%/......%/...
0x0000003717dfca10:   0000000039f21d80 00007ffddd3ee3c9   ...9......>.....
0x0000003717dfca20:   0000000000000000 0000003717dfdf98   ............7...
0x0000003717dfca30:   0000000000000000 0000000000000000   ................
0x0000003717dfca40:   0000000000000000 00007ffddd2b698e   .........i+.....
0x0000003717dfca50:   0000000000000000 0000000000000000   ................
0x0000003717dfca60:   0000000000000000 0000000000000000   ................
0x0000003717dfca70:   0000000000000000 0000000000000000   ................
0x0000003717dfca80:   0000000000000000 0000000000000000   ................
0x0000003717dfca90:   0000022f4d4d3470 0000022f4d4d3098   p4MM/....0MM/...
0x0000003717dfcaa0:   00000000000003d8 0000000039f21d80   ...........9....
0x0000003717dfcab0:   000000008091a678 00007ffddd2b6929   x.......)i+.....
0x0000003717dfcac0:   000000008091a678 0000022f500fea4a   x.......J..P/...
0x0000003717dfcad0:   0000022f500fea4a 0000022f4d4d3080   J..P/....0MM/...
0x0000003717dfcae0:   0000000000000000 0000000000000000   ................
0x0000003717dfcaf0:   0000022f50100000 0000022f4d433c30   ...P/...0<CM/...
0x0000003717dfcb00:   0000022f50100000 0000000000000000   ...P/...........
0x0000003717dfcb10:   0000003717dfdf98 0000022f25dabbbb   ....7......%/...
0x0000003717dfcb20:   0000022f25da8408 0000000000000000   ...%/...........
0x0000003717dfcb30:   0000000000000000 0000003717dfdfe0   ............7...
0x0000003717dfcb40:   0000003717dfdf98 0000022f4d433c30   ....7...0<CM/...
0x0000003717dfcb50:   0000000000000000 0000000000000000   ................
0x0000003717dfcb60:   0000000000000000 0000000000000000   ................
0x0000003717dfcb70:   0000000000000000 0000000000000000   ................
0x0000003717dfcb80:   0000000000000000 0000000000000000   ................
0x0000003717dfcb90:   0000000000000000 0000000000000000   ................
0x0000003717dfcba0:   0000000000000000 0000000000000000   ................
0x0000003717dfcbb0:   0000000000000000 0000000000000000   ................
0x0000003717dfcbc0:   0000000000000000 0000000000000000   ................
0x0000003717dfcbd0:   0000000000000000 0000000000000000   ................
0x0000003717dfcbe0:   0000000000000000 0000000000000000   ................

Instructions: (pc=0x00007ffddd3ee2ca)
  0x00007ffddd3ee1ca:   cc cc cc cc cc cc 48 89 5c 24 08 48 89 74 24 10
  0x00007ffddd3ee1da:   48 89 7c 24 18 41 56 48 83 ec 20 41 8b d9 49 63
  0x00007ffddd3ee1ea:   f8 48 8b f2 4c 8b f1 e8 ca 21 e4 ff 44 0f bf d0
  0x00007ffddd3ee1fa:   49 8d 4e 06 41 c1 e2 10 4c 8b c7 44 0b d3 66 41
  0x00007ffddd3ee20a:   89 7e 04 48 8b d6 45 89 16 41 c6 46 07 00 c6 01
  0x00007ffddd3ee21a:   00 e8 f0 6a 0d 00 48 8b 5c 24 30 49 8b c6 48 8b
  0x00007ffddd3ee22a:   74 24 38 48 8b 7c 24 40 48 83 c4 20 41 5e c3 cc
  0x00007ffddd3ee23a:   cc cc cc cc cc cc 40 53 48 83 ec 20 8b 02 48 8b
  0x00007ffddd3ee24a:   d9 89 01 0f b7 42 04 48 83 c2 06 66 89 41 04 44
  0x00007ffddd3ee25a:   8b c0 48 83 c1 06 e8 ab 6a 0d 00 48 8b c3 48 83
  0x00007ffddd3ee26a:   c4 20 5b c3 cc cc 4c 8b d2 4c 8b d9 45 85 c0 7e
  0x00007ffddd3ee27a:   3c 44 0f b7 49 04 41 8d 40 ff 41 3b c1 44 0f 4c
  0x00007ffddd3ee28a:   c8 4d 63 c1 45 85 c9 7e 1f 48 8b c2 4c 2b da 49
  0x00007ffddd3ee29a:   8b d0 0f 1f 40 00 41 0f b6 4c 03 06 88 08 48 8d
  0x00007ffddd3ee2aa:   40 01 48 83 ea 01 75 ee 43 c6 04 10 00 49 8b c2
  0x00007ffddd3ee2ba:   c3 cc cc cc cc cc 48 89 5c 24 08 57 48 83 ec 20
=>0x00007ffddd3ee2ca:   0f b7 59 04 48 8b f9 33 d2 48 8d 4b 01 e8 44 de
  0x00007ffddd3ee2da:   ea ff 0f b7 57 04 4c 8b c0 3b da 0f 42 d3 44 8b
  0x00007ffddd3ee2ea:   ca 85 d2 74 39 48 2b f8 0f 1f 40 00 66 66 0f 1f
  0x00007ffddd3ee2fa:   84 00 00 00 00 00 0f b6 4c 07 06 88 08 48 ff c0
  0x00007ffddd3ee30a:   48 8b c8 49 2b c8 49 3b c9 7c eb 42 c6 04 02 00
  0x00007ffddd3ee31a:   49 8b c0 48 8b 5c 24 30 48 83 c4 20 5f c3 48 8b
  0x00007ffddd3ee32a:   5c 24 30 c6 04 02 00 48 83 c4 20 5f c3 cc cc cc
  0x00007ffddd3ee33a:   cc cc cc cc cc cc 4c 8b d1 45 85 c0 7e 6c 44 0f
  0x00007ffddd3ee34a:   b7 49 04 41 8d 40 ff 41 3b c1 44 0f 4c c8 4d 63
  0x00007ffddd3ee35a:   d9 45 85 c9 7e 22 48 8b ca 4c 2b d2 4d 8b c3 0f
  0x00007ffddd3ee36a:   1f 80 00 00 00 00 41 0f b6 44 0a 06 88 01 48 8d
  0x00007ffddd3ee37a:   49 01 49 83 e8 01 75 ee 41 c6 04 13 00 48 c7 c0
  0x00007ffddd3ee38a:   ff ff ff ff 66 90 48 ff c0 80 3c 02 00 75 f7 48
  0x00007ffddd3ee39a:   63 c8 85 c0 48 8b c2 7e 14 80 38 2f 75 03 c6 00
  0x00007ffddd3ee3aa:   2e 48 ff c0 48 83 e9 01 75 ef 48 8b c2 c3 cc cc
  0x00007ffddd3ee3ba:   cc cc cc cc cc cc 48 83 ec 28 e8 f7 fe ff ff 4c


Stack slot to memory mapping:

stack at sp + 0 slots: 0x0 is null
stack at sp + 1 slots: 0x0000003717dfdf98 is pointing into the stack for thread: 0x0000022f4d433c30
stack at sp + 2 slots: 0x0000022f25dabbbb is at code_begin+635 in an Interpreter codelet
throw exception entrypoints  [0x0000022f25dab940, 0x0000022f25dabde8]  1192 bytes
stack at sp + 3 slots: 0x0000022f25da8408 is at code_begin+-88 in 
[CodeBlob kind:2 (0x0000022f25da8408)]
Framesize: 0
BufferBlob (0x0000022f25da8408) used for Interpreter
stack at sp + 4 slots: 0x0000000039f21d80 is a pointer to class: 
com.android.tools.r8.graph.n4 {0x0000000039f21d88}
 - instance size:     14
 - klass size:        352
 - access:            public 
 - flags:             rewritten has_nonstatic_fields should_verify_class has_nonstatic_concrete_methods has_localvariable_table has_miranda_methods has_final_method has_resolved_methods 
 - state:             fully_initialized
 - name:              'com/android/tools/r8/graph/n4'
 - super:             'com/android/tools/r8/graph/r1'
 - sub:               
 - arrays:            'com/android/tools/r8/graph/n4'[]
 - methods:           Array<T>(0x0000022f4f0bee48)
 - method ordering:   Array<T>(0x0000022f33000018)
 - default_methods:   Array<T>(0x0000022f4f0c9608)
 - default vtable indices:   Array<T>(0x0000022f4f0c9798)
 - local interfaces:  Array<T>(0x0000022f4f0c2850)
 - trans. interfaces: Array<T>(0x0000022f4f0c9500)
 - secondary supers: Array<T>(0x0000022f4f0c95a0)
 - hash_slot:         57
 - secondary bitmap: 0x048024e080081900
 - constants:         constant pool [1213]/operands[333] {0x0000022f4f0c0008} for 'com/android/tools/r8/graph/n4' cache=0x0000022f4f31ead0
 - class loader data:  loader data: 0x0000022f3b2d13b0 for instance a 'org/gradle/internal/classloader/VisitableURLClassLoader$InstrumentingVisitableURLClassLoader'{0x0000000084700940}
 - source file:       'R8_9.4.24_cfaae7694df5635c2f9df7d7a6d308c4cde483295eaafe61e07419f2ccff068b'
 - generic signature: 'Lcom/android/tools/r8/graph/r1;Lcom/android/tools/r8/graph/na;Lcom/android/tools/r8/graph/sa;Ljava/util/function/Supplier<Lcom/android/tools/r8/graph/n4;>;Lcom/android/tools/r8/internal/gr3<Lcom/android/tools/r8/graph/n4;>;'
 - inner classes:     Array<T>(0x0000022f4f0c94c0)
 - nest members:     Array<T>(0x0000022f4f0c7ff8)
 - permitted subclasses:     Array<T>(0x0000022f33000020)
 - java mirror:       a 'java/lang/Class'{0x000000008cb16d00} = 'com/android/tools/r8/graph/n4'
 - vtable length      137  (start addr: 0x0000000039f21f90)
 - itable length      148 (start addr: 0x0000000039f223d8)
 - ---- static fields (1 words):
 - public static final 'E' '[Lcom/android/tools/r8/graph/n4;' @120 
 - public static final synthetic 'F' 'Z' @124 
 - ---- non-static fields (24 words):
 - public 'e' 'Lcom/android/tools/r8/graph/h1;' @12 
 - public final 'g' 'Lcom/android/tools/r8/origin/Origin;' @16 
 - public final 'h' 'Lcom/android/tools/r8/graph/s4;' @20 
 - public final 'i' 'Lcom/android/tools/r8/graph/f0;' @24 
 - public 'j' 'Lcom/android/tools/r8/graph/s4;' @28 
 - public 'k' 'Lcom/android/tools/r8/graph/u4;' @32 
 - public 'l' 'Lcom/android/tools/r8/graph/r4;' @36 
 - public 'm' 'Lcom/android/tools/r8/internal/sm2;' @40 
 - public final 'n' 'Lcom/android/tools/r8/graph/v5;' @44 
 - public final 'o' 'Lcom/android/tools/r8/graph/v8;' @48 
 - public 'p' 'Lcom/android/tools/r8/graph/p5;' @52 
 - public 'q' 'Ljava/util/List;' @56 
 - public 'r' 'Lcom/android/tools/r8/graph/y9;' @60 
 - public 's' 'Ljava/util/List;' @64 
 - public 't' 'Ljava/util/List;' @68 
 - public 'u' 'Ljava/util/List;' @72 
 - protected 'v' 'Lcom/android/tools/r8/graph/k6$b;' @76 
 - public final 'x' 'Lcom/android/tools/r8/ProgramResource$Kind;' @80 
 - public 'y' 'Lcom/android/tools/r8/internal/up;' @84 
 - public 'A' 'Lcom/android/tools/r8/kotlin/o;' @88 
 - public final 'B' 'Lcom/android/tools/r8/internal/x03;' @92 
 - public final 'C' 'Lcom/android/tools/r8/graph/n4$a;' @96 
 - public 'D' 'Lcom/android/tools/r8/synthesis/l0;' @100 
 - public 'z' 'Z' @104 
 - non-static oop maps (1 entries): 12-100 
stack at sp + 5 slots: 0x00007ffddd3ee3c9 jvm.dll
stack at sp + 6 slots: 0x0 is null
stack at sp + 7 slots: 0x0000003717dfdf98 is pointing into the stack for thread: 0x0000022f4d433c30

Lock stack of current Java thread (top to bottom):

throw exception entrypoints  [0x0000022f25dab940, 0x0000022f25dabde8]  1192 bytes
[MachCode]
  0x0000022f25dab940: 488b 4db8 | 488d 64cd | 0048 c745 | f000 0000 | 00e8 0500 | 0000 e999 | 0000 004c | 8bc3 488d 
  0x0000022f25dab960: 4424 084c | 896d c049 | 8bcf c5f8 | 7749 89af | 3804 0000 | 4989 8728 | 0400 0048 | 83ec 2040 
  0x0000022f25dab980: f6c4 0f0f | 8419 0000 | 0048 83ec | 0848 b8a0 | 34f0 dcfd | 7f00 00ff | d048 83c4 | 08e9 0c00 
  0x0000022f25dab9a0: 0000 48b8 | a034 f0dc | fd7f 0000 | ffd0 4883 | c420 49c7 | 8728 0400 | 0000 0000 | 0049 c787 
  0x0000022f25dab9c0: 3804 0000 | 0000 0000 | 49c7 8730 | 0400 0000 | 0000 00c5 | f877 4983 | 7f08 000f | 8405 0000 
  0x0000022f25dab9e0: 00e9 fa57 | ffff 4c8b | 6dc0 4c8b | 75c8 4e8d | 74f5 00c3 | 4158 488b | 4db8 488d | 64cd 0048 
  0x0000022f25daba00: c745 f000 | 0000 0048 | ba38 c564 | ddfd 7f00 | 00e8 0500 | 0000 e9a8 | 0000 0048 | 8d44 2408 
  0x0000022f25daba20: 4c89 6dc0 | 498b cfc5 | f877 4989 | af38 0400 | 0049 8987 | 2804 0000 | 4883 ec20 | 40f6 c40f 
  0x0000022f25daba40: 0f84 1900 | 0000 4883 | ec08 48b8 | 80fa efdc | fd7f 0000 | ffd0 4883 | c408 e90c | 0000 0048 
  0x0000022f25daba60: b880 faef | dcfd 7f00 | 00ff d048 | 83c4 2049 | c787 2804 | 0000 0000 | 0000 49c7 | 8738 0400 
  0x0000022f25daba80: 0000 0000 | 0049 c787 | 3004 0000 | 0000 0000 | c5f8 7749 | 837f 0800 | 0f84 0500 | 0000 e93d 
  0x0000022f25dabaa0: 57ff ff49 | 8b87 8004 | 0000 49c7 | 8780 0400 | 0000 0000 | 004c 8b6d | c04c 8b75 | c84e 8d74 
  0x0000022f25dabac0: f500 c3e9 | b0f1 ffff | 488b 4db8 | 488d 64cd | 0048 c745 | f000 0000 | 0048 ba58 | c564 ddfd 
  0x0000022f25dabae0: 7f00 0049 | b8d0 e158 | ddfd 7f00 | 00e8 0500 | 0000 e9a8 | 0000 0048 | 8d44 2408 | 4c89 6dc0 
  0x0000022f25dabb00: 498b cfc5 | f877 4989 | af38 0400 | 0049 8987 | 2804 0000 | 4883 ec20 | 40f6 c40f | 0f84 1900 
  0x0000022f25dabb20: 0000 4883 | ec08 48b8 | 20f9 efdc | fd7f 0000 | ffd0 4883 | c408 e90c | 0000 0048 | b820 f9ef 
  0x0000022f25dabb40: dcfd 7f00 | 00ff d048 | 83c4 2049 | c787 2804 | 0000 0000 | 0000 49c7 | 8738 0400 | 0000 0000 
  0x0000022f25dabb60: 0049 c787 | 3004 0000 | 0000 0000 | c5f8 7749 | 837f 0800 | 0f84 0500 | 0000 e961 | 56ff ff49 
  0x0000022f25dabb80: 8b87 8004 | 0000 49c7 | 8780 0400 | 0000 0000 | 004c 8b6d | c04c 8b75 | c84e 8d74 | f500 c3e9 
  0x0000022f25dabba0: d4f0 ffff | 5a48 8b4d | b848 8d64 | cd00 48c7 | 45f0 0000 | 0000 e805 | 0000 00e9 | 9600 0000 
  0x0000022f25dabbc0: 488d 4424 | 084c 896d | c049 8bcf | c5f8 7749 | 89af 3804 | 0000 4989 | 8728 0400 | 0048 83ec 
  0x0000022f25dabbe0: 2040 f6c4 | 0f0f 8419 | 0000 0048 | 83ec 0848 | b840 36f0 | dcfd 7f00 | 00ff d048 | 83c4 08e9 
  0x0000022f25dabc00: 0c00 0000 | 48b8 4036 | f0dc fd7f | 0000 ffd0 | 4883 c420 | 49c7 8728 | 0400 0000 | 0000 0049 
  0x0000022f25dabc20: c787 3804 | 0000 0000 | 0000 49c7 | 8730 0400 | 0000 0000 | 00c5 f877 | 4983 7f08 | 000f 8405 
  0x0000022f25dabc40: 0000 00e9 | 9855 ffff | 4c8b 6dc0 | 4c8b 75c8 | 4e8d 74f5 | 00c3 488b | 4db8 488d | 64cd 0048 
  0x0000022f25dabc60: c745 f000 | 0000 0048 | ba78 c564 | ddfd 7f00 | 0049 b800 | 0000 0000 | 0000 00e8 | 0500 0000 
  0x0000022f25dabc80: e9a8 0000 | 0048 8d44 | 2408 4c89 | 6dc0 498b | cfc5 f877 | 4989 af38 | 0400 0049 | 8987 2804 
  0x0000022f25dabca0: 0000 4883 | ec20 40f6 | c40f 0f84 | 1900 0000 | 4883 ec08 | 48b8 20f9 | efdc fd7f | 0000 ffd0 
  0x0000022f25dabcc0: 4883 c408 | e90c 0000 | 0048 b820 | f9ef dcfd | 7f00 00ff | d048 83c4 | 2049 c787 | 2804 0000 
  0x0000022f25dabce0: 0000 0000 | 49c7 8738 | 0400 0000 | 0000 0049 | c787 3004 | 0000 0000 | 0000 c5f8 | 7749 837f 
  0x0000022f25dabd00: 0800 0f84 | 0500 0000 | e9d3 54ff | ff49 8b87 | 8004 0000 | 49c7 8780 | 0400 0000 | 0000 004c 
  0x0000022f25dabd20: 8b6d c04c | 8b75 c84e | 8d74 f500 | c3e9 46ef | ffff 4c8b | 6dc0 488b | 4db8 488d | 64cd 0048 
  0x0000022f25dabd40: c745 f000 | 0000 00e8 | 0500 0000 | e996 0000 | 0048 8d44 | 2408 4c89 | 6dc0 498b | cfc5 f877 
  0x0000022f25dabd60: 4989 af38 | 0400 0049 | 8987 2804 | 0000 4883 | ec20 40f6 | c40f 0f84 | 1900 0000 | 4883 ec08 
  0x0000022f25dabd80: 48b8 7039 | f0dc fd7f | 0000 ffd0 | 4883 c408 | e90c 0000 | 0048 b870 | 39f0 dcfd | 7f00 00ff 
  0x0000022f25dabda0: d048 83c4 | 2049 c787 | 2804 0000 | 0000 0000 | 49c7 8738 | 0400 0000 | 0000 0049 | c787 3004 
  0x0000022f25dabdc0: 0000 0000 | 0000 c5f8 | 7749 837f | 0800 0f84 | 0500 0000 | e907 54ff | ff4c 8b6d | c04c 8b75 
  0x0000022f25dabde0: c84e 8d74 | f500 c390 
[/MachCode]

Compiled method (c1) 1533831 13237       3       org.gradle.internal.operations.DefaultBuildOperationRunner$CallableBuildOperationWorker::execute (10 bytes)
 total in heap  [0x0000022f1f9bdb08,0x0000022f1f9bdf80] = 1144
 main code      [0x0000022f1f9bdc00,0x0000022f1f9bdf30] = 816
 stub code      [0x0000022f1f9bdf30,0x0000022f1f9bdf78] = 72
 oops           [0x0000022f1f9bdf78,0x0000022f1f9bdf80] = 8
 mutable data [0x0000022f3aef6080,0x0000022f3aef60f0] = 112
 relocation     [0x0000022f3aef6080,0x0000022f3aef60d8] = 88
 metadata       [0x0000022f3aef60d8,0x0000022f3aef60f0] = 24
 immutable data [0x0000022f44637580,0x0000022f44637650] = 208
 dependencies   [0x0000022f44637580,0x0000022f44637588] = 8
 nul chk table  [0x0000022f44637588,0x0000022f44637598] = 16
 scopes pcs     [0x0000022f44637598,0x0000022f44637608] = 112
 scopes data    [0x0000022f44637608,0x0000022f44637650] = 72

[Constant Pool (empty)]

[MachCode]
[Instructions begin]
  0x0000022f1f9bdc00: 6666 660f | 1f84 0000 | 0000 0066 | 6666 9066 | 6690 448b | 5208 443b 

  0x0000022f1f9bdc18: ;   {runtime_call Shared Runtime ic_miss_blob}
  0x0000022f1f9bdc18: 5008 0f85 | c00e 4306 
[Verified Entry Point]
  0x0000022f1f9bdc20: 8984 2400 | 80ff ff55 | 4883 ec50 | 4181 7f20 | 3100 0000 

  0x0000022f1f9bdc34: ;   {runtime_call Stub::method_entry_barrier}
  0x0000022f1f9bdc34: 7405 e825 

  0x0000022f1f9bdc38: ;   {metadata(method data for {method} {0x0000022f349c6100} 'execute' '(Lorg/gradle/internal/operations/BuildOperation;Lorg/gradle/internal/operations/BuildOperationContext;)V' in 'org/gradle/internal/operations/DefaultBuildOperationRunner$CallableBuildOperationWorker')}
  0x0000022f1f9bdc38: b441 0648 | be80 a769 | 432f 0200 | 008b be90 | 0000 0083 | c702 89be | 9000 0000 | 81e7 fe07 
  0x0000022f1f9bdc58: 0000 85ff | 0f84 0702 | 0000 4d85 

  0x0000022f1f9bdc64: ;   {metadata(method data for {method} {0x0000022f349c6100} 'execute' '(Lorg/gradle/internal/operations/BuildOperation;Lorg/gradle/internal/operations/BuildOperationContext;)V' in 'org/gradle/internal/operations/DefaultBuildOperationRunner$CallableBuildOperationWorker')}
  0x0000022f1f9bdc64: c048 bf80 | a769 432f | 0200 0075 | 0c80 8fd1 | 0000 0001 | e9b1 0000 | 0041 8b58 | 0848 3b9f 
  0x0000022f1f9bdc84: e000 0000 | 750d 4883 | 87e8 0000 | 0001 e960 | 0000 0048 | 3b9f f000 | 0000 750d | 4883 87f8 
  0x0000022f1f9bdca4: 0000 0001 | e94a 0000 | 0048 83bf | e000 0000 | 0075 1748 | 899f e000 | 0000 48c7 | 87e8 0000 
  0x0000022f1f9bdcc4: 0001 0000 | 00e9 2900 | 0000 4883 | bff0 0000 | 0000 7517 | 4889 9ff0 | 0000 0048 | c787 f800 
  0x0000022f1f9bdce4: 0000 0100 | 0000 e908 | 0000 0048 | 8387 d800 

  0x0000022f1f9bdcf4: ;   {metadata('org/gradle/internal/operations/CallableBuildOperation')}
  0x0000022f1f9bdcf4: 0000 0148 | bbe8 d735 | 3800 0000 | 0041 8b78 | 0848 3b5f | 200f 841f | 0000 0048 | 3bfb 0f84 
  0x0000022f1f9bdd14: 1600 0000 

  0x0000022f1f9bdd18: ;   {runtime_call C1 Runtime slow_subtype_check_blob}
  0x0000022f1f9bdd18: 5753 e8c1 | 684f 065f | 5f85 ff0f | 8461 0100 | 00e9 0000 | 0000 498b | f04c 8bc2 

  0x0000022f1f9bdd34: ;   {metadata(method data for {method} {0x0000022f349c6100} 'execute' '(Lorg/gradle/internal/operations/BuildOperation;Lorg/gradle/internal/operations/BuildOperationContext;)V' in 'org/gradle/internal/operations/DefaultBuildOperationRunner$CallableBuildOperationWorker')}
  0x0000022f1f9bdd34: 48bf 80a7 | 6943 2f02 

  0x0000022f1f9bdd3c: ;   {metadata('org/gradle/internal/operations/DefaultBuildOperationRunner$CallableBuildOperationWorker')}
  0x0000022f1f9bdd3c: 0000 49ba | 989a 4038 | 0000 0000 | 4c89 9710 | 0100 0048 | 8387 1801 

  0x0000022f1f9bdd54: ;   {metadata(method data for {method} {0x0000022f349c5f60} 'execute' '(Lorg/gradle/internal/operations/CallableBuildOperation;Lorg/gradle/internal/operations/BuildOperationContext;)V' in 'org/gradle/internal/operations/DefaultBuildOperationRunner$CallableBuildOperationWorker')}
  0x0000022f1f9bdd54: 0000 0149 | b820 9969 | 432f 0200 | 0041 8bb8 | 9000 0000 | 83c7 0241 | 89b8 9000 | 0000 81e7 
  0x0000022f1f9bdd74: feff 1f00 | 85ff 0f84 | 1301 0000 

  0x0000022f1f9bdd80: ; implicit exception: dispatches to 0x0000022f1f9bdeb4
  0x0000022f1f9bdd80: 483b 064c 

  0x0000022f1f9bdd84: ;   {metadata(method data for {method} {0x0000022f349c5f60} 'execute' '(Lorg/gradle/internal/operations/CallableBuildOperation;Lorg/gradle/internal/operations/BuildOperationContext;)V' in 'org/gradle/internal/operations/DefaultBuildOperationRunner$CallableBuildOperationWorker')}
  0x0000022f1f9bdd84: 8bc6 48bf | 2099 6943 | 2f02 0000 | 458b 4008 | 4c3b 87e0 | 0000 0075 | 0d48 8387 | e800 0000 
  0x0000022f1f9bdda4: 01e9 6000 | 0000 4c3b | 87f0 0000 | 0075 0d48 | 8387 f800 | 0000 01e9 | 4a00 0000 | 4883 bfe0 
  0x0000022f1f9bddc4: 0000 0000 | 7517 4c89 | 87e0 0000 | 0048 c787 | e800 0000 | 0100 0000 | e929 0000 | 0048 83bf 
  0x0000022f1f9bdde4: f000 0000 | 0075 174c | 8987 f000 | 0000 48c7 | 87f8 0000 | 0001 0000 | 00e9 0800 | 0000 4883 
  0x0000022f1f9bde04: 87d8 0000 | 0001 4d8b | c148 8954 | 2440 488b | d648 b860 | 00c7 3a2f 

  0x0000022f1f9bde1c: ;   {virtual_call}
  0x0000022f1f9bde1c: 0200 00e8 

  0x0000022f1f9bde20: ; ImmutableOopMap {[64]=Oop }
                      ;*invokeinterface call {reexecute=0 rethrow=0 return_oop=0}
                      ; - org.gradle.internal.operations.DefaultBuildOperationRunner$CallableBuildOperationWorker::execute@3 (line 210)
                      ; - org.gradle.internal.operations.DefaultBuildOperationRunner$CallableBuildOperationWorker::execute@6 (line 205)
  0x0000022f1f9bde20: 3c26 5006 

  0x0000022f1f9bde24: ;   {post_call_nop}
  0x0000022f1f9bde24: 0f1f 8400 | 1c03 0000 | 410f be77 | 4885 f648 | 8b54 2440 | 0f85 7b00 | 0000 4c8b | d044 8952 
  0x0000022f1f9bde44: 0c48 8bf2 | 4833 f048 | c1ee 1448 | 83fe 000f | 857b 0000 | 0048 83c4 

  0x0000022f1f9bde5c: ;   {poll_return}
  0x0000022f1f9bde5c: 505d 493b | 6728 0f87 | 8400 0000 

  0x0000022f1f9bde68: ;   {metadata({method} {0x0000022f349c6100} 'execute' '(Lorg/gradle/internal/operations/BuildOperation;Lorg/gradle/internal/operations/BuildOperationContext;)V' in 'org/gradle/internal/operations/DefaultBuildOperationRunner$CallableBuildOperationWorker')}
  0x0000022f1f9bde68: c349 baf8 | 609c 342f | 0200 004c | 8954 2408 | 48c7 0424 | ffff ffff 

  0x0000022f1f9bde80: ;   {runtime_call C1 Runtime counter_overflow_blob}
  0x0000022f1f9bde80: e85b 914f 

  0x0000022f1f9bde84: ; ImmutableOopMap {rdx=Oop r8=Oop r9=Oop }
                      ;*synchronization entry
                      ; - org.gradle.internal.operations.DefaultBuildOperationRunner$CallableBuildOperationWorker::execute@-1 (line 205)
  0x0000022f1f9bde84: 06e9 d8fd | ffff 4c89 

  0x0000022f1f9bde8c: ;   {runtime_call C1 Runtime throw_class_cast_exception_blob}
  0x0000022f1f9bde8c: 0424 e84d 

  0x0000022f1f9bde90: ; ImmutableOopMap {rdx=Oop r9=Oop }
                      ;*checkcast {reexecute=0 rethrow=0 return_oop=0}
                      ; - org.gradle.internal.operations.DefaultBuildOperationRunner$CallableBuildOperationWorker::execute@2 (line 205)
                      ;   {metadata({method} {0x0000022f349c5f60} 'execute' '(Lorg/gradle/internal/operations/CallableBuildOperation;Lorg/gradle/internal/operations/BuildOperationContext;)V' in 'org/gradle/internal/operations/DefaultBuildOperationRunner$CallableBuildOperationWorker')}
  0x0000022f1f9bde90: 614f 0649 | ba58 5f9c | 342f 0200 | 004c 8954 | 2408 48c7 | 0424 ffff 

  0x0000022f1f9bdea8: ;   {runtime_call C1 Runtime counter_overflow_blob}
  0x0000022f1f9bdea8: ffff e831 

  0x0000022f1f9bdeac: ; ImmutableOopMap {rdx=Oop r9=Oop rsi=Oop }
                      ;*synchronization entry
                      ; - org.gradle.internal.operations.DefaultBuildOperationRunner$CallableBuildOperationWorker::execute@-1 (line 210)
                      ; - org.gradle.internal.operations.DefaultBuildOperationRunner$CallableBuildOperationWorker::execute@6 (line 205)
  0x0000022f1f9bdeac: 914f 06e9 | ccfe ffff 

  0x0000022f1f9bdeb4: ;   {runtime_call C1 Runtime throw_null_pointer_exception_blob}
  0x0000022f1f9bdeb4: e827 3d4f 

  0x0000022f1f9bdeb8: ; ImmutableOopMap {rdx=Oop r9=Oop rsi=Oop }
                      ;*invokeinterface call {reexecute=0 rethrow=0 return_oop=0}
                      ; - org.gradle.internal.operations.DefaultBuildOperationRunner$CallableBuildOperationWorker::execute@3 (line 210)
                      ; - org.gradle.internal.operations.DefaultBuildOperationRunner$CallableBuildOperationWorker::execute@6 (line 205)
  0x0000022f1f9bdeb8: 068b 720c | 4883 fe00 | 0f84 78ff | ffff 4889 

  0x0000022f1f9bdec8: ;   {runtime_call g1_pre_barrier_slow}
  0x0000022f1f9bdec8: 3424 e811 | 974f 06e9 | 6aff ffff | 4883 f800 | 0f84 7bff | ffff 4889 

  0x0000022f1f9bdee0: ;   {runtime_call g1_post_barrier_slow}
  0x0000022f1f9bdee0: 1424 e8f9 | 994f 06e9 | 6dff ffff 

  0x0000022f1f9bdeec: ;   {internal_word}
  0x0000022f1f9bdeec: 49ba 5ede | 9b1f 2f02 | 0000 4d89 | 97e0 0400 

  0x0000022f1f9bdefc: ;   {runtime_call SafepointBlob}
  0x0000022f1f9bdefc: 00e9 5e30 | 4306 498b | 8788 0500 | 0049 c787 | 8805 0000 | 0000 0000 | 49c7 8790 | 0500 0000 
  0x0000022f1f9bdf1c: 0000 0048 | 83c4 505d 

  0x0000022f1f9bdf24: ;   {runtime_call C1 Runtime unwind_exception_blob}
  0x0000022f1f9bdf24: e9b7 2d4f | 06f4 f4f4 | f4f4 f4f4 
[Stub Code]
  0x0000022f1f9bdf30: ;   {other}
  0x0000022f1f9bdf30: 0f1f 4400 

  0x0000022f1f9bdf34: ;   {static_stub}
  0x0000022f1f9bdf34: 0048 bb00 | 0000 0000 

  0x0000022f1f9bdf3c: ;   {runtime_call nmethod}
  0x0000022f1f9bdf3c: 0000 00e9 | fbff ffff 
[Exception Handler]
  0x0000022f1f9bdf44: ;   {runtime_call C1 Runtime handle_exception_from_callee_blob}
  0x0000022f1f9bdf44: e897 5a4f 

  0x0000022f1f9bdf48: ;   {external_word}
  0x0000022f1f9bdf48: 0648 b9a8 | c158 ddfd | 7f00 0048 

  0x0000022f1f9bdf54: ;   {runtime_call}
  0x0000022f1f9bdf54: 83e4 f048 | b8b0 f517 | ddfd 7f00 | 00ff d0f4 
[Deopt Handler Code]
  0x0000022f1f9bdf64: ;   {section_word}
  0x0000022f1f9bdf64: 49ba 64df | 9b1f 2f02 | 0000 4152 

  0x0000022f1f9bdf70: ;   {runtime_call DeoptimizationBlob}
  0x0000022f1f9bdf70: e9eb 3243 | 06f4 f4f4 
[/MachCode]


Compiled method (c2) 1533859 31995       4       org.gradle.internal.operations.DefaultBuildOperationRunner::execute (22 bytes)
 total in heap  [0x0000022f263e0988,0x0000022f263e6a40] = 24760
 main code      [0x0000022f263e0a80,0x0000022f263e68e0] = 24160
 stub code      [0x0000022f263e68e0,0x0000022f263e69d8] = 248
 oops           [0x0000022f263e69d8,0x0000022f263e6a40] = 104
 mutable data [0x0000022f4c814960,0x0000022f4c8153b8] = 2648
 relocation     [0x0000022f4c814960,0x0000022f4c814e88] = 1320
 metadata       [0x0000022f4c814e88,0x0000022f4c8153b8] = 1328
 immutable data [0x0000022f4d35e060,0x0000022f4d362f88] = 20264
 dependencies   [0x0000022f4d35e060,0x0000022f4d35e1b0] = 336
 nul chk table  [0x0000022f4d35e1b0,0x0000022f4d35e3a8] = 504
 handler table  [0x0000022f4d35e3a8,0x0000022f4d35e750] = 936
 scopes pcs     [0x0000022f4d35e750,0x0000022f4d35f350] = 3072
 scopes data    [0x0000022f4d35f350,0x0000022f4d362f88] = 15416

[Constant Pool (empty)]

[MachCode]
[Instructions begin]
  0x0000022f263e0a80: 6690 448b | 5208 443b 

  0x0000022f263e0a88: ;   {runtime_call Shared Runtime ic_miss_blob}
  0x0000022f263e0a88: 5008 0f85 | 50e0 a0ff 
[Verified Entry Point]
  0x0000022f263e0a90: 8984 2400 | 80ff ff55 | 4881 ec00 | 0100 0090 | 4181 7f20 | 3100 0000 | 0f85 285e | 0000 4c89 
  0x0000022f263e0ab0: 8c24 b000 | 0000 4889 | 5424 604c | 8984 24b8 | 0000 004d | 8b97 1004 | 0000 4d8b | 124c 8954 
  0x0000022f263e0ad0: 2448 498b | d048 b800 | 3414 472f 

  0x0000022f263e0adc: ;   {virtual_call}
  0x0000022f263e0adc: 0200 00e8 

  0x0000022f263e0ae0: ; ImmutableOopMap {[72]=Oop [96]=Oop [176]=Oop [184]=Oop }
                      ;*invokeinterface description {reexecute=0 rethrow=0 return_oop=1}
                      ; - org.gradle.internal.operations.DefaultBuildOperationRunner::execute@2 (line 60)
  0x0000022f263e0ae0: 7cf9 adff 

  0x0000022f263e0ae4: ;   {post_call_nop}
  0x0000022f263e0ae4: 0f1f 8400 | 5c01 0000 | 4889 4424 | 6844 8b58 | 2045 85db | 0f84 ff1f | 0000 458b 

  0x0000022f263e0b00: ;   {metadata('org/gradle/internal/operations/BuildOperationState')}
  0x0000022f263e0b00: 5308 4181 | fab8 a840 | 380f 8511 | 4000 004d | 8bc3 4d8b | 9fc8 0100 | 004d 8b97 | d801 0000 
  0x0000022f263e0b20: 4d8b cb49 | 83c1 184d | 3bca 0f83 | 1522 0000 | 4d89 8fc8 | 0100 0041 | 0f0d 89c0 | 0000 0049 
  0x0000022f263e0b40: c703 0100 

  0x0000022f263e0b44: ;   {metadata('org/gradle/internal/operations/OperationIdentifier')}
  0x0000022f263e0b44: 0000 41c7 | 4308 f026 | 3f38 4589 | 630c 4d89 | 6310 4c8b | 5424 6045 | 8b52 1090 

  0x0000022f263e0b60: ; implicit exception: dispatches to 0x0000022f263e4e08
  0x0000022f263e0b60: 458b 4a08 

  0x0000022f263e0b64: ;   {metadata('org/gradle/internal/operations/DefaultBuildOperationIdFactory')}
  0x0000022f263e0b64: 4181 f918 | 7d2b 380f | 85cf 3000 | 0045 8b4a | 0c45 85c9 | 0f84 6630 | 0000 41ba | 0100 0000 
  0x0000022f263e0b84: f04d 0fc1 | 5110 4d85 | d20f 8419 | 3900 004d | 8953 1066 | 0f1f 8400 | 0000 0000 | 4d85 c00f 
  0x0000022f263e0ba4: 844c 2000 | 0045 8b50 | 0c45 8b4a | 104d 8be9 | 4d8b 97d8 | 0100 0049 | 8b87 c801 | 0000 4c8b 
  0x0000022f263e0bc4: c849 83c1 | 304d 3bca | 0f83 c121 | 0000 4d89 | 8fc8 0100 | 0041 0f0d | 89c0 0000 | 0048 c700 
  0x0000022f263e0be4: 0100 0000 

  0x0000022f263e0be8: ;   {metadata('org/gradle/internal/operations/BuildOperationDescriptor')}
  0x0000022f263e0be8: c740 0818 | 9d40 3844 | 8960 0c4c | 8960 104c | 8960 184c | 8960 204c | 8960 284c | 8b54 2468 
  0x0000022f263e0c08: 458b 5220 | 4585 d20f | 859c 1e00 | 004c 8944 | 2420 4c89 | 5c24 2848 | 8944 2440 | 4c8b 5424 
  0x0000022f263e0c28: 6845 8b5a | 1045 8b52 | 0c4c 8b44 | 2440 4589 | 500c 4c8b | 5424 6845 | 8b4a 2445 | 8b42 1c41 
  0x0000022f263e0c48: 8b5a 1841 | 8b4a 1448 | 8b6c 2440 | 488d 7d28 | 4180 7f48 | 000f 8573 | 4a00 0044 | 890f 418b 
  0x0000022f263e0c68: c148 8bd7 | 4833 d048 | c1ea 140f | 8427 0000 | 0048 83f8 | 000f 841d | 0000 0048 | 8bd7 48c1 
  0x0000022f263e0c88: ea09 48b8 | 0000 882d | 2f02 0000 | 4803 d080 | 3a02 0f85 | cb4a 0000 | 488d 7524 | 4180 7f48 
  0x0000022f263e0ca8: 000f 8543 | 4b00 0044 | 8906 458b | d04c 8bce | 4d33 ca49 | c1e9 140f | 8428 0000 | 0049 83fa 
  0x0000022f263e0cc8: 000f 841e | 0000 004c | 8bce 49c1 | e909 49ba | 0000 882d | 2f02 0000 | 4d03 ca41 

  0x0000022f263e0ce4: ;   {other}
  0x0000022f263e0ce4: 8039 020f | 857d 4b00 | 0048 8b54 | 2428 4c8d | 5510 4180 | 7f48 000f | 85d4 4b00 | 004c 8bc2 
  0x0000022f263e0d04: 4589 024d | 8bca 4c33 | ca49 c1e9 | 140f 841e | 0000 004d | 8bca 49c1 | e909 49b8 | 0000 882d 
  0x0000022f263e0d24: 2f02 0000 | 4d03 c841 | 8039 020f | 8518 4c00 | 004c 8d55 | 1441 807f | 4800 0f85 | 744c 0000 
  0x0000022f263e0d44: 4d8b cd45 | 890a 4d8b | c24d 33c5 | 49c1 e814 | 0f84 2800 | 0000 4983 | fd00 0f84 | 1e00 0000 
  0x0000022f263e0d64: 4d8b c249 | c1e8 0949 | b900 0088 | 2d2f 0200 | 004d 03c1 | 4180 3802 | 0f85 a44c | 0000 4c8d 
  0x0000022f263e0d84: 5518 4180 | 7f48 000f | 8500 4d00 | 0045 891a | 458b c34d | 8bca 4d33 | c849 c1e9 | 140f 8428 
  0x0000022f263e0da4: 0000 0049 | 83f8 000f | 841e 0000 | 004d 8bca | 49c1 e909 | 49b8 0000 | 882d 2f02 | 0000 4d03 
  0x0000022f263e0dc4: c841 8039 | 020f 8530 | 4d00 004c | 8d55 1c41 | 807f 4800 | 0f85 824d | 0000 4189 | 0a44 8bd9 
  0x0000022f263e0de4: ;   {other}
  0x0000022f263e0de4: 4d8b c24d | 33c3 49c1 | e814 0f84 | 2800 0000 | 4983 fb00 | 0f84 1e00 | 0000 4d8b | c249 c1e8 
  0x0000022f263e0e04: 0949 bb00 | 0088 2d2f | 0200 004d | 03c3 4180 | 3802 0f85 | a84d 0000 | 4c8d 5520 | 4180 7f48 
  0x0000022f263e0e24: 000f 85f0 | 4d00 0041 | 891a 448b | db4d 8bc2 | 4d33 c349 | c1e8 140f | 8428 0000 | 0049 83fb 
  0x0000022f263e0e44: 000f 841e | 0000 004d | 8bc2 49c1 | e809 49bb | 0000 882d | 2f02 0000 | 4d03 c341 | 8038 020f 
  0x0000022f263e0e64: 850c 4e00 | 004c 8b54 | 2420 4d85 | d20f 84de | 1d00 004c | 8b6c 2420 | 458b 5a18 

  0x0000022f263e0e80: ; implicit exception: dispatches to 0x0000022f263e5378
  0x0000022f263e0e80: 458b 5b0c | 4585 db0f | 844f 3700 | 0049 8b87 | c801 0000 | 4d8b 97d8 | 0100 004c | 8bd8 4983 
  0x0000022f263e0ea0: c320 4d3b | da0f 8347 | 1f00 004d | 899f c801 | 0000 410f | 0d8b c000 | 0000 48c7 | 0001 0000 
  0x0000022f263e0ec0: ;   {metadata('org/gradle/internal/operations/BuildOperationState')}
  0x0000022f263e0ec0: 00c7 4008 | b8a8 4038 | 4489 600c | 4c89 6010 | 4c89 6018 | 488b d848 | 8b7c 2460 | 448b 570c 
  0x0000022f263e0ee0: ; implicit exception: dispatches to 0x0000022f263e4e1c
  0x0000022f263e0ee0: 458b 4208 

  0x0000022f263e0ee4: ;   {metadata('org/gradle/internal/time/MonotonicClock')}
  0x0000022f263e0ee4: 4181 f878 | 2b09 380f | 8577 2d00 | 0049 8bf2 | 448b 560c 

  0x0000022f263e0ef8: ; implicit exception: dispatches to 0x0000022f263e4e30
  0x0000022f263e0ef8: 458b 5a08 | 0f1f 4000 

  0x0000022f263e0f00: ;   {metadata('org/gradle/internal/time/TimeSource$1')}
  0x0000022f263e0f00: 4181 fb30 | 3009 380f | 857f 2d00 

  0x0000022f263e0f0c: ;   {runtime_call}
  0x0000022f263e0f0c: 0049 bae0 | 9223 ddfd | 7f00 0041 

  0x0000022f263e0f18: ;   {post_call_nop}
  0x0000022f263e0f18: ffd2 0f1f | 8400 0000 | 0000 4c8b | c844 8b56 | 1c4d 8b42 | 1044 8b5e | 1849 8b4b | 1049 2bc0 
  0x0000022f263e0f38: ;   {oop(a 'java/util/concurrent/TimeUnit'{0x0000000080d2a5d0})}
  0x0000022f263e0f38: 49ba d0a5 | d280 0000 | 0000 458b | 5a48 498b | 5218 4d63 | d348 81fa | 4042 0f00 | 0f8f d718 
  0x0000022f263e0f58: 0000 660f | 1f44 0000 | 4881 fa40 | 420f 0074 | 2545 85db | 0f84 ea32 | 0000 48ba | 0000 0000 
  0x0000022f263e0f78: 0000 0080 | 483b c275 | 0833 d249 | 83fa ff74 | 0548 9949 | f7fa 488b | e84c 8b56 | 1049 3bea 
  0x0000022f263e0f98: 0f8d c719 | 0000 448b | 5620 498b | 4210 4803 | e948 3be8 | 0f8e 4800 | 0000 4533 | db49 b9ff 
  0x0000022f263e0fb8: ffff ffff | ffff 7f90 | 448b 5620 | 4585 d20f | 842f 3700 | 00f0 490f | b16a 1041 | 0f94 c045 
  0x0000022f263e0fd8: 0fb6 c00f | 1f44 0000 | 4585 c075 | 2549 8b47 | 3044 8b46 

  0x0000022f263e0fec: ; ImmutableOopMap {r8=NarrowOop rbx=Oop rdi=Oop rsi=Oop r13=Oop [64]=Oop [72]=Oop [176]=Oop [184]=Oop }
                      ;*goto {reexecute=1 rethrow=0 return_oop=0}
                      ; - (reexecute) org.gradle.internal.time.MonotonicClock::advance@30 (line 117)
                      ; - org.gradle.internal.time.MonotonicClock::getCurrentTime@66 (line 86)
                      ; - org.gradle.internal.operations.DefaultBuildOperationRunner::execute@84 (line 164)
                      ; - org.gradle.internal.operations.DefaultBuildOperationRunner::execute@17 (line 60)
                      ;   {poll}
  0x0000022f263e0fec: 2085 0049 | 8b40 1048 | 3be8 7fc8 | eb0d 4533 | db49 b9ff | ffff ffff | ffff 7f48 | 8be8 498b 
  0x0000022f263e100c: 87c8 0100 | 004d 8b97 | d801 0000 | 4c8b c049 | 83c0 1090 | 4d3b c20f | 83fc 1d00 | 004d 8987 
  0x0000022f263e102c: c801 0000 | 410f 0d88 | c000 0000 | 48c7 0001 

  0x0000022f263e103c: ;   {metadata('java/util/concurrent/atomic/AtomicBoolean')}
  0x0000022f263e103c: 0000 00c7 | 4008 60dc | 1738 4489 | 600c 4889 | 6b10 4c8b | 7424 4049 | 8bce 488d | 5318 4180 
  0x0000022f263e105c: 7f48 000f | 8567 4c00 | 004c 8bc0 | 4489 024c | 8bd2 4c33 | d049 c1ea | 140f 841e | 0000 004c 
  0x0000022f263e107c: 8bd2 49c1 | ea09 49b8 | 0000 882d | 2f02 0000 | 4d03 d041 | 803a 020f | 85c9 4c00 | 0048 8d6b 
  0x0000022f263e109c: 0c41 807f | 4800 0f85 | 434d 0000 | 894d 008b | f14c 8bd5 | 4c33 d649 | c1ea 140f | 841e 0000 
  0x0000022f263e10bc: 004c 8bd5 | 49c1 ea09 | 48be 0000 | 882d 2f02 | 0000 4c03 | d641 803a | 020f 8588 | 4d00 0049 
  0x0000022f263e10dc: 8b87 c801 | 0000 4d8b | 97d8 0100 | 004c 8bc0 | 4983 c018 | 4d3b c20f | 837d 1d00 | 004d 8987 
  0x0000022f263e10fc: c801 0000 | 410f 0d88 | c000 0000 | 48c7 0001 

  0x0000022f263e110c: ;   {metadata('org/gradle/internal/operations/DefaultBuildOperationRunner$BuildOperationTrackingListener')}
  0x0000022f263e110c: 0000 00c7 | 4008 60ab | 4038 4489 | 600c 4c89 | 6010 448b | 5718 418b | 7208 448b 

  0x0000022f263e1128: ;   {metadata('org/gradle/internal/service/scopes/WorkerSharedGlobalScopeServices$$Lambda+0x00000000382b3a10')}
  0x0000022f263e1128: 4714 81fe | 103a 2b38 | 0f85 822b | 0000 4489 | 4424 2448 | 8944 2438 | 894c 2420 | 4c89 4c24 
  0x0000022f263e1148: 3048 895c | 2460 4489 | 5c24 284c | 8974 2478 | 4c89 6c24 | 6848 89bc | 24c0 0000 | 0049 8b87 
  0x0000022f263e1168: c801 0000 | 458b 4214 | 4489 4424 | 2c4c 8bd8 | 4983 c320 | 458b 4210 | 4489 4424 | 4041 8b6a 
  0x0000022f263e1188: 0c4d 8b97 | d801 0000 | 4d3b da0f | 835f 1d00 | 004d 899f | c801 0000 | 410f 0d8b | c000 0000 
  0x0000022f263e11a8: 48c7 0001 

  0x0000022f263e11ac: ;   {metadata('org/gradle/internal/operations/BuildOperationProgressEventListenerAdapter')}
  0x0000022f263e11ac: 0000 00c7 | 4008 10ae | 4038 4c89 | 6018 8968 | 0c44 8b5c | 2440 4489 | 5810 448b | 5424 2c44 
  0x0000022f263e11cc: 8950 1448 | 8b4c 2438 | 4c8d 4910 | 4180 7f48 | 000f 85ff | 4c00 004c | 8bc0 4589 | 014d 8bd9 
  0x0000022f263e11ec: 4c33 d849 | c1eb 140f | 841e 0000 | 004d 8bd9 | 49c1 eb09 | 49b8 0000 | 882d 2f02 | 0000 4d03 
  0x0000022f263e120c: d841 803b | 020f 8543 | 4d00 008b | 5c24 244c | 8d51 0c41 | 807f 4800 | 0f85 9b4d | 0000 4189 
  0x0000022f263e122c: 1a44 8bdb | 4d8b c24d | 33c3 49c1 | e814 0f84 | 2800 0000 | 4983 fb00 | 0f84 1e00 | 0000 4d8b 
  0x0000022f263e124c: c249 c1e8 | 0949 bb00 | 0088 2d2f | 0200 004d | 03c3 4180 | 3802 0f85 | c14d 0000 | 498b 87c8 
  0x0000022f263e126c: 0100 004d | 8b97 d801 | 0000 4c8b | d849 83c3 | 2066 6690 | 4d3b da0f | 834c 1c00 | 004d 899f 
  0x0000022f263e128c: c801 0000 | 410f 0d8b | c000 0000 | 48c7 0001 

  0x0000022f263e129c: ;   {metadata('org/gradle/internal/operations/DefaultBuildOperationRunner$DefaultBuildOperationContext')}
  0x0000022f263e129c: 0000 00c7 | 4008 c0b0 | 4038 4489 | 600c 4489 | 6014 4c89 | 6018 4c8b | d148 894c | 2438 4489 
  0x0000022f263e12bc: 5010 448b | 5424 2044 | 8950 0c48 | 8be8 488b | d14c 8b44 | 2478 4c8b 

  0x0000022f263e12d4: ;   {optimized virtual_call}
  0x0000022f263e12d4: 4c24 60e8 

  0x0000022f263e12d8: ; ImmutableOopMap {rbp=Oop [56]=Oop [72]=Oop [96]=Oop [104]=Oop [120]=Oop [176]=Oop [184]=Oop [192]=Oop }
                      ;*invokeinterface start {reexecute=0 rethrow=0 return_oop=0}
                      ; - org.gradle.internal.operations.DefaultBuildOperationRunner$2::execute@4 (line 64)
                      ; - org.gradle.internal.operations.DefaultBuildOperationRunner$2::execute@8 (line 60)
                      ; - org.gradle.internal.operations.DefaultBuildOperationRunner::execute@141 (line 167)
                      ; - org.gradle.internal.operations.DefaultBuildOperationRunner::execute@17 (line 60)
  0x0000022f263e12d8: 34d1 8500 

  0x0000022f263e12dc: ;   {post_call_nop}
  0x0000022f263e12dc: 0f1f 8400 | 5409 0002 | 488b 9424 | b000 0000 | 4c8b 8424 | b800 0000 | 4c8b cd66 | 9048 b828 
  0x0000022f263e12fc: 3414 472f 

  0x0000022f263e1300: ;   {virtual_call}
  0x0000022f263e1300: 0200 00e8 

  0x0000022f263e1304: ; ImmutableOopMap {rbp=Oop [56]=Oop [72]=Oop [96]=Oop [104]=Oop [120]=Oop [176]=Oop [184]=Oop [192]=Oop }
                      ;*invokeinterface execute {reexecute=0 rethrow=0 return_oop=0}
                      ; - org.gradle.internal.operations.DefaultBuildOperationRunner$2::execute@22 (line 67)
                      ; - org.gradle.internal.operations.DefaultBuildOperationRunner$2::execute@8 (line 60)
                      ; - org.gradle.internal.operations.DefaultBuildOperationRunner::execute@141 (line 167)
                      ; - org.gradle.internal.operations.DefaultBuildOperationRunner::execute@17 (line 60)
  0x0000022f263e1304: 58f1 adff 

  0x0000022f263e1308: ;   {post_call_nop}
  0x0000022f263e1308: 0f1f 8400 | 8009 0003 | 4533 c04c | 8b54 2438 | 458b 5a10 | 0f1f 4000 

  0x0000022f263e1320: ; implicit exception: dispatches to 0x0000022f263e4e80
  0x0000022f263e1320: 418b 4b08 

  0x0000022f263e1324: ;   {metadata('org/gradle/internal/operations/BuildOperationProgressEventListenerAdapter')}
  0x0000022f263e1324: 81f9 10ae | 4038 0f85 | c329 0000 | 498b cb44 | 8b59 1c66 | 0f1f 8400 | 0000 0000 | 4585 db0f 
  0x0000022f263e1344: 85b0 1900 | 0044 8b5d | 1445 33c9 | 4585 db41 | 0f95 c18b | 5d1c 448b | 5918 6690 

  0x0000022f263e1360: ; implicit exception: dispatches to 0x0000022f263e4ebc
  0x0000022f263e1360: 418b 5308 

  0x0000022f263e1364: ;   {metadata('org/gradle/internal/logging/progress/DefaultProgressLoggerFactory$ProgressLoggerImpl')}
  0x0000022f263e1364: 81fa b0b8 | 4038 0f85 | b029 0000 | 498b fb44 | 8b5f 4066 | 0f1f 8400 | 0000 0000 

  0x0000022f263e1380: ;   {oop(a 'org/gradle/internal/logging/progress/DefaultProgressLoggerFactory$State'{0x0000000081ed2e68})}
  0x0000022f263e1380: 4181 fb68 | 2eed 810f | 845b 3100 

  0x0000022f263e138c: ;   {oop(a 'org/gradle/internal/logging/progress/DefaultProgressLoggerFactory$State'{0x0000000081ed2e50})}
  0x0000022f263e138c: 0041 81fb | 502e ed81 | 0f84 9a31 | 0000 899c | 2484 0000 | 0044 898c | 2480 0000 | 0048 894c 
  0x0000022f263e13ac: 2450 4c89 | 4424 4048 | 896c 2470 | 4c89 5424 | 3844 8b47 

  0x0000022f263e13c0: ;   {oop(a 'org/gradle/internal/logging/progress/DefaultProgressLoggerFactory$State'{0x0000000081ed2e50})}
  0x0000022f263e13c0: 4441 bb50 | 2eed 8148 | 8d4f 4041 | 807f 4800 | 0f85 b44c | 0000 4489 | 1941 8bdb | 4c8b c94c 
  0x0000022f263e13e0: 33cb 49c1 | e914 0f84 | 2800 0000 | 4883 fb00 | 0f84 1e00 | 0000 4c8b | c949 c1e9 | 0948 bb00 
  0x0000022f263e1400: 0088 2d2f | 0200 004c | 03cb 4180 | 3902 0f85 | ed4c 0000 

  0x0000022f263e1414: ; implicit exception: dispatches to 0x0000022f263e4ee8
  0x0000022f263e1414: 458b 4818 | 448b 4730 | 0f1f 4000 

  0x0000022f263e1420: ; implicit exception: dispatches to 0x0000022f263e4f14
  0x0000022f263e1420: 458b 5908 

  0x0000022f263e1424: ;   {metadata('java/lang/ThreadLocal')}
  0x0000022f263e1424: 4181 fb68 | 1304 380f | 8533 2900 | 0048 89bc | 2488 0000 | 004d 8bd1 | 4c89 9424 | 9000 0000 
  0x0000022f263e1444: 4c8b 5424 | 4845 8b5a | 4844 899c | 2498 0000 | 0045 85db | 0f84 a717 | 0000 418b | 6b14 89ac 
  0x0000022f263e1464: 24a0 0000 | 008b 6d0c | 4c8b 9424 | 9000 0000 | 458b 520c | 448b dd41 | ffcb 4523 | d344 8994 
  0x0000022f263e1484: 249c 0000 | 0085 ed0f | 86af 2c00 | 0044 8b9c | 24a0 0000 | 0047 8b5c | 9310 448b | 8c24 9800 
  0x0000022f263e14a4: 0000 4d8b | d14c 8954 | 2458 448b | 9424 a000 | 0000 4d8b | ca0f 1f80 | 0000 0000 | 4585 db0f 
  0x0000022f263e14c4: 846c 0000 | 00eb 0f0f | 1f44 0000 | 4d8b da89 | 8c24 9c00 | 0000 458b | 530c 488b | 8c24 9000 
  0x0000022f263e14e4: 0000 4c3b | d10f 8401 | 1100 0045 | 8b5b 0c45 | 85db 0f84 | f02e 0000 | 8b8c 249c | 0000 00ff 
  0x0000022f263e1504: c13b cd0f | 8d79 1100 | 003b cd0f | 830b 2400 | 0044 8b9c | 24a0 0000 | 0045 8b54 

  0x0000022f263e1520: ;   {other}
  0x0000022f263e1520: 8b10 4d8b 

  0x0000022f263e1524: ; ImmutableOopMap {r10=NarrowOop r8=NarrowOop r9=Oop [56]=Oop [64]=Oop [72]=Oop [80]=Oop [88]=Oop [96]=Oop [104]=Oop [112]=Oop [120]=Oop [132]=NarrowOop [136]=Oop [144]=Oop [152]=NarrowOop [160]=NarrowOop [176]=Oop [184]=Oop [192]=Oop }
                      ;*goto {reexecute=1 rethrow=0 return_oop=0}
                      ; - (reexecute) java.lang.ThreadLocal$ThreadLocalMap::set@79
                      ; - java.lang.ThreadLocal::set@13
                      ; - java.lang.ThreadLocal::set@5
                      ; - org.gradle.internal.logging.progress.DefaultProgressLoggerFactory$ProgressLoggerImpl::completed@22 (line 249)
                      ; - org.gradle.internal.operations.BuildOperationProgressEventListenerAdapter::stop@42 (line 77)
                      ; - org.gradle.internal.operations.DefaultBuildOperationRunner$BuildOperationTrackingListener::stop@9 (line 251)
                      ; - org.gradle.internal.operations.DefaultBuildOperationRunner$2::execute@62 (line 74)
                      ; - org.gradle.internal.operations.DefaultBuildOperationRunner$2::execute@8 (line 60)
                      ; - org.gradle.internal.operations.DefaultBuildOperationRunner::execute@141 (line 167)
                      ; - org.gradle.internal.operations.DefaultBuildOperationRunner::execute@17 (line 60)
                      ;   {poll}
  0x0000022f263e1524: 5f30 4185 | 0345 85d2 | 75a2 898c | 249c 0000 | 0049 8b87 | c801 0000 | 4d8b 97d8 | 0100 004c 
  0x0000022f263e1544: 8bd8 4983 | c320 4d3b | da0f 831d | 1a00 004d | 899f c801 | 0000 410f | 0d8b c000 | 0000 48c7 
  0x0000022f263e1564: 0001 0000 

  0x0000022f263e1568: ;   {metadata('java/lang/ThreadLocal$ThreadLocalMap$Entry')}
  0x0000022f263e1568: 00c7 4008 | c0e3 0c38 | 4489 600c | 4c89 6010 | 4c89 6018 | 4c8b 9424 | 9000 0000 | 4489 500c 
  0x0000022f263e1588: ;   {oop(a 'java/lang/ref/ReferenceQueue$Null'{0x00000000809150c0})}
  0x0000022f263e1588: 41bb c050 | 9180 4c8d | 4810 4589 | 19f0 8344 | 24c0 004c | 8d58 1c45 | 8903 448b | 9c24 9c00 
  0x0000022f263e15a8: 0000 443b | dd0f 8379 | 2d00 0044 | 8b9c 2498 | 0000 0041 | 8b5b 1445 | 8b5b 0c41 | ffc3 4489 
  0x0000022f263e15c8: 9c24 a400 | 0000 448b | 9424 9800 | 0000 4589 | 5a0c 8bac | 24a0 0000 | 0044 8b94 | 249c 0000 
  0x0000022f263e15e8: 004e 8d44 | 9510 4180 | 7f48 000f | 8573 4b00 | 004c 8bc8 | 4589 084d | 8bd8 4c33 | d849 c1eb 
  0x0000022f263e1608: 140f 841e | 0000 004d | 8bd8 49c1 | eb09 49b9 | 0000 882d | 2f02 0000 | 4d03 d941 | 803b 020f 
  0x0000022f263e1628: 85a3 4b00 | 0044 8b53 | 0c44 8994 | 24a0 0000 | 0048 8beb | 448b 9424 | a400 0000 | 4533 dbeb 
  0x0000022f263e1648: 210f 1f80 | 0000 0000 | 89bc 249c | 0000 004d | 8b47 3041 

  0x0000022f263e165c: ; ImmutableOopMap {rbx=NarrowOop rbp=Oop [56]=Oop [64]=Oop [72]=Oop [80]=Oop [88]=Oop [96]=Oop [104]=Oop [112]=Oop [120]=Oop [132]=NarrowOop [136]=Oop [144]=Oop [152]=NarrowOop [176]=Oop [184]=Oop [192]=Oop }
                      ;*ifne {reexecute=1 rethrow=0 return_oop=0}
                      ; - (reexecute) java.lang.ThreadLocal$ThreadLocalMap::cleanSomeSlots@56
                      ; - java.lang.ThreadLocal$ThreadLocalMap::set@113
                      ; - java.lang.ThreadLocal::set@13
                      ; - java.lang.ThreadLocal::set@5
                      ; - org.gradle.internal.logging.progress.DefaultProgressLoggerFactory$ProgressLoggerImpl::completed@22 (line 249)
                      ; - org.gradle.internal.operations.BuildOperationProgressEventListenerAdapter::stop@42 (line 77)
                      ; - org.gradle.internal.operations.DefaultBuildOperationRunner$BuildOperationTrackingListener::stop@9 (line 251)
                      ; - org.gradle.internal.operations.DefaultBuildOperationRunner$2::execute@62 (line 74)
                      ; - org.gradle.internal.operations.DefaultBuildOperationRunner$2::execute@8 (line 60)
                      ; - org.gradle.internal.operations.DefaultBuildOperationRunner::execute@141 (line 167)
                      ; - org.gradle.internal.operations.DefaultBuildOperationRunner::execute@17 (line 60)
                      ;   {poll}
  0x0000022f263e165c: d1ea 4185 | 0045 85d2 | 0f84 5100 | 0000 8bbc | 249c 0000 | 00ff c766 | 0f1f 8400 | 0000 0000 
  0x0000022f263e167c: 6666 6690 | 3bbc 24a0 | 0000 000f | 8d28 0f00 | 003b bc24 | a000 0000 | 0f83 a519 | 0000 448b 
  0x0000022f263e169c: 4cbb 1090 | 4585 c974 | ab45 8b49 | 0c45 85c9 | 0f84 d715 | 0000 89bc | 249c 0000 | 00eb 9c0f 
  0x0000022f263e16bc: 1f44 0000 | 4585 db75 | 2444 8b94 | 2498 0000 | 0045 8b5a | 1044 8b84 | 24a4 0000 | 000f 1f80 
  0x0000022f263e16dc: 0000 0000 | 453b c30f | 8d76 1500 | 004d 8b97 | d801 0000 | 4c8b 9c24 | 8800 0000 | 458b 431c 
  0x0000022f263e16fc: 4489 8424 | 9000 0000 | 498b 87c8 | 0100 004c | 8bd8 4983 | c320 4d3b | da0f 83fa | 1700 004d 
  0x0000022f263e171c: 899f c801 | 0000 410f | 0d8b c000 | 0000 48c7 | 0001 0000 

  0x0000022f263e1730: ;   {metadata('org/gradle/internal/logging/events/ProgressCompleteEvent')}
  0x0000022f263e1730: 00c7 4008 | f875 1d38 | 4489 600c | 4c89 6010 | 4c89 6018 | 4889 8424 | 9800 0000 | 4c8b 9424 
  0x0000022f263e1750: 8800 0000 | 458b 4220 

  0x0000022f263e1758: ; implicit exception: dispatches to 0x0000022f263e4f44
  0x0000022f263e1758: 458b 5008 | 4c8b 9c24 | 8800 0000 | 458b 5b14 | 4489 9c24 | 9400 0000 

  0x0000022f263e1770: ;   {metadata('org/gradle/internal/time/MonotonicClock')}
  0x0000022f263e1770: 4181 fa78 | 2b09 380f | 8563 2600 | 004d 8bd0 | 4c89 9424 | a000 0000 | 458b 520c 

  0x0000022f263e178c: ; implicit exception: dispatches to 0x0000022f263e4f70
  0x0000022f263e178c: 458b 4208 

  0x0000022f263e1790: ;   {metadata('org/gradle/internal/time/TimeSource$1')}
  0x0000022f263e1790: 4181 f830 | 3009 380f | 85db 2600 

  0x0000022f263e179c: ;   {runtime_call}
  0x0000022f263e179c: 0049 bae0 | 9223 ddfd | 7f00 0041 

  0x0000022f263e17a8: ;   {post_call_nop}
  0x0000022f263e17a8: ffd2 0f1f | 8400 0000 | 0000 4c8b | d04c 8b9c | 24a0 0000 | 0045 8b43 | 1c4d 8b40 | 1045 8b5b 
  0x0000022f263e17c8: 184d 8b5b | 104c 895c | 2420 492b 

  0x0000022f263e17d4: ;   {oop(a 'java/util/concurrent/TimeUnit'{0x0000000080d2a5d0})}
  0x0000022f263e17d4: c049 bbd0 | a5d2 8000 | 0000 0045 

  0x0000022f263e17e0: ;   {oop(a 'java/util/concurrent/TimeUnit'{0x0000000080d2a5d0})}
  0x0000022f263e17e0: 8b5b 4849 | b9d0 a5d2 | 8000 0000 | 004d 8b49 | 1849 63cb | 0f1f 8400 | 0000 0000 | 6666 6690 
  0x0000022f263e1800: 4981 f940 | 420f 000f | 8f6a 1000 | 0049 81f9 | 4042 0f00 | 7425 4585 | db0f 8455 | 2a00 0048 
  0x0000022f263e1820: ba00 0000 | 0000 0000 | 8048 3bc2 | 7508 33d2 | 4883 f9ff | 7405 4899 | 48f7 f948 | 8be8 4c8b 
  0x0000022f263e1840: 9c24 a000 | 0000 4d8b | 5b10 493b | eb0f 8d95 | 1100 004c | 8b94 24a0 | 0000 0045 | 8b52 2090 
  0x0000022f263e1860: ; implicit exception: dispatches to 0x0000022f263e5408
  0x0000022f263e1860: 498b 4210 | 4803 6c24 | 2048 3be8 | 0f8e 5300 | 0000 6666 | 0f1f 8400 | 0000 0000 | 6666 6690 
  0x0000022f263e1880: 4c8b 9424 | a000 0000 | 458b 5a20 | 4585 db0f | 847f 2e00 | 00f0 490f | b16b 1041 | 0f94 c345 
  0x0000022f263e18a0: 0fb6 db45 | 85db 7520 | 4d8b 5730 | 4c8b 9c24 | a000 0000 

  0x0000022f263e18b4: ; ImmutableOopMap {r11=NarrowOop [56]=Oop [64]=Oop [72]=Oop [80]=Oop [96]=Oop [104]=Oop [112]=Oop [120]=Oop [132]=NarrowOop [136]=Oop [144]=NarrowOop [148]=NarrowOop [152]=Oop [160]=Oop [176]=Oop [184]=Oop [192]=Oop }
                      ;*goto {reexecute=1 rethrow=0 return_oop=0}
                      ; - (reexecute) org.gradle.internal.time.MonotonicClock::advance@30 (line 117)
                      ; - org.gradle.internal.time.MonotonicClock::getCurrentTime@66 (line 86)
                      ; - org.gradle.internal.logging.progress.DefaultProgressLoggerFactory$ProgressLoggerImpl::completed@41 (line 250)
                      ; - org.gradle.internal.operations.BuildOperationProgressEventListenerAdapter::stop@42 (line 77)
                      ; - org.gradle.internal.operations.DefaultBuildOperationRunner$BuildOperationTrackingListener::stop@9 (line 251)
                      ; - org.gradle.internal.operations.DefaultBuildOperationRunner$2::execute@62 (line 74)
                      ; - org.gradle.internal.operations.DefaultBuildOperationRunner$2::execute@8 (line 60)
                      ; - org.gradle.internal.operations.DefaultBuildOperationRunner::execute@141 (line 167)
                      ; - org.gradle.internal.operations.DefaultBuildOperationRunner::execute@17 (line 60)
  0x0000022f263e18b4: 458b 5b20 

  0x0000022f263e18b8: ;   {poll}
  0x0000022f263e18b8: 4185 0249 | 8b43 1090 | 483b e87f | bb48 8be8 | 488b c544 | 8b94 2484 | 0000 0045 | 85d2 750e 
  0x0000022f263e18d8: ;   {oop(""{0x0000000080912de8})}
  0x0000022f263e18d8: 41ba e82d | 9180 4489 | 9424 8400 | 0000 4c8b | 9424 9800 | 0000 448b | 8424 8000 | 0000 4588 
  0x0000022f263e18f8: 420c 4989 | 4210 488b | 8c24 9800 | 0000 8b9c | 2484 0000 | 004c 8d59 | 1841 807f | 4800 0f85 
  0x0000022f263e1918: 0b49 0000 | 4189 1b44 | 8bc3 4d8b | cb4d 33c8 | 49c1 e914 | 0f84 1e00 | 0000 4d8b | cb49 c1e9 
  0x0000022f263e1938: 0949 b800 | 0088 2d2f | 0200 004d | 03c8 4180 | 3902 0f85 | 4549 0000 | 8b9c 2494 | 0000 004c 
  0x0000022f263e1958: 8d59 1c41 | 807f 4800 | 0f85 9a49 | 0000 4189 | 1b44 8bd3 | 4d8b c34d | 33c2 49c1 | e814 0f84 
  0x0000022f263e1978: 2800 0000 | 4983 fa00 | 0f84 1e00 | 0000 4d8b | c349 c1e8 | 0949 ba00 | 0088 2d2f | 0200 004d 
  0x0000022f263e1998: 03c2 4180 | 3802 0f85 | c049 0000 | 448b 9424 | 9000 0000 

  0x0000022f263e19ac: ; implicit exception: dispatches to 0x0000022f263e4ff4
  0x0000022f263e19ac: 458b 5208 

  0x0000022f263e19b0: ;   {metadata('org/gradle/internal/logging/services/ProgressLoggingBridge')}
  0x0000022f263e19b0: 4181 fae0 | 242b 380f | 857f 2500 | 0044 8b9c | 2490 0000 | 004d 8bd3 | 458b 520c 

  0x0000022f263e19cc: ; implicit exception: dispatches to 0x0000022f263e5020
  0x0000022f263e19cc: 458b 4208 

  0x0000022f263e19d0: ;   {metadata('org/gradle/internal/logging/sink/OutputEventListenerManager$1')}
  0x0000022f263e19d0: 4181 f8e8 | 4b12 380f | 85b3 2500 | 0049 8bea | 448b 550c 

  0x0000022f263e19e4: ; implicit exception: dispatches to 0x0000022f263e504c
  0x0000022f263e19e4: 458b 520c 

  0x0000022f263e19e8: ; implicit exception: dispatches to 0x0000022f263e5078
  0x0000022f263e19e8: 458b 4208 

  0x0000022f263e19ec: ;   {metadata('org/gradle/internal/logging/sink/OutputEventRenderer')}
  0x0000022f263e19ec: 4181 f878 | 4e09 380f | 85ef 2500 | 004d 8bda | 458b 5310 

  0x0000022f263e1a00: ; implicit exception: dispatches to 0x0000022f263e50a4
  0x0000022f263e1a00: 458b 520c 

  0x0000022f263e1a04: ; implicit exception: dispatches to 0x0000022f263e50d0
  0x0000022f263e1a04: 458b 4a08 

  0x0000022f263e1a08: ;   {metadata('org/gradle/api/logging/LogLevel')}
  0x0000022f263e1a08: 4181 f9b0 | 1d09 380f | 85b7 2f00 | 0045 8b42 | 0c41 ba02 | 0000 0045 | 2bd0 4585 | d20f 8c55 
  0x0000022f263e1a28: 2b00 0045 | 8b5b 2445 | 85db 0f84 | c021 0000 | 498b d34c | 8bc1 4c8b | 5424 784c | 8954 2420 
  0x0000022f263e1a48: 4c89 5424 

  0x0000022f263e1a4c: ;   {optimized virtual_call}
  0x0000022f263e1a4c: 5866 90e8 

  0x0000022f263e1a50: ; ImmutableOopMap {rbp=Oop [32]=Oop [56]=Oop [64]=Oop [72]=Oop [80]=Oop [88]=Oop [96]=Oop [104]=Oop [112]=Oop [120]=Oop [152]=Oop [176]=Oop [184]=Oop [192]=Oop }
                      ;*invokevirtual onOutput {reexecute=0 rethrow=0 return_oop=0}
                      ; - org.gradle.internal.logging.sink.OutputEventRenderer::onOutput@78 (line 487)
                      ; - org.gradle.internal.logging.sink.OutputEventListenerManager$1::onOutput@8 (line 36)
                      ; - org.gradle.internal.logging.services.ProgressLoggingBridge::completed@5 (line 34)
                      ; - org.gradle.internal.logging.progress.DefaultProgressLoggerFactory$ProgressLoggerImpl::completed@55 (line 250)
                      ; - org.gradle.internal.operations.BuildOperationProgressEventListenerAdapter::stop@42 (line 77)
                      ; - org.gradle.internal.operations.DefaultBuildOperationRunner$BuildOperationTrackingListener::stop@9 (line 251)
                      ; - org.gradle.internal.operations.DefaultBuildOperationRunner$2::execute@62 (line 74)
                      ; - org.gradle.internal.operations.DefaultBuildOperationRunner$2::execute@8 (line 60)
                      ; - org.gradle.internal.operations.DefaultBuildOperationRunner::execute@141 (line 167)
                      ; - org.gradle.internal.operations.DefaultBuildOperationRunner::execute@17 (line 60)
  0x0000022f263e1a50: 9b4e 0000 

  0x0000022f263e1a54: ;   {post_call_nop}
  0x0000022f263e1a54: 0f1f 8400 | cc10 0007 | 448b 550c 

  0x0000022f263e1a60: ; implicit exception: dispatches to 0x0000022f263e5124
  0x0000022f263e1a60: 458b 5210 | 4585 d274 | 1145 8b5a 

  0x0000022f263e1a6c: ;   {metadata('org/gradle/internal/operations/logging/LoggingBuildOperationProgressBroadcaster')}
  0x0000022f263e1a6c: 0841 81fb | f8b7 2a38 | 0f85 5a28 | 0000 4d8b | 97d8 0100 | 004c 8b44 | 2450 418b | 680c 498b 
  0x0000022f263e1a8c: 87c8 0100 | 004c 8bd8 | 4983 c328 | 0f1f 8400 | 0000 0000 | 4d3b da0f | 8390 1400 | 004d 899f 
  0x0000022f263e1aac: c801 0000 | 410f 0d8b | c000 0000 | 48c7 0001 

  0x0000022f263e1abc: ;   {metadata('org/gradle/internal/operations/OperationFinishEvent')}
  0x0000022f263e1abc: 0000 00c7 | 4008 d0dd | 5938 4489 | 600c 4c89 | 6010 4c89 | 6018 4c89 | 6020 458b | 4014 458b 
  0x0000022f263e1adc: 5008 4c8b | 4c24 604d 

  0x0000022f263e1ae4: ;   {metadata('org/gradle/internal/time/MonotonicClock')}
  0x0000022f263e1ae4: 8b59 1041 | 81fa 782b | 0938 0f85 | 4825 0000 | 498b d844 | 8b53 0c41 | 8b4a 0890 

  0x0000022f263e1b00: ;   {metadata('org/gradle/internal/time/TimeSource$1')}
  0x0000022f263e1b00: 81f9 3030 | 0938 0f85 | 8825 0000 | 4c89 5c24 | 5048 8944 

  0x0000022f263e1b14: ;   {runtime_call}
  0x0000022f263e1b14: 2420 49ba | e092 23dd | fd7f 0000 

  0x0000022f263e1b20: ;   {post_call_nop}
  0x0000022f263e1b20: 41ff d20f | 1f84 0000 | 0000 0048 | 8bc8 448b | 5b1c 4d8b | 4310 448b | 5318 4d8b | 5210 4c89 
  0x0000022f263e1b40: 5424 584c | 8bd3 492b 

  0x0000022f263e1b48: ;   {oop(a 'java/util/concurrent/TimeUnit'{0x0000000080d2a5d0})}
  0x0000022f263e1b48: c049 bbd0 | a5d2 8000 | 0000 0045 

  0x0000022f263e1b54: ;   {oop(a 'java/util/concurrent/TimeUnit'{0x0000000080d2a5d0})}
  0x0000022f263e1b54: 8b5b 4849 | b9d0 a5d2 | 8000 0000 | 004d 8b49 | 1849 63db | 4981 f940 | 420f 000f | 8f50 0d00 
  0x0000022f263e1b74: 0049 81f9 | 4042 0f00 | 7427 6690 | 4585 db0f | 841b 2700 | 0048 ba00 | 0000 0000 | 0000 8048 
  0x0000022f263e1b94: 3bc2 7508 | 33d2 4883 | fbff 7405 | 4899 48f7 | fb4c 8bc8 | 498b da4c | 8b53 104d | 3bca 0f8d 
  0x0000022f263e1bb4: 910e 0000 | 448b 5b20 | 0f1f 4000 

  0x0000022f263e1bc0: ; implicit exception: dispatches to 0x0000022f263e5434
  0x0000022f263e1bc0: 498b 4310 | 4c03 4c24 | 584c 3bc8 | 0f8e 3700 | 0000 448b | 5320 4585 | d20f 8461 | 2b00 00f0 
  0x0000022f263e1be0: 4d0f b14a | 1041 0f94 | c245 0fb6 | d245 85d2 | 751a 498b | 4f30 448b 

  0x0000022f263e1bf8: ; ImmutableOopMap {r11=NarrowOop rbx=Oop rbp=NarrowOop [32]=Oop [56]=Oop [64]=Oop [72]=Oop [96]=Oop [104]=Oop [112]=Oop [120]=Oop [176]=Oop [184]=Oop [192]=Oop }
                      ;*goto {reexecute=1 rethrow=0 return_oop=0}
                      ; - (reexecute) org.gradle.internal.time.MonotonicClock::advance@30 (line 117)
                      ; - org.gradle.internal.time.MonotonicClock::getCurrentTime@66 (line 86)
                      ; - org.gradle.internal.operations.BuildOperationProgressEventListenerAdapter::stop@64 (line 78)
                      ; - org.gradle.internal.operations.DefaultBuildOperationRunner$BuildOperationTrackingListener::stop@9 (line 251)
                      ; - org.gradle.internal.operations.DefaultBuildOperationRunner$2::execute@62 (line 74)
                      ; - org.gradle.internal.operations.DefaultBuildOperationRunner$2::execute@8 (line 60)
                      ; - org.gradle.internal.operations.DefaultBuildOperationRunner::execute@141 (line 167)
                      ; - org.gradle.internal.operations.DefaultBuildOperationRunner::execute@17 (line 60)
                      ;   {poll}
  0x0000022f263e1bf8: 5b20 8501 | 0f1f 4000 

  0x0000022f263e1c00: ; implicit exception: dispatches to 0x0000022f263e55d4
  0x0000022f263e1c00: 498b 4310 | 4c3b c87f | c94c 8bc8 | 498b c14c | 8b54 2420 | 4c8b 5c24 | 504d 895a | 1049 8942 
  0x0000022f263e1c20: 184c 8b5c | 2470 418b | 5318 458b | 4314 4d8d | 5a0c 4180 | 7f48 000f | 8588 4700 | 0045 8903 
  0x0000022f263e1c40: 418b c849 | 8bdb 4833 | d948 c1eb | 140f 8427 | 0000 0048 | 83f9 000f | 841d 0000 | 0049 8bdb 
  0x0000022f263e1c60: 48c1 eb09 | 48b9 0000 | 882d 2f02 | 0000 4803 | d980 3b02 | 0f85 ca47 | 0000 4d8d | 4220 4180 
  0x0000022f263e1c80: 7f48 000f | 852e 4800 | 0041 8910 | 448b da4d | 8bc8 4d33 | cb49 c1e9 | 140f 8428 | 0000 0049 
  0x0000022f263e1ca0: 83fb 000f | 841e 0000 | 004d 8bc8 | 49c1 e909 | 49bb 0000 | 882d 2f02 | 0000 4d03 | cb41 8039 
  0x0000022f263e1cc0: 020f 855e | 4800 0044 

  0x0000022f263e1cc8: ;   {metadata('org/gradle/internal/operations/DefaultBuildOperationListenerManager$1')}
  0x0000022f263e1cc8: 8b45 0841 | 81f8 10d8 | 2a38 0f85 | 1c24 0000 | 4c8b dd45 | 8b5b 0c90 

  0x0000022f263e1ce0: ; implicit exception: dispatches to 0x0000022f263e5230
  0x0000022f263e1ce0: 458b 430c 

  0x0000022f263e1ce4: ; implicit exception: dispatches to 0x0000022f263e525c
  0x0000022f263e1ce4: 458b 580c 

  0x0000022f263e1ce8: ; implicit exception: dispatches to 0x0000022f263e5288
  0x0000022f263e1ce8: 458b 4308 

  0x0000022f263e1cec: ;   {metadata('com/google/common/collect/RegularImmutableList')}
  0x0000022f263e1cec: 4181 f8e0 | 1813 380f | 852f 2d00 | 004d 8bcb | 458b 590c 

  0x0000022f263e1d00: ; implicit exception: dispatches to 0x0000022f263e52cc
  0x0000022f263e1d00: 418b 4b0c | ffc9 85c9 | 0f8d dd03 

  0x0000022f263e1d0c: ;   {oop(a 'org/gradle/internal/logging/slf4j/OutputEventListenerBackedLogger'{0x0000000080ac50e0})}
  0x0000022f263e1d0c: 0000 49ba | e050 ac80 | 0000 0000 | 458b 5a10 | 0f1f 4000 

  0x0000022f263e1d20: ; implicit exception: dispatches to 0x0000022f263e52f8
  0x0000022f263e1d20: 458b 5310 

  0x0000022f263e1d24: ; implicit exception: dispatches to 0x0000022f263e5320
  0x0000022f263e1d24: 458b 5a0c | 4c8b 5424 | 7841 8b6a | 1845 8b43 | 0866 6666 | 0f1f 8400 | 0000 0000 

  0x0000022f263e1d40: ;   {metadata('org/gradle/api/logging/LogLevel')}
  0x0000022f263e1d40: 4181 f8b0 | 1d09 380f | 8527 2d00 | 004d 8bd3 | 458b 520c | 41f7 da66 | 0f1f 8400 | 0000 0000 
  0x0000022f263e1d60: 4585 d20f | 8d24 0900 | 004c 8b44 | 2468 4d85 | c074 1645 | 8b50 1845 | 8b5a 0c0f | 1f44 0000 
  0x0000022f263e1d80: 4585 db0f | 8483 2800 | 004c 8b54 | 2440 4d85 | d20f 8571 | 0b00 004c | 8b54 2438 | 458b 4a10 
  0x0000022f263e1da0: ; implicit exception: dispatches to 0x0000022f263e5460
  0x0000022f263e1da0: 458b 5908 

  0x0000022f263e1da4: ;   {metadata('org/gradle/internal/operations/BuildOperationProgressEventListenerAdapter')}
  0x0000022f263e1da4: 4181 fb10 | ae40 380f | 852b 2400 | 0045 8b5a | 1445 8b42 | 0c45 8b48 | 0c66 6690 | 4585 db0f 
  0x0000022f263e1dc4: 8448 0a00 | 0045 8b41 

  0x0000022f263e1dcc: ;   {metadata('java/lang/ThreadLocal')}
  0x0000022f263e1dcc: 0841 81f8 | 6813 0438 | 0f85 3224 | 0000 4c8b | 5424 4841 | 8b4a 4849 | 8bd9 85c9 | 0f84 470e 
  0x0000022f263e1dec: 0000 448b | 4114 418b | 680c 448b | 4b0c 8bfd | ffcf 4423 | cf85 ed0f | 8627 2400 | 0043 8b7c 
  0x0000022f263e1e0c: 8810 488b | d149 8bf0 | 85ff 0f85 | 0001 0000 | 498b 87c8 | 0100 004d | 8b97 d801 | 0000 488b 
  0x0000022f263e1e2c: f848 83c7 | 2049 3bfa | 0f83 6b11 | 0000 4989 | bfc8 0100 | 000f 0d8f | c000 0000 | 48c7 0001 
  0x0000022f263e1e4c: ;   {metadata('java/lang/ThreadLocal$ThreadLocalMap$Entry')}
  0x0000022f263e1e4c: 0000 00c7 | 4008 c0e3 | 0c38 4489 | 600c 4c89 | 6010 4c89 | 6018 894c | 2438 4889 | 5c24 3044 
  0x0000022f263e1e6c: 8944 2440 | 4489 4c24 | 3c48 8954 | 2428 4c8b | 5424 3044 

  0x0000022f263e1e80: ;   {oop(a 'java/lang/ref/ReferenceQueue$Null'{0x00000000809150c0})}
  0x0000022f263e1e80: 8950 0c41 | bac0 5091 | 8048 8d48 | 1044 8911 | f083 4424 | c000 4c8d | 501c 4589 | 1a44 8b54 
  0x0000022f263e1ea0: 243c 443b | d50f 83a5 | 2700 0044 | 8b4c 2438 | 418b 4914 | 458b 590c | 41ff c345 | 8959 0c8b 
  0x0000022f263e1ec0: 6c24 408b | 5c24 3c4c | 8d44 9d10 | 4180 7f48 | 000f 85af | 4600 0048 | 8bf8 4189 | 384d 8bd0 
  0x0000022f263e1ee0: 4c33 d049 | c1ea 140f | 841e 0000 | 004d 8bd0 | 49c1 ea09 | 48bf 0000 | 882d 2f02 | 0000 4c03 
  0x0000022f263e1f00: d741 803a | 020f 85fd | 4600 008b | 790c 488b | e945 8bd3 | 4533 c0e9 | 3806 0000 | 448b 570c 
  0x0000022f263e1f20: 4c3b d30f | 85a0 0800 | 004c 8d47 | 1c41 807f | 4800 0f85 | 4547 0000 | 4589 1845 | 8bcb 4d8b 
  0x0000022f263e1f40: d04d 33d1 | 49c1 ea14 | 0f84 1e00 | 0000 4d8b | d049 c1ea | 0949 b900 | 0088 2d2f | 0200 004d 
  0x0000022f263e1f60: 03d1 4180 | 3a02 0f85 | 7547 0000 | 4c8b 5424 | 6045 8b52 | 1845 85d2 | 0f84 a61c | 0000 4589 
  0x0000022f263e1f80: ;   {other}
  0x0000022f263e1f80: 620c f083 | 4424 c000 

  0x0000022f263e1f88: ;   {oop(a 'org/gradle/internal/logging/slf4j/OutputEventListenerBackedLogger'{0x0000000080ac50e0})}
  0x0000022f263e1f88: 49ba e050 | ac80 0000 | 0000 458b | 5a10 458b | 5310 458b | 520c 4c8b | 5c24 7841 | 8b6b 1845 
  0x0000022f263e1fa8: ;   {metadata('org/gradle/api/logging/LogLevel')}
  0x0000022f263e1fa8: 8b42 0841 | 81f8 b01d | 0938 0f85 | 502b 0000 | 458b 520c | 41f7 da90 | 4585 d20f | 8d5c 0700 
  0x0000022f263e1fc8: 0048 81c4 | 0001 0000 

  0x0000022f263e1fd0: ;   {poll_return}
  0x0000022f263e1fd0: 5d49 3b67 | 280f 87e5 | 4800 00c3 | 0f1f 4000 | 3bca 0f83 | 0015 0000 | 4d89 64ca | 103b d80f 
  0x0000022f263e1ff0: 8fd7 1900 | 004c 8b5c | 2420 488d | 8424 f000 | 0000 418b | 87e0 0600 | 004d 8b13 | 4d3b 5c07 
  0x0000022f263e2010: f80f 852e | 0000 0041 | 83af e006 | 0000 084d | 3b5c 07f0 | 0f84 5f00 | 0000 498b | c248 83e0 
  0x0000022f263e2030: fc49 83ca | 01f0 4d0f | b113 0f85 | 7348 0000 | e944 0000 | 0049 83ba | 8600 0000 | 0075 3349 
  0x0000022f263e2050: c742 3e00 | 0000 00f0 | 8344 24c0 | 0049 83ba | 8e00 0000 | 0074 2249 | 83ba 9e00 | 0000 0075 
  0x0000022f263e2070: 1849 83e2 | fd4d 8997 | e805 0000 | 4183 ca01 | eb0a 49ff | 8a86 0000 | 0045 33d2 | 0f85 6e13 
  0x0000022f263e2090: 0000 4c8b | 9424 9000 | 0000 458b | 520c 498b | d24c 8b44 | 2478 4c8b | 8c24 8000 | 0000 6666 
  0x0000022f263e20b0: 9048 b850 | 3414 472f 

  0x0000022f263e20b8: ;   {virtual_call}
  0x0000022f263e20b8: 0200 00e8 

  0x0000022f263e20bc: ; ImmutableOopMap {[56]=Oop [64]=Oop [72]=Oop [96]=Oop [104]=Oop [112]=Oop [120]=Oop [128]=Oop [176]=Oop [184]=Oop [192]=Oop }
                      ;*invokeinterface finished {reexecute=0 rethrow=0 return_oop=0}
                      ; - org.gradle.internal.operations.DefaultBuildOperationListenerManager$ProgressShieldingBuildOperationListener::finished@29 (line 125)
                      ; - org.gradle.internal.operations.DefaultBuildOperationListenerManager$1::finished@36 (line 55)
                      ; - org.gradle.internal.operations.BuildOperationProgressEventListenerAdapter::stop@86 (line 78)
                      ; - org.gradle.internal.operations.DefaultBuildOperationRunner$BuildOperationTrackingListener::stop@9 (line 251)
                      ; - org.gradle.internal.operations.DefaultBuildOperationRunner$2::execute@62 (line 74)
                      ; - org.gradle.internal.operations.DefaultBuildOperationRunner$2::execute@8 (line 60)
                      ; - org.gradle.internal.operations.DefaultBuildOperationRunner::execute@141 (line 167)
                      ; - org.gradle.internal.operations.DefaultBuildOperationRunner::execute@17 (line 60)
  0x0000022f263e20bc: 70e8 adff 

  0x0000022f263e20c0: ;   {post_call_nop}
  0x0000022f263e20c0: 0f1f 8400 | 3817 0009 | 8b8c 2488 | 0000 00ff | c983 f9ff | 0f8e 34fc | ffff 4c8b | 4c24 7045 
  0x0000022f263e20e0: 8b59 0c4c | 8b94 2480 | 0000 0041 | 8b5b 0c3b | cb0f 8370 | 1000 0045 | 8b44 8b10 | 0f1f 4000 
  0x0000022f263e2100: ; implicit exception: dispatches to 0x0000022f263e4bf0
  0x0000022f263e2100: 418b 5808 

  0x0000022f263e2104: ;   {metadata('org/gradle/internal/operations/DefaultBuildOperationListenerManager$ProgressShieldingBuildOperationListener')}
  0x0000022f263e2104: 81fb 9838 | 3d38 0f85 | a429 0000 | 488b 5c24 | 7844 8b5b | 1049 8b7b | 1041 8b70 | 1044 8b5e 
  0x0000022f263e2124: ;   {metadata('it/unimi/dsi/fastutil/longs/LongSets$SynchronizedSet')}
  0x0000022f263e2124: 0841 81fb | 2024 3e38 | 0f85 a211 | 0000 488b | ee44 8b5d | 100f 1f80 | 0000 0000 | 4585 db0f 
  0x0000022f263e2144: 8473 1000 | 0048 89bc | 2498 0000 | 004c 8984 | 2490 0000 | 0089 8c24 | 8800 0000 | 4c89 4c24 
  0x0000022f263e2164: 704c 8994 | 2480 0000 | 004d 8bd3 | 4c89 5424 | 2044 899c | 24a0 0000 | 004c 8b5c | 2420 488d 
  0x0000022f263e2184: 9c24 f000 | 0000 4d8b | 1341 8b9f | e006 0000 | 41f6 c202 | 0f85 3700 | 0000 81fb | 2f07 0000 
  0x0000022f263e21a4: 0f8f 4b00 | 0000 4d3b | 5c1f f874 | 1649 8bc2 | 4883 c801 | 4983 e2fe | f04d 0fb1 | 130f 852e 
  0x0000022f263e21c4: 0000 004d | 891c 1f41 | 8387 e006 | 0000 08eb | 1e48 33c0 | 498b 9fc8 | 0400 00f0 | 490f b15a 
  0x0000022f263e21e4: 3e74 0c48 | 3bd8 7509 | 49ff 8286 | 0000 0033 | c00f 8549 | 1100 0044 | 8b45 0c90 

  0x0000022f263e2200: ; implicit exception: dispatches to 0x0000022f263e4c6c
  0x0000022f263e2200: 458b 5808 

  0x0000022f263e2204: ;   {metadata('it/unimi/dsi/fastutil/longs/LongOpenHashSet')}
  0x0000022f263e2204: 4181 fb30 | cd3d 380f | 8554 1100 | 004d 8bd8 | 4c8b 9424 | 9800 0000 | 0f1f 4000 | 4d85 d20f 
  0x0000022f263e2224: 8453 1400 | 00c4 c1f9 | 6ec2 458b | 430c 4d8b | ca49 ba15 | 7c4a 7fb9 | 7937 9e4d | 0faf ca45 
  0x0000022f263e2244: 8b53 2849 | 8bc9 48c1 | e920 4933 | c94c 8bc9 | 49c1 e910 | 4c33 c941 | 8bc9 4123 | c841 8b52 
  0x0000022f263e2264: 0c3b ca0f | 83a7 0f00 | 0049 8b7c | ca10 4885 | ff0f 847a | fdff ff44 | 8bc9 41ff | c145 23c8 
  0x0000022f263e2284: 498b f241 | 8b6b 1cff | cd41 8b5b | 1041 8b43 | 18c4 c1f9 | 7ec5 660f | 1f44 0000 | 4c3b ef0f 
  0x0000022f263e22a4: 84b9 0100 | 0044 3bca | 0f83 1615 | 0000 4f8b | 6cca 1066 | 0f1f 8400 | 0000 0000 | 4d85 ed0f 
  0x0000022f263e22c4: 842c fdff | ff41 8bc9 | ffc1 4123 | c8c4 e1f9 | 7ec7 493b | fdbf ffff | ffff 7c08 | 400f 95c7 
  0x0000022f263e22e4: 400f b6ff 

  0x0000022f263e22e8: ; ImmutableOopMap {r10=NarrowOop r11=Oop rsi=Oop [32]=Oop [56]=Oop [64]=Oop [72]=Oop [96]=Oop [104]=Oop [112]=Oop [120]=Oop [128]=Oop [144]=Oop [160]=NarrowOop [176]=Oop [184]=Oop [192]=Oop }
                      ;*ifne {reexecute=1 rethrow=0 return_oop=0}
                      ; - (reexecute) it.unimi.dsi.fastutil.longs.LongOpenHashSet::remove@91 (line 495)
                      ; - it.unimi.dsi.fastutil.longs.AbstractLongSet::rem@2 (line 83)
                      ; - it.unimi.dsi.fastutil.longs.LongSets$SynchronizedSet::remove@12 (line 219)
                      ; - org.gradle.internal.operations.DefaultBuildOperationListenerManager$ProgressShieldingBuildOperationListener::finished@17 (line 123)
                      ; - org.gradle.internal.operations.DefaultBuildOperationListenerManager$1::finished@36 (line 55)
                      ; - org.gradle.internal.operations.BuildOperationProgressEventListenerAdapter::stop@86 (line 78)
                      ; - org.gradle.internal.operations.DefaultBuildOperationRunner$BuildOperationTrackingListener::stop@9 (line 251)
                      ; - org.gradle.internal.operations.DefaultBuildOperationRunner$2::execute@62 (line 74)
                      ; - org.gradle.internal.operations.DefaultBuildOperationRunner$2::execute@8 (line 60)
                      ; - org.gradle.internal.operations.DefaultBuildOperationRunner::execute@141 (line 167)
                      ; - org.gradle.internal.operations.DefaultBuildOperationRunner::execute@17 (line 60)
  0x0000022f263e22e8: 4d8b 7730 

  0x0000022f263e22ec: ;   {poll}
  0x0000022f263e22ec: 4185 06c4 | e1f9 7ec7 | 493b fd74 | 220f 1f80 | 0000 0000 | 3bca 0f83 | 5c17 0000 | 4d8b 6cca 
  0x0000022f263e230c: 104d 85ed | 0f84 dffc | ffff 448b | c9eb ae41 | 896b 1c90 | 3bca 0f83 | e013 0000 | 498b 6cca 
  0x0000022f263e232c: 1048 85ed | 0f85 ba00 | 0000 443b | ca0f 8349 | 1500 004f | 8964 ca10 | 3bd8 0f8e | a9fc ffff 
  0x0000022f263e234c: ba45 ffff | ff48 8b6c | 2478 4c8b | 5424 604c | 8954 2420 | 4c8b 5424 | 384c 8954 | 2428 4c8b 
  0x0000022f263e236c: 5424 404c | 8954 2430 | 4c8b 5424 | 684c 8954 | 2440 4c8b | 9424 8000 | 0000 4c89 | 5424 504c 
  0x0000022f263e238c: 8b54 2470 | 4c89 5424 | 5844 8b84 | 2488 0000 | 0044 8944 | 2460 4c8b | 9424 9000 | 0000 4c89 
  0x0000022f263e23ac: 5424 6844 | 8b94 24a0 | 0000 0044 | 8994 2480 | 0000 004c | 899c 2488 | 0000 0089 | 9c24 8400 
  0x0000022f263e23cc: 0000 8984 | 2490 0000 

  0x0000022f263e23d4: ;   {runtime_call UncommonTrapBlob}
  0x0000022f263e23d4: 0066 90e8 

  0x0000022f263e23d8: ; ImmutableOopMap {rbp=Oop [32]=Oop [40]=Oop [48]=Oop [64]=Oop [80]=Oop [88]=Oop [104]=Oop [128]=NarrowOop [136]=Oop [176]=Oop [184]=Oop [192]=Oop }
                      ;*if_icmple {reexecute=1 rethrow=0 return_oop=0}
                      ; - (reexecute) it.unimi.dsi.fastutil.longs.LongOpenHashSet::removeEntry@23 (line 464)
                      ; - it.unimi.dsi.fastutil.longs.LongOpenHashSet::remove@97 (line 496)
                      ; - it.unimi.dsi.fastutil.longs.AbstractLongSet::rem@2 (line 83)
                      ; - it.unimi.dsi.fastutil.longs.LongSets$SynchronizedSet::remove@12 (line 219)
                      ; - org.gradle.internal.operations.DefaultBuildOperationListenerManager$ProgressShieldingBuildOperationListener::finished@17 (line 123)
                      ; - org.gradle.internal.operations.DefaultBuildOperationListenerManager$1::finished@36 (line 55)
                      ; - org.gradle.internal.operations.BuildOperationProgressEventListenerAdapter::stop@86 (line 78)
                      ; - org.gradle.internal.operations.DefaultBuildOperationRunner$BuildOperationTrackingListener::stop@9 (line 251)
                      ; - org.gradle.internal.operations.DefaultBuildOperationRunner$2::execute@62 (line 74)
                      ; - org.gradle.internal.operations.DefaultBuildOperationRunner$2::execute@8 (line 60)
                      ; - org.gradle.internal.operations.DefaultBuildOperationRunner::execute@141 (line 167)
                      ; - org.gradle.internal.operations.DefaultBuildOperationRunner::execute@17 (line 60)
  0x0000022f263e23d8: 0461 adff 

  0x0000022f263e23dc: ;   {post_call_nop}
  0x0000022f263e23dc: 0f1f 8400 | 541a 000b | 0f1f 8400 | 0000 0000 | 6666 6690 | 4c8b ed48 | bf15 7c4a | 7fb9 7937 
  0x0000022f263e23fc: 9e4c 0faf | ef8b f9ff | c741 23f8 | 4d8b f549 | c1ee 204d | 33f5 4d8b | ee49 c1ed | 104d 33ee 
  0x0000022f263e241c: 458b ed45 | 23e8 443b | c90f 8f1a | 0200 0045 | 3bcd 0f8d | 2302 0000 | 443b e90f | 8f1a 0200 
  0x0000022f263e243c: 0049 8b4f 

  0x0000022f263e2440: ; ImmutableOopMap {r10=NarrowOop r11=Oop rsi=Oop [32]=Oop [56]=Oop [64]=Oop [72]=Oop [96]=Oop [104]=Oop [112]=Oop [120]=Oop [128]=Oop [144]=Oop [160]=NarrowOop [176]=Oop [184]=Oop [192]=Oop }
                      ;*goto {reexecute=1 rethrow=0 return_oop=0}
                      ; - (reexecute) it.unimi.dsi.fastutil.longs.LongOpenHashSet::shiftKeys@87 (line 456)
                      ; - it.unimi.dsi.fastutil.longs.LongOpenHashSet::removeEntry@12 (line 463)
                      ; - it.unimi.dsi.fastutil.longs.LongOpenHashSet::remove@97 (line 496)
                      ; - it.unimi.dsi.fastutil.longs.AbstractLongSet::rem@2 (line 83)
                      ; - it.unimi.dsi.fastutil.longs.LongSets$SynchronizedSet::remove@12 (line 219)
                      ; - org.gradle.internal.operations.DefaultBuildOperationListenerManager$ProgressShieldingBuildOperationListener::finished@17 (line 123)
                      ; - org.gradle.internal.operations.DefaultBuildOperationListenerManager$1::finished@36 (line 55)
                      ; - org.gradle.internal.operations.BuildOperationProgressEventListenerAdapter::stop@86 (line 78)
                      ; - org.gradle.internal.operations.DefaultBuildOperationRunner$BuildOperationTrackingListener::stop@9 (line 251)
                      ; - org.gradle.internal.operations.DefaultBuildOperationRunner$2::execute@62 (line 74)
                      ; - org.gradle.internal.operations.DefaultBuildOperationRunner$2::execute@8 (line 60)
                      ; - org.gradle.internal.operations.DefaultBuildOperationRunner::execute@141 (line 167)
                      ; - org.gradle.internal.operations.DefaultBuildOperationRunner::execute@17 (line 60)
                      ;   {poll}
  0x0000022f263e2440: 3085 013b | fa0f 83d9 | 1600 0049 | 8b6c fa10 | 4885 ed0f | 84dd feff | ff8b cf0f | 1f44 0000 
  0x0000022f263e2460: eb8e 4189 | 6b1c 443b | ca0f 83bc | 0f00 004b | 8b6c ca10 | 4885 ed0f | 845f fbff | ff66 6690 
  0x0000022f263e2480: 4c8b ed48 | bf15 7c4a | 7fb9 7937 | 9e4c 0faf | ef41 8bf9 | ffc7 4123 | f84d 8bf5 | 49c1 ee20 
  0x0000022f263e24a0: 4d33 f54d | 8bee 49c1 | ed10 4d33 | ee45 8bed | 4523 e841 | 3bc9 0f8f | 0001 0000 | 0f1f 4000 
  0x0000022f263e24c0: 413b cd0f | 8d09 0100 | 0045 3be9 | 0f8f 0001 | 0000 4d8b 

  0x0000022f263e24d4: ; ImmutableOopMap {r10=NarrowOop r11=Oop rsi=Oop [32]=Oop [56]=Oop [64]=Oop [72]=Oop [96]=Oop [104]=Oop [112]=Oop [120]=Oop [128]=Oop [144]=Oop [160]=NarrowOop [176]=Oop [184]=Oop [192]=Oop }
                      ;*goto {reexecute=1 rethrow=0 return_oop=0}
                      ; - (reexecute) it.unimi.dsi.fastutil.longs.LongOpenHashSet::shiftKeys@87 (line 456)
                      ; - it.unimi.dsi.fastutil.longs.LongOpenHashSet::removeEntry@12 (line 463)
                      ; - it.unimi.dsi.fastutil.longs.LongOpenHashSet::remove@60 (line 491)
                      ; - it.unimi.dsi.fastutil.longs.AbstractLongSet::rem@2 (line 83)
                      ; - it.unimi.dsi.fastutil.longs.LongSets$SynchronizedSet::remove@12 (line 219)
                      ; - org.gradle.internal.operations.DefaultBuildOperationListenerManager$ProgressShieldingBuildOperationListener::finished@17 (line 123)
                      ; - org.gradle.internal.operations.DefaultBuildOperationListenerManager$1::finished@36 (line 55)
                      ; - org.gradle.internal.operations.BuildOperationProgressEventListenerAdapter::stop@86 (line 78)
                      ; - org.gradle.internal.operations.DefaultBuildOperationRunner$BuildOperationTrackingListener::stop@9 (line 251)
                      ; - org.gradle.internal.operations.DefaultBuildOperationRunner$2::execute@62 (line 74)
                      ; - org.gradle.internal.operations.DefaultBuildOperationRunner$2::execute@8 (line 60)
                      ; - org.gradle.internal.operations.DefaultBuildOperationRunner::execute@141 (line 167)
                      ; - org.gradle.internal.operations.DefaultBuildOperationRunner::execute@17 (line 60)
                      ;   {poll}
  0x0000022f263e24d4: 4f30 4185 | 010f 1f80 | 0000 0000 | 3bfa 0f83 | 9810 0000 | 498b 6cfa | 1048 85ed | 0f84 e6fa 
  0x0000022f263e24f4: ffff 448b | cfeb 8589 | 4c24 6889 | 7c24 3844 | 895c 2424 | 4489 4c24 | 2048 8b54 | 2428 448b 
  0x0000022f263e2514: ;   {optimized virtual_call}
  0x0000022f263e2514: c366 90e8 

  0x0000022f263e2518: ; ImmutableOopMap {rbp=Oop [32]=NarrowOop [40]=Oop [48]=Oop [96]=Oop [104]=NarrowOop [120]=Oop [184]=Oop }
                      ;*invokevirtual expungeStaleEntry {reexecute=0 rethrow=0 return_oop=0}
                      ; - java.lang.ThreadLocal$ThreadLocalMap::cleanSomeSlots@47
                      ; - java.lang.ThreadLocal$ThreadLocalMap::set@113
                      ; - java.lang.ThreadLocal::set@13
                      ; - java.lang.ThreadLocal::set@5
                      ; - org.gradle.internal.operations.CurrentBuildOperationRef::set@16 (line 55)
                      ; - org.gradle.internal.operations.DefaultBuildOperationRunner$BuildOperationTrackingListener::close@19 (line 259)
                      ; - org.gradle.internal.operations.DefaultBuildOperationRunner$2::execute@88 (line 80)
                      ; - org.gradle.internal.operations.DefaultBuildOperationRunner$2::execute@8 (line 60)
                      ; - org.gradle.internal.operations.DefaultBuildOperationRunner::execute@141 (line 167)
                      ; - org.gradle.internal.operations.DefaultBuildOperationRunner::execute@17 (line 60)
  0x0000022f263e2518: c4c8 a0ff 

  0x0000022f263e251c: ;   {post_call_nop}
  0x0000022f263e251c: 0f1f 8400 | 941b 000e | 448b 5424 | 3841 b801 | 0000 0044 | 8b4c 2420 | 8bd8 448b | 5c24 2441 
  0x0000022f263e253c: 8bfa 8b4c | 2468 498b | 5730 41d1 

  0x0000022f263e2548: ; ImmutableOopMap {r9=NarrowOop rcx=NarrowOop rbp=Oop [40]=Oop [48]=Oop [96]=Oop [120]=Oop [184]=Oop }
                      ;*ifne {reexecute=1 rethrow=0 return_oop=0}
                      ; - (reexecute) java.lang.ThreadLocal$ThreadLocalMap::cleanSomeSlots@56
                      ; - java.lang.ThreadLocal$ThreadLocalMap::set@113
                      ; - java.lang.ThreadLocal::set@13
                      ; - java.lang.ThreadLocal::set@5
                      ; - org.gradle.internal.operations.CurrentBuildOperationRef::set@16 (line 55)
                      ; - org.gradle.internal.operations.DefaultBuildOperationRunner$BuildOperationTrackingListener::close@19 (line 259)
                      ; - org.gradle.internal.operations.DefaultBuildOperationRunner$2::execute@88 (line 80)
                      ; - org.gradle.internal.operations.DefaultBuildOperationRunner$2::execute@8 (line 60)
                      ; - org.gradle.internal.operations.DefaultBuildOperationRunner::execute@141 (line 167)
                      ; - org.gradle.internal.operations.DefaultBuildOperationRunner::execute@17 (line 60)
                      ;   {poll}
  0x0000022f263e2548: ea85 0245 | 85d2 0f84 | 2500 0000 | ffc3 3bdf | 0f8d 2101 | 0000 6690 | 3bdf 0f83 | d810 0000 
  0x0000022f263e2568: 8b54 9910 | 85d2 74d2 | 8b52 0c85 | d274 84eb | c90f 1f80 | 0000 0000 | 4585 c00f | 85e3 f9ff 
  0x0000022f263e2588: ff45 8b51 | 1045 3bda | 0f8c d6f9 | ffff 488b | 6c24 3048 | 8b54 2428 

  0x0000022f263e25a0: ;   {optimized virtual_call}
  0x0000022f263e25a0: 6666 90e8 

  0x0000022f263e25a4: ; ImmutableOopMap {rbp=Oop [96]=Oop [120]=Oop [184]=Oop }
                      ;*invokevirtual rehash {reexecute=0 rethrow=0 return_oop=0}
                      ; - java.lang.ThreadLocal$ThreadLocalMap::set@129
                      ; - java.lang.ThreadLocal::set@13
                      ; - java.lang.ThreadLocal::set@5
                      ; - org.gradle.internal.operations.CurrentBuildOperationRef::set@16 (line 55)
                      ; - org.gradle.internal.operations.DefaultBuildOperationRunner$BuildOperationTrackingListener::close@19 (line 259)
                      ; - org.gradle.internal.operations.DefaultBuildOperationRunner$2::execute@88 (line 80)
                      ; - org.gradle.internal.operations.DefaultBuildOperationRunner$2::execute@8 (line 60)
                      ; - org.gradle.internal.operations.DefaultBuildOperationRunner::execute@141 (line 167)
                      ; - org.gradle.internal.operations.DefaultBuildOperationRunner::execute@17 (line 60)
  0x0000022f263e25a4: 38c8 a0ff 

  0x0000022f263e25a8: ;   {post_call_nop}
  0x0000022f263e25a8: 0f1f 8400 | 201c 0010 | e9b7 f9ff | ff33 ffe9 | d1f0 ffff | 0f1f 4000 | 413b cd0f | 8c09 ffff 
  0x0000022f263e25c8: ff45 3be9 | 0f8e 00ff | ffff 3bca | 0f83 9620 | 0000 4989 | 6cca 1049 

  0x0000022f263e25e0: ; ImmutableOopMap {r10=NarrowOop r11=Oop rsi=Oop [32]=Oop [56]=Oop [64]=Oop [72]=Oop [96]=Oop [104]=Oop [112]=Oop [120]=Oop [128]=Oop [144]=Oop [160]=NarrowOop [176]=Oop [184]=Oop [192]=Oop }
                      ;*goto {reexecute=1 rethrow=0 return_oop=0}
                      ; - (reexecute) it.unimi.dsi.fastutil.longs.LongOpenHashSet::shiftKeys@96 (line 458)
                      ; - it.unimi.dsi.fastutil.longs.LongOpenHashSet::removeEntry@12 (line 463)
                      ; - it.unimi.dsi.fastutil.longs.LongOpenHashSet::remove@60 (line 491)
                      ; - it.unimi.dsi.fastutil.longs.AbstractLongSet::rem@2 (line 83)
                      ; - it.unimi.dsi.fastutil.longs.LongSets$SynchronizedSet::remove@12 (line 219)
                      ; - org.gradle.internal.operations.DefaultBuildOperationListenerManager$ProgressShieldingBuildOperationListener::finished@17 (line 123)
                      ; - org.gradle.internal.operations.DefaultBuildOperationListenerManager$1::finished@36 (line 55)
                      ; - org.gradle.internal.operations.BuildOperationProgressEventListenerAdapter::stop@86 (line 78)
                      ; - org.gradle.internal.operations.DefaultBuildOperationRunner$BuildOperationTrackingListener::stop@9 (line 251)
                      ; - org.gradle.internal.operations.DefaultBuildOperationRunner$2::execute@62 (line 74)
                      ; - org.gradle.internal.operations.DefaultBuildOperationRunner$2::execute@8 (line 60)
                      ; - org.gradle.internal.operations.DefaultBuildOperationRunner::execute@141 (line 167)
                      ; - org.gradle.internal.operations.DefaultBuildOperationRunner::execute@17 (line 60)
                      ;   {poll}
  0x0000022f263e25e0: 8b4f 3085 | 0141 8bc9 | 448b cfe9 | 76fe ffff | 4d8d 531c | 4180 7f48 | 000f 8539 | 4100 0045 
  0x0000022f263e2600: 8902 458b | c849 8bca | 4933 c948 | c1e9 140f | 8427 0000 | 0049 83f9 | 000f 841d | 0000 0049 
  0x0000022f263e2620: 8bca 48c1 | e909 49b9 | 0000 882d | 2f02 0000 | 4903 c980 | 3902 0f85 | 6041 0000 | 0f1f 4000 
  0x0000022f263e2640: e9a4 f0ff | ff45 3bcd | 0f8c effd | ffff 443b | e90f 8ee6 | fdff ff66 | 0f1f 8400 | 0000 0000 
  0x0000022f263e2660: 443b ca0f | 830f 2100 | 004b 896c | ca10 4d8b 

  0x0000022f263e2670: ; ImmutableOopMap {r10=NarrowOop r11=Oop rsi=Oop [32]=Oop [56]=Oop [64]=Oop [72]=Oop [96]=Oop [104]=Oop [112]=Oop [120]=Oop [128]=Oop [144]=Oop [160]=NarrowOop [176]=Oop [184]=Oop [192]=Oop }
                      ;*goto {reexecute=1 rethrow=0 return_oop=0}
                      ; - (reexecute) it.unimi.dsi.fastutil.longs.LongOpenHashSet::shiftKeys@96 (line 458)
                      ; - it.unimi.dsi.fastutil.longs.LongOpenHashSet::removeEntry@12 (line 463)
                      ; - it.unimi.dsi.fastutil.longs.LongOpenHashSet::remove@97 (line 496)
                      ; - it.unimi.dsi.fastutil.longs.AbstractLongSet::rem@2 (line 83)
                      ; - it.unimi.dsi.fastutil.longs.LongSets$SynchronizedSet::remove@12 (line 219)
                      ; - org.gradle.internal.operations.DefaultBuildOperationListenerManager$ProgressShieldingBuildOperationListener::finished@17 (line 123)
                      ; - org.gradle.internal.operations.DefaultBuildOperationListenerManager$1::finished@36 (line 55)
                      ; - org.gradle.internal.operations.BuildOperationProgressEventListenerAdapter::stop@86 (line 78)
                      ; - org.gradle.internal.operations.DefaultBuildOperationRunner$BuildOperationTrackingListener::stop@9 (line 251)
                      ; - org.gradle.internal.operations.DefaultBuildOperationRunner$2::execute@62 (line 74)
                      ; - org.gradle.internal.operations.DefaultBuildOperationRunner$2::execute@8 (line 60)
                      ; - org.gradle.internal.operations.DefaultBuildOperationRunner::execute@141 (line 167)
                      ; - org.gradle.internal.operations.DefaultBuildOperationRunner::execute@17 (line 60)
                      ;   {poll}
  0x0000022f263e2670: 4f30 4185 | 0144 8bc9 | 8bcf e9a0 | fcff ff33 | dbe9 d8fe | ffff 33c9 | e980 eeff | ff4d 8b97 
  0x0000022f263e2690: d801 0000 | 498b b7c8 | 0100 004c | 8bde 4983 | c318 4d3b | da0f 833f | 0900 004d | 899f c801 
  0x0000022f263e26b0: 0000 410f | 0d8b c000 | 0000 48c7 | 0601 0000 | 0041 0f0d | 8b00 0100 

  0x0000022f263e26c8: ;   {metadata('java/lang/Object'[])}
  0x0000022f263e26c8: 00c7 4608 | c0bf 0138 | 410f 0d8b | 4001 0000 | 410f 0d8b | 8001 0000 | c746 0c01 | 0000 004c 
  0x0000022f263e26e8: 8966 1089 

  0x0000022f263e26ec: ;   {oop("Completing Build operation '{}'"{0x00000000ffbcd1c8})}
  0x0000022f263e26ec: 6e10 48bf | c8d1 bcff | 0000 0000 

  0x0000022f263e26f8: ;   {oop(a 'org/gradle/internal/logging/slf4j/OutputEventListenerBackedLogger'{0x0000000080ac50e0})}
  0x0000022f263e26f8: 48ba e050 | ac80 0000 

  0x0000022f263e2700: ;   {oop(a 'org/gradle/api/logging/LogLevel'{0x0000000080cc9ec8})}
  0x0000022f263e2700: 0000 49b8 | c89e cc80 | 0000 0000 

  0x0000022f263e270c: ;   {optimized virtual_call}
  0x0000022f263e270c: 4533 c9e8 

  0x0000022f263e2710: ; ImmutableOopMap {[56]=Oop [64]=Oop [72]=Oop [96]=Oop [104]=Oop [120]=Oop [176]=Oop [184]=Oop [192]=Oop }
                      ;*invokespecial log {reexecute=0 rethrow=0 return_oop=0}
                      ; - org.gradle.internal.logging.slf4j.BuildOperationAwareLogger::log@13 (line 144)
                      ; - org.gradle.internal.logging.slf4j.BuildOperationAwareLogger::debug@14 (line 167)
                      ; - org.gradle.internal.logging.slf4j.OutputEventListenerBackedLogger::debug@3 (line 25)
                      ; - org.gradle.internal.operations.DefaultBuildOperationRunner$BuildOperationTrackingListener::stop@23 (line 252)
                      ; - org.gradle.internal.operations.DefaultBuildOperationRunner$2::execute@62 (line 74)
                      ; - org.gradle.internal.operations.DefaultBuildOperationRunner$2::execute@8 (line 60)
                      ; - org.gradle.internal.operations.DefaultBuildOperationRunner::execute@141 (line 167)
                      ; - org.gradle.internal.operations.DefaultBuildOperationRunner::execute@17 (line 60)
  0x0000022f263e2710: ccc6 a0ff 

  0x0000022f263e2714: ;   {post_call_nop}
  0x0000022f263e2714: 0f1f 8400 | 8c1d 0013 | 0f1f 4000 | e944 f6ff | ff4d 8b97 | d801 0000 | 498b b7c8 | 0100 004c 
  0x0000022f263e2734: 8bde 4983 | c318 660f | 1f44 0000 | 4d3b da0f | 83c7 0800 | 004d 899f | c801 0000 | 410f 0d8b 
  0x0000022f263e2754: c000 0000 | 48c7 0601 | 0000 0041 | 0f0d 8b00 

  0x0000022f263e2764: ;   {metadata('java/lang/Object'[])}
  0x0000022f263e2764: 0100 00c7 | 4608 c0bf | 0138 410f | 0d8b 4001 | 0000 c746 | 0c01 0000 | 0041 0f0d | 8b80 0100 
  0x0000022f263e2784: 004c 8966 | 1089 6e10 

  0x0000022f263e278c: ;   {oop("Build operation '{}' completed"{0x00000000ffbcd118})}
  0x0000022f263e278c: 48bf 18d1 | bcff 0000 | 0000 488b | ac24 b800 

  0x0000022f263e279c: ;   {oop(a 'org/gradle/internal/logging/slf4j/OutputEventListenerBackedLogger'{0x0000000080ac50e0})}
  0x0000022f263e279c: 0000 48ba | e050 ac80 | 0000 0000 

  0x0000022f263e27a8: ;   {oop(a 'org/gradle/api/logging/LogLevel'{0x0000000080cc9ec8})}
  0x0000022f263e27a8: 49b8 c89e | cc80 0000 | 0000 4533 

  0x0000022f263e27b4: ;   {optimized virtual_call}
  0x0000022f263e27b4: c966 90e8 

  0x0000022f263e27b8: ; ImmutableOopMap {rbp=Oop }
                      ;*invokespecial log {reexecute=0 rethrow=0 return_oop=0}
                      ; - org.gradle.internal.logging.slf4j.BuildOperationAwareLogger::log@13 (line 144)
                      ; - org.gradle.internal.logging.slf4j.BuildOperationAwareLogger::debug@14 (line 167)
                      ; - org.gradle.internal.logging.slf4j.OutputEventListenerBackedLogger::debug@3 (line 25)
                      ; - org.gradle.internal.operations.DefaultBuildOperationRunner$BuildOperationTrackingListener::close@36 (line 261)
                      ; - org.gradle.internal.operations.DefaultBuildOperationRunner$2::execute@88 (line 80)
                      ; - org.gradle.internal.operations.DefaultBuildOperationRunner$2::execute@8 (line 60)
                      ; - org.gradle.internal.operations.DefaultBuildOperationRunner::execute@141 (line 167)
                      ; - org.gradle.internal.operations.DefaultBuildOperationRunner::execute@17 (line 60)
  0x0000022f263e27b8: 24c6 a0ff 

  0x0000022f263e27bc: ;   {post_call_nop}
  0x0000022f263e27bc: 0f1f 8400 | 341e 0014 | e900 f8ff | ff8b 7f0c | 85ff 0f84 | 5c20 0000 | 41ff c166 | 0f1f 8400 
  0x0000022f263e27dc: 0000 0000 | 443b cd0f | 8d6f 0100 | 0044 3bcd | 0f83 1220 | 0000 478b | 5488 1049 

  0x0000022f263e27f8: ; ImmutableOopMap {r10=NarrowOop r11=NarrowOop r8=NarrowOop rcx=NarrowOop rbx=Oop rdx=Oop rsi=Oop [96]=Oop [120]=Oop [184]=Oop }
                      ;*goto {reexecute=1 rethrow=0 return_oop=0}
                      ; - (reexecute) java.lang.ThreadLocal$ThreadLocalMap::set@79
                      ; - java.lang.ThreadLocal::set@13
                      ; - java.lang.ThreadLocal::set@5
                      ; - org.gradle.internal.operations.CurrentBuildOperationRef::set@16 (line 55)
                      ; - org.gradle.internal.operations.DefaultBuildOperationRunner$BuildOperationTrackingListener::close@19 (line 259)
                      ; - org.gradle.internal.operations.DefaultBuildOperationRunner$2::execute@88 (line 80)
                      ; - org.gradle.internal.operations.DefaultBuildOperationRunner$2::execute@8 (line 60)
                      ; - org.gradle.internal.operations.DefaultBuildOperationRunner::execute@141 (line 167)
                      ; - org.gradle.internal.operations.DefaultBuildOperationRunner::execute@17 (line 60)
                      ;   {poll}
  0x0000022f263e27f8: 8b47 3085 | 0066 6690 | 4585 d20f | 8413 f6ff | ff49 8bfa | e90b f7ff | ff49 8bd1 | 9048 b878 
  0x0000022f263e2818: 3414 472f 

  0x0000022f263e281c: ;   {virtual_call}
  0x0000022f263e281c: 0200 00e8 

  0x0000022f263e2820: ; ImmutableOopMap {[96]=Oop [120]=Oop [184]=Oop }
                      ;*invokevirtual remove {reexecute=0 rethrow=0 return_oop=0}
                      ; - org.gradle.internal.operations.CurrentBuildOperationRef::clear@4 (line 60)
                      ; - org.gradle.internal.operations.CurrentBuildOperationRef::set@5 (line 53)
                      ; - org.gradle.internal.operations.DefaultBuildOperationRunner$BuildOperationTrackingListener::close@19 (line 259)
                      ; - org.gradle.internal.operations.DefaultBuildOperationRunner$2::execute@88 (line 80)
                      ; - org.gradle.internal.operations.DefaultBuildOperationRunner$2::execute@8 (line 60)
                      ; - org.gradle.internal.operations.DefaultBuildOperationRunner::execute@141 (line 167)
                      ; - org.gradle.internal.operations.DefaultBuildOperationRunner::execute@17 (line 60)
  0x0000022f263e2820: de29 4f00 

  0x0000022f263e2824: ;   {post_call_nop}
  0x0000022f263e2824: 0f1f 8400 | 9c1e 0016 | e93b f7ff 

  0x0000022f263e2830: ;   {oop(a 'java/util/concurrent/TimeUnit'{0x0000000080d2a5d0})}
  0x0000022f263e2830: ff49 bbd0 | a5d2 8000 | 0000 004d | 8b5b 3090 | 493b c37e | 0f48 bdff | ffff ffff | ffff 7fe9 
  0x0000022f263e2850: 3de7 ffff | 49f7 db49 | 3bc3 7d0f | 48bd 0000 | 0000 0000 | 0080 e926 | e7ff ff48 | 8be8 490f 
  0x0000022f263e2870: afea e91a 

  0x0000022f263e2874: ;   {oop(a 'java/util/concurrent/TimeUnit'{0x0000000080d2a5d0})}
  0x0000022f263e2874: e7ff ff49 | bbd0 a5d2 | 8000 0000 | 004d 8b5b | 3049 3bc3 | 7e0f 48bd | ffff ffff | ffff ff7f 
  0x0000022f263e2894: e9a5 efff | ff49 f7db | 0f1f 4000 | 493b c37d | 0f48 bd00 | 0000 0000 | 0000 80e9 | 8aef ffff 
  0x0000022f263e28b4: 488b e848 | 0faf e90f | 1f44 0000 | e979 efff 

  0x0000022f263e28c4: ;   {oop(a 'java/util/concurrent/TimeUnit'{0x0000000080d2a5d0})}
  0x0000022f263e28c4: ff49 bbd0 | a5d2 8000 | 0000 004d | 8b5b 3049 | 3bc3 7e0d | 4c8b 4c24 | 3066 6690 | e9c3 f2ff 
  0x0000022f263e28e4: ff49 f7db | 493b c37d | 0f49 b900 | 0000 0000 | 0000 80e9 | acf2 ffff | 4c8b c84c | 0faf cbe9 
  0x0000022f263e2904: a0f2 ffff 

  0x0000022f263e2908: ;   {static_call}
  0x0000022f263e2908: 498b d2e8 

  0x0000022f263e290c: ; ImmutableOopMap {[56]=Oop [96]=Oop [120]=Oop }
                      ;*invokestatic throwAsBuildOperationInvocationException {reexecute=0 rethrow=0 return_oop=1}
                      ; - org.gradle.internal.operations.DefaultBuildOperationRunner::access$100@1 (line 25)
                      ; - org.gradle.internal.operations.DefaultBuildOperationRunner$2::execute@74 (line 76)
                      ; - org.gradle.internal.operations.DefaultBuildOperationRunner$2::execute@8 (line 60)
                      ; - org.gradle.internal.operations.DefaultBuildOperationRunner::execute@141 (line 167)
                      ; - org.gradle.internal.operations.DefaultBuildOperationRunner::execute@17 (line 60)
  0x0000022f263e290c: d0ca a0ff 

  0x0000022f263e2910: ;   {post_call_nop}
  0x0000022f263e2910: 0f1f 8400 | 881f 0017 | 0f1f 8400 | 0000 0000 | 4885 c00f | 8447 1f00 | 0048 8be8 | 488b 5424 
  0x0000022f263e2930: 384c 8b44 | 2478 4c8b 

  0x0000022f263e2938: ;   {optimized virtual_call}
  0x0000022f263e2938: 4c24 60e8 

  0x0000022f263e293c: ; ImmutableOopMap {rbp=Oop }
                      ;*invokeinterface close {reexecute=0 rethrow=0 return_oop=0}
                      ; - org.gradle.internal.operations.DefaultBuildOperationRunner$2::execute@102 (line 80)
                      ; - org.gradle.internal.operations.DefaultBuildOperationRunner$2::execute@8 (line 60)
                      ; - org.gradle.internal.operations.DefaultBuildOperationRunner::execute@141 (line 167)
                      ; - org.gradle.internal.operations.DefaultBuildOperationRunner::execute@17 (line 60)
  0x0000022f263e293c: a0c4 a0ff 

  0x0000022f263e2940: ;   {post_call_nop}
  0x0000022f263e2940: 0f1f 8400 | b81f 0018 | 488b d548 | 81c4 0001 

  0x0000022f263e2950: ;   {runtime_call C2 Runtime rethrow}
  0x0000022f263e2950: 0000 5de9 | 88d1 adff | 4533 c90f | 1f44 0000 | e984 feff | ff44 8b56 | 1c45 85d2 | 0f84 121f 
  0x0000022f263e2970: 0000 4889 | 4c24 5048 | 8974 2438 | 4889 5c24 | 304c 896c | 2428 4889 | 7c24 2049 

  0x0000022f263e298c: ;   {optimized virtual_call}
  0x0000022f263e298c: 8bd2 90e8 

  0x0000022f263e2990: ; ImmutableOopMap {[32]=Oop [40]=Oop [48]=Oop [56]=Oop [64]=Oop [72]=Oop [176]=Oop [184]=Oop }
                      ;*invokevirtual compareAndSet {reexecute=0 rethrow=0 return_oop=0}
                      ; - org.gradle.internal.time.MonotonicClock::syncIsDue@16 (line 91)
                      ; - org.gradle.internal.time.MonotonicClock::getCurrentTime@47 (line 83)
                      ; - org.gradle.internal.operations.DefaultBuildOperationRunner::execute@84 (line 164)
                      ; - org.gradle.internal.operations.DefaultBuildOperationRunner::execute@17 (line 60)
  0x0000022f263e2990: 4cc4 a0ff 

  0x0000022f263e2994: ;   {post_call_nop}
  0x0000022f263e2994: 0f1f 8400 | 0c20 0019 | 0f1f 4000 | 85c0 0f84 | 2103 0000 | 488b 5424 | 384c 8b44 | 2450 488b 
  0x0000022f263e29b4: ;   {optimized virtual_call}
  0x0000022f263e29b4: 6c24 20e8 

  0x0000022f263e29b8: ; ImmutableOopMap {rbp=Oop [32]=Oop [40]=Oop [48]=Oop [64]=Oop [72]=Oop [176]=Oop [184]=Oop }
                      ;*invokespecial sync {reexecute=0 rethrow=0 return_oop=0}
                      ; - org.gradle.internal.time.MonotonicClock::getCurrentTime@56 (line 84)
                      ; - org.gradle.internal.operations.DefaultBuildOperationRunner::execute@84 (line 164)
                      ; - org.gradle.internal.operations.DefaultBuildOperationRunner::execute@17 (line 60)
  0x0000022f263e29b8: 24c4 a0ff 

  0x0000022f263e29bc: ;   {post_call_nop}
  0x0000022f263e29bc: 0f1f 8400 | 3420 001a | 488b e845 | 33db 49b9 | ffff ffff | ffff ff7f | 488b 7c24 | 204c 8b6c 
  0x0000022f263e29dc: 2428 488b | 5c24 30e9 | 22e6 ffff | 4c8b 9c24 | a000 0000 | 458b 4b1c | 4585 c90f | 84a3 1e00 
  0x0000022f263e29fc: 0049 8bd1 

  0x0000022f263e2a00: ;   {optimized virtual_call}
  0x0000022f263e2a00: 4d8b cae8 

  0x0000022f263e2a04: ; ImmutableOopMap {[56]=Oop [64]=Oop [72]=Oop [80]=Oop [96]=Oop [104]=Oop [112]=Oop [120]=Oop [132]=NarrowOop [136]=Oop [144]=NarrowOop [148]=NarrowOop [152]=Oop [160]=Oop [176]=Oop [184]=Oop [192]=Oop }
                      ;*invokevirtual compareAndSet {reexecute=0 rethrow=0 return_oop=0}
                      ; - org.gradle.internal.time.MonotonicClock::syncIsDue@16 (line 91)
                      ; - org.gradle.internal.time.MonotonicClock::getCurrentTime@47 (line 83)
                      ; - org.gradle.internal.logging.progress.DefaultProgressLoggerFactory$ProgressLoggerImpl::completed@41 (line 250)
                      ; - org.gradle.internal.operations.BuildOperationProgressEventListenerAdapter::stop@42 (line 77)
                      ; - org.gradle.internal.operations.DefaultBuildOperationRunner$BuildOperationTrackingListener::stop@9 (line 251)
                      ; - org.gradle.internal.operations.DefaultBuildOperationRunner$2::execute@62 (line 74)
                      ; - org.gradle.internal.operations.DefaultBuildOperationRunner$2::execute@8 (line 60)
                      ; - org.gradle.internal.operations.DefaultBuildOperationRunner::execute@141 (line 167)
                      ; - org.gradle.internal.operations.DefaultBuildOperationRunner::execute@17 (line 60)
  0x0000022f263e2a04: 08de 4000 

  0x0000022f263e2a08: ;   {post_call_nop}
  0x0000022f263e2a08: 0f1f 8400 | 8020 001b | 85c0 0f84 | 3bee ffff | 488b ac24 | 8800 0000 | 488b 9424 | a000 0000 
  0x0000022f263e2a28: 4c8b 4424 | 204c 8b54 | 2478 4c89 

  0x0000022f263e2a34: ;   {optimized virtual_call}
  0x0000022f263e2a34: 5424 20e8 

  0x0000022f263e2a38: ; ImmutableOopMap {rbp=Oop [32]=Oop [56]=Oop [64]=Oop [72]=Oop [80]=Oop [96]=Oop [104]=Oop [112]=Oop [120]=Oop [132]=NarrowOop [144]=NarrowOop [148]=NarrowOop [152]=Oop [176]=Oop [184]=Oop [192]=Oop }
                      ;*invokespecial sync {reexecute=0 rethrow=0 return_oop=0}
                      ; - org.gradle.internal.time.MonotonicClock::getCurrentTime@56 (line 84)
                      ; - org.gradle.internal.logging.progress.DefaultProgressLoggerFactory$ProgressLoggerImpl::completed@41 (line 250)
                      ; - org.gradle.internal.operations.BuildOperationProgressEventListenerAdapter::stop@42 (line 77)
                      ; - org.gradle.internal.operations.DefaultBuildOperationRunner$BuildOperationTrackingListener::stop@9 (line 251)
                      ; - org.gradle.internal.operations.DefaultBuildOperationRunner$2::execute@62 (line 74)
                      ; - org.gradle.internal.operations.DefaultBuildOperationRunner$2::execute@8 (line 60)
                      ; - org.gradle.internal.operations.DefaultBuildOperationRunner::execute@141 (line 167)
                      ; - org.gradle.internal.operations.DefaultBuildOperationRunner::execute@17 (line 60)
  0x0000022f263e2a38: e421 1efa 

  0x0000022f263e2a3c: ;   {post_call_nop}
  0x0000022f263e2a3c: 0f1f 8400 | b420 001c | e982 eeff | ff44 8b53 | 1c45 85d2 | 0f84 821e | 0000 4889 | 9c24 8000 
  0x0000022f263e2a5c: 0000 4c89 | 4c24 3049 | 8bd2 4c8b 

  0x0000022f263e2a68: ;   {optimized virtual_call}
  0x0000022f263e2a68: c966 90e8 

  0x0000022f263e2a6c: ; ImmutableOopMap {rbp=NarrowOop [32]=Oop [56]=Oop [64]=Oop [72]=Oop [96]=Oop [104]=Oop [112]=Oop [120]=Oop [128]=Oop [176]=Oop [184]=Oop [192]=Oop }
                      ;*invokevirtual compareAndSet {reexecute=0 rethrow=0 return_oop=0}
                      ; - org.gradle.internal.time.MonotonicClock::syncIsDue@16 (line 91)
                      ; - org.gradle.internal.time.MonotonicClock::getCurrentTime@47 (line 83)
                      ; - org.gradle.internal.operations.BuildOperationProgressEventListenerAdapter::stop@64 (line 78)
                      ; - org.gradle.internal.operations.DefaultBuildOperationRunner$BuildOperationTrackingListener::stop@9 (line 251)
                      ; - org.gradle.internal.operations.DefaultBuildOperationRunner$2::execute@62 (line 74)
                      ; - org.gradle.internal.operations.DefaultBuildOperationRunner$2::execute@8 (line 60)
                      ; - org.gradle.internal.operations.DefaultBuildOperationRunner::execute@141 (line 167)
                      ; - org.gradle.internal.operations.DefaultBuildOperationRunner::execute@17 (line 60)
  0x0000022f263e2a6c: 70c3 a0ff 

  0x0000022f263e2a70: ;   {post_call_nop}
  0x0000022f263e2a70: 0f1f 8400 | e820 001d | 0f1f 8400 | 0000 0000 | 85c0 0f84 | 5f02 0000 | 488b 9424 | 8000 0000 
  0x0000022f263e2a90: 4c8b 4424 | 584c 8b54 | 2478 4c89 

  0x0000022f263e2a9c: ;   {optimized virtual_call}
  0x0000022f263e2a9c: 5424 30e8 

  0x0000022f263e2aa0: ; ImmutableOopMap {rbp=NarrowOop [32]=Oop [48]=Oop [56]=Oop [64]=Oop [72]=Oop [96]=Oop [104]=Oop [112]=Oop [120]=Oop [176]=Oop [184]=Oop [192]=Oop }
                      ;*invokespecial sync {reexecute=0 rethrow=0 return_oop=0}
                      ; - org.gradle.internal.time.MonotonicClock::getCurrentTime@56 (line 84)
                      ; - org.gradle.internal.operations.BuildOperationProgressEventListenerAdapter::stop@64 (line 78)
                      ; - org.gradle.internal.operations.DefaultBuildOperationRunner$BuildOperationTrackingListener::stop@9 (line 251)
                      ; - org.gradle.internal.operations.DefaultBuildOperationRunner$2::execute@62 (line 74)
                      ; - org.gradle.internal.operations.DefaultBuildOperationRunner$2::execute@8 (line 60)
                      ; - org.gradle.internal.operations.DefaultBuildOperationRunner::execute@141 (line 167)
                      ; - org.gradle.internal.operations.DefaultBuildOperationRunner::execute@17 (line 60)
  0x0000022f263e2aa0: 3cc3 a0ff 

  0x0000022f263e2aa4: ;   {post_call_nop}
  0x0000022f263e2aa4: 0f1f 8400 | 1c21 001e | e95e f1ff | ff41 8b4a | 0866 6666 | 0f1f 8400 | 0000 0000 

  0x0000022f263e2ac0: ;   {metadata('org/gradle/internal/operations/BuildOperationState')}
  0x0000022f263e2ac0: 81f9 b8a8 | 4038 0f85 | 441e 0000 | 4889 4424 | 404c 895c | 2428 4c89 | 4424 2048 | 8b6c 2468 
  0x0000022f263e2ae0: ;   {optimized virtual_call}
  0x0000022f263e2ae0: 498b d2e8 

  0x0000022f263e2ae4: ; ImmutableOopMap {rbp=Oop [32]=Oop [40]=Oop [64]=Oop [72]=Oop [96]=Oop [176]=Oop [184]=Oop }
                      ;*invokeinterface getId {reexecute=0 rethrow=0 return_oop=1}
                      ; - org.gradle.internal.operations.BuildOperationDescriptor$Builder::build@20 (line 190)
                      ; - org.gradle.internal.operations.DefaultBuildOperationRunner::execute@60 (line 159)
                      ; - org.gradle.internal.operations.DefaultBuildOperationRunner::execute@17 (line 60)
  0x0000022f263e2ae4: 28ae bc00 

  0x0000022f263e2ae8: ;   {post_call_nop}
  0x0000022f263e2ae8: 0f1f 8400 | 6021 001f | 4c8b e848 | 896c 2468 | e927 e1ff | ff4c 8b54 | 2460 458b | 5a14 458b 
  0x0000022f263e2b08: 530c 458b 

  0x0000022f263e2b0c: ;   {metadata('java/lang/ThreadLocal')}
  0x0000022f263e2b0c: 5a08 4181 | fb68 1304 | 380f 8521 | 1e00 004c | 8b5c 2448 | 458b 4348 | 4c89 5424 | 5045 85c0 
  0x0000022f263e2b2c: 0f84 0206 | 0000 418b | 6814 448b | 550c 4c8b | 5c24 5045 | 8b4b 0c45 | 8bda 41ff | cb45 23cb 
  0x0000022f263e2b4c: 4585 d20f | 8603 1e00 | 0046 8b54 | 8d10 660f | 1f44 0000 | 4585 d20f | 84cf 0400 | 0045 8b5a 
  0x0000022f263e2b6c: 0c49 8bfa | 4d8b d34c | 8b5c 2450 | 4d3b d374 | 4549 8bd0 | 4c8b 4424 | 5048 8b6c | 2460 48ff 
  0x0000022f263e2b8c: 7424 4848 | 8f44 2430 | 48ff 7424 | 3048 8f44 

  0x0000022f263e2b9c: ;   {optimized virtual_call}
  0x0000022f263e2b9c: 2458 90e8 

  0x0000022f263e2ba0: ; ImmutableOopMap {rbp=Oop [48]=Oop [80]=Oop [88]=Oop [96]=Oop [104]=Oop [176]=Oop [184]=Oop }
                      ;*invokevirtual getEntryAfterMiss {reexecute=0 rethrow=0 return_oop=1}
                      ; - java.lang.ThreadLocal$ThreadLocalMap::getEntry@38
                      ; - java.lang.ThreadLocal::get@12
                      ; - java.lang.ThreadLocal::get@4
                      ; - org.gradle.internal.operations.CurrentBuildOperationRef::get@4 (line 36)
                      ; - org.gradle.internal.operations.DefaultBuildOperationRunner::getCurrentBuildOperation@4 (line 185)
                      ; - org.gradle.internal.operations.DefaultBuildOperationRunner::execute@13 (line 157)
                      ; - org.gradle.internal.operations.DefaultBuildOperationRunner::execute@17 (line 60)
  0x0000022f263e2ba0: 3cc2 a0ff 

  0x0000022f263e2ba4: ;   {post_call_nop}
  0x0000022f263e2ba4: 0f1f 8400 | 1c22 0020 | 4885 c00f | 8484 0500 | 0048 8bf8 | 48ff 7424 | 3048 8f44 | 2448 448b 
  0x0000022f263e2bc4: 571c 498b | c248 85c0 | 0f84 1a11 | 0000 448b | 5008 6666 | 0f1f 8400 | 0000 0000 

  0x0000022f263e2be0: ;   {metadata('org/gradle/internal/operations/BuildOperationState')}
  0x0000022f263e2be0: 4181 fab8 | a840 380f | 854f 1f00 | 004c 8bc0 | e91d dfff | ff45 33c0 | 4533 ed0f | 1f44 0000 
  0x0000022f263e2c00: e9af dfff | ff4d 8bc8 | 488b ac24 | 9000 0000 | 488b d54c | 8b44 2448 | 4c8b 5424 | 784c 8954 
  0x0000022f263e2c20: ;   {optimized virtual_call}
  0x0000022f263e2c20: 2420 90e8 

  0x0000022f263e2c24: ; ImmutableOopMap {rbp=Oop [32]=Oop [56]=Oop [64]=Oop [72]=Oop [80]=Oop [96]=Oop [104]=Oop [112]=Oop [120]=Oop [132]=NarrowOop [136]=Oop [176]=Oop [184]=Oop [192]=Oop }
                      ;*invokevirtual createMap {reexecute=0 rethrow=0 return_oop=0}
                      ; - java.lang.ThreadLocal::set@22
                      ; - java.lang.ThreadLocal::set@5
                      ; - org.gradle.internal.logging.progress.DefaultProgressLoggerFactory$ProgressLoggerImpl::completed@22 (line 249)
                      ; - org.gradle.internal.operations.BuildOperationProgressEventListenerAdapter::stop@42 (line 77)
                      ; - org.gradle.internal.operations.DefaultBuildOperationRunner$BuildOperationTrackingListener::stop@9 (line 251)
                      ; - org.gradle.internal.operations.DefaultBuildOperationRunner$2::execute@62 (line 74)
                      ; - org.gradle.internal.operations.DefaultBuildOperationRunner$2::execute@8 (line 60)
                      ; - org.gradle.internal.operations.DefaultBuildOperationRunner::execute@141 (line 167)
                      ; - org.gradle.internal.operations.DefaultBuildOperationRunner::execute@17 (line 60)
  0x0000022f263e2c24: b8c1 a0ff 

  0x0000022f263e2c28: ;   {post_call_nop}
  0x0000022f263e2c28: 0f1f 8400 | a022 0021 | e9b4 eaff | ff4d 8bcb | 488b eb48 | 8bd3 4c8b 

  0x0000022f263e2c40: ;   {optimized virtual_call}
  0x0000022f263e2c40: 4424 48e8 

  0x0000022f263e2c44: ; ImmutableOopMap {rbp=Oop [96]=Oop [120]=Oop [184]=Oop }
                      ;*invokevirtual createMap {reexecute=0 rethrow=0 return_oop=0}
                      ; - java.lang.ThreadLocal::set@22
                      ; - java.lang.ThreadLocal::set@5
                      ; - org.gradle.internal.operations.CurrentBuildOperationRef::set@16 (line 55)
                      ; - org.gradle.internal.operations.DefaultBuildOperationRunner$BuildOperationTrackingListener::close@19 (line 259)
                      ; - org.gradle.internal.operations.DefaultBuildOperationRunner$2::execute@88 (line 80)
                      ; - org.gradle.internal.operations.DefaultBuildOperationRunner$2::execute@8 (line 60)
                      ; - org.gradle.internal.operations.DefaultBuildOperationRunner::execute@141 (line 167)
                      ; - org.gradle.internal.operations.DefaultBuildOperationRunner::execute@17 (line 60)
  0x0000022f263e2c44: 98c1 a0ff 

  0x0000022f263e2c48: ;   {post_call_nop}
  0x0000022f263e2c48: 0f1f 8400 | c022 0022 | e917 f3ff | ff4c 8b6c | 2420 e92e | e2ff ff48 | 8bac 2490 | 0000 0048 
  0x0000022f263e2c68: 8b54 2458 | 4c8b 5424 | 784c 8954 

  0x0000022f263e2c74: ;   {optimized virtual_call}
  0x0000022f263e2c74: 2420 90e8 

  0x0000022f263e2c78: ; ImmutableOopMap {rbp=Oop [32]=Oop [56]=Oop [64]=Oop [72]=Oop [80]=Oop [96]=Oop [104]=Oop [112]=Oop [120]=Oop [132]=NarrowOop [136]=Oop [176]=Oop [184]=Oop [192]=Oop }
                      ;*invokevirtual rehash {reexecute=0 rethrow=0 return_oop=0}
                      ; - java.lang.ThreadLocal$ThreadLocalMap::set@129
                      ; - java.lang.ThreadLocal::set@13
                      ; - java.lang.ThreadLocal::set@5
                      ; - org.gradle.internal.logging.progress.DefaultProgressLoggerFactory$ProgressLoggerImpl::completed@22 (line 249)
                      ; - org.gradle.internal.operations.BuildOperationProgressEventListenerAdapter::stop@42 (line 77)
                      ; - org.gradle.internal.operations.DefaultBuildOperationRunner$BuildOperationTrackingListener::stop@9 (line 251)
                      ; - org.gradle.internal.operations.DefaultBuildOperationRunner$2::execute@62 (line 74)
                      ; - org.gradle.internal.operations.DefaultBuildOperationRunner$2::execute@8 (line 60)
                      ; - org.gradle.internal.operations.DefaultBuildOperationRunner::execute@141 (line 167)
                      ; - org.gradle.internal.operations.DefaultBuildOperationRunner::execute@17 (line 60)
  0x0000022f263e2c78: 64c1 a0ff 

  0x0000022f263e2c7c: ;   {post_call_nop}
  0x0000022f263e2c7c: 0f1f 8400 | f422 0023 | e960 eaff | ff89 9c24 | dc00 0000 | 488b 5424 | 5844 8bc7 

  0x0000022f263e2c98: ;   {optimized virtual_call}
  0x0000022f263e2c98: 6666 90e8 

  0x0000022f263e2c9c: ; ImmutableOopMap {rbp=Oop [56]=Oop [64]=Oop [72]=Oop [80]=Oop [88]=Oop [96]=Oop [104]=Oop [112]=Oop [120]=Oop [132]=NarrowOop [136]=Oop [144]=Oop [152]=NarrowOop [176]=Oop [184]=Oop [192]=Oop [220]=NarrowOop }
                      ;*invokevirtual expungeStaleEntry {reexecute=0 rethrow=0 return_oop=0}
                      ; - java.lang.ThreadLocal$ThreadLocalMap::cleanSomeSlots@47
                      ; - java.lang.ThreadLocal$ThreadLocalMap::set@113
                      ; - java.lang.ThreadLocal::set@13
                      ; - java.lang.ThreadLocal::set@5
                      ; - org.gradle.internal.logging.progress.DefaultProgressLoggerFactory$ProgressLoggerImpl::completed@22 (line 249)
                      ; - org.gradle.internal.operations.BuildOperationProgressEventListenerAdapter::stop@42 (line 77)
                      ; - org.gradle.internal.operations.DefaultBuildOperationRunner$BuildOperationTrackingListener::stop@9 (line 251)
                      ; - org.gradle.internal.operations.DefaultBuildOperationRunner$2::execute@62 (line 74)
                      ; - org.gradle.internal.operations.DefaultBuildOperationRunner$2::execute@8 (line 60)
                      ; - org.gradle.internal.operations.DefaultBuildOperationRunner::execute@141 (line 167)
                      ; - org.gradle.internal.operations.DefaultBuildOperationRunner::execute@17 (line 60)
  0x0000022f263e2c9c: 40c1 a0ff 

  0x0000022f263e2ca0: ;   {post_call_nop}
  0x0000022f263e2ca0: 0f1f 8400 | 1823 0024 | 8984 249c | 0000 0044 | 8b94 24a0 | 0000 0041 | bb01 0000 | 008b 9c24 
  0x0000022f263e2cc0: dc00 0000 | e98e e9ff | ff48 8b7c | 2420 4c8b | 6c24 2848 | 8b5c 2430 | 488b 7424 | 3848 8b4c 
  0x0000022f263e2ce0: 2450 e9b7 | e2ff ff4c | 8b4c 2430 | 488b 9c24 | 8000 0000 | e9bf eeff | ff41 8b5b | 0866 6690 
  0x0000022f263e2d00: ;   {metadata('org/gradle/internal/logging/progress/DefaultProgressLoggerFactory$ProgressLoggerImpl')}
  0x0000022f263e2d00: 81fb b0b8 | 4038 0f85 | 841c 0000 | 4889 4c24 | 404c 8944 | 2420 498b | d34c 8b54 | 2478 4c89 
  0x0000022f263e2d20: ;   {optimized virtual_call}
  0x0000022f263e2d20: 5424 50e8 

  0x0000022f263e2d24: ; ImmutableOopMap {rbp=Oop [32]=Oop [56]=Oop [64]=Oop [72]=Oop [80]=Oop [96]=Oop [104]=Oop [120]=Oop [176]=Oop [184]=Oop [192]=Oop }
                      ;*invokeinterface completed {reexecute=0 rethrow=0 return_oop=0}
                      ; - org.gradle.internal.operations.BuildOperationProgressEventListenerAdapter::stop@11 (line 75)
                      ; - org.gradle.internal.operations.DefaultBuildOperationRunner$BuildOperationTrackingListener::stop@9 (line 251)
                      ; - org.gradle.internal.operations.DefaultBuildOperationRunner$2::execute@62 (line 74)
                      ; - org.gradle.internal.operations.DefaultBuildOperationRunner$2::execute@8 (line 60)
                      ; - org.gradle.internal.operations.DefaultBuildOperationRunner::execute@141 (line 167)
                      ; - org.gradle.internal.operations.DefaultBuildOperationRunner::execute@17 (line 60)
  0x0000022f263e2d24: b8c0 a0ff 

  0x0000022f263e2d28: ;   {post_call_nop}
  0x0000022f263e2d28: 0f1f 8400 | a023 0025 | 4c8b 5424 | 384c 8b44 | 2420 488b | 4c24 4090 | e904 e6ff | ff4c 8944 
  0x0000022f263e2d48: 2430 4c8b | 5424 684c | 8954 2428 | 48ff 7424 | 4848 8f44 | 2420 488b 

  0x0000022f263e2d60: ;   {metadata('org/gradle/internal/operations/OperationIdentifier')}
  0x0000022f263e2d60: 6c24 6048 | baf0 263f | 3800 0000 

  0x0000022f263e2d6c: ;   {runtime_call C2 Runtime new_instance}
  0x0000022f263e2d6c: 0066 90e8 

  0x0000022f263e2d70: ; ImmutableOopMap {rbp=Oop [32]=Oop [40]=Oop [48]=Oop [96]=Oop [104]=Oop [176]=Oop [184]=Oop }
                      ;*new {reexecute=0 rethrow=0 return_oop=1}
                      ; - org.gradle.internal.operations.DefaultBuildOperationRunner::execute@22 (line 158)
                      ; - org.gradle.internal.operations.DefaultBuildOperationRunner::execute@17 (line 60)
  0x0000022f263e2d70: 6c54 adff 

  0x0000022f263e2d74: ;   {post_call_nop}
  0x0000022f263e2d74: 0f1f 8400 | ec23 0026 | 4c8b 4424 | 304c 8bd8 | 48ff 7424 | 2048 8f44 | 2448 e9c3 | ddff ff4c 
  0x0000022f263e2d94: 896c 2440 | 4c89 5c24 | 384c 8944 | 2430 4c8b | 5424 684c | 8954 2428 | 48ff 7424 | 4848 8f44 
  0x0000022f263e2db4: 2420 488b 

  0x0000022f263e2db8: ;   {metadata('org/gradle/internal/operations/BuildOperationDescriptor')}
  0x0000022f263e2db8: 6c24 6048 | ba18 9d40 | 3800 0000 

  0x0000022f263e2dc4: ;   {runtime_call C2 Runtime new_instance}
  0x0000022f263e2dc4: 0066 90e8 

  0x0000022f263e2dc8: ; ImmutableOopMap {rbp=Oop [32]=Oop [40]=Oop [48]=Oop [56]=Oop [64]=Oop [96]=Oop [104]=Oop [176]=Oop [184]=Oop }
                      ;*new {reexecute=0 rethrow=0 return_oop=1}
                      ; - org.gradle.internal.operations.BuildOperationDescriptor$Builder::build@0 (line 190)
                      ; - org.gradle.internal.operations.DefaultBuildOperationRunner::execute@60 (line 159)
                      ; - org.gradle.internal.operations.DefaultBuildOperationRunner::execute@17 (line 60)
  0x0000022f263e2dc8: 1454 adff 

  0x0000022f263e2dcc: ;   {post_call_nop}
  0x0000022f263e2dcc: 0f1f 8400 | 4424 0027 | 4c8b 4424 | 304c 8b5c | 2438 4c8b | 6c24 4048 | ff74 2420 | 488f 4424 
  0x0000022f263e2dec: 48e9 11de | ffff 498b 

  0x0000022f263e2df4: ;   {metadata('org/gradle/internal/operations/BuildOperationState')}
  0x0000022f263e2df4: ed48 bab8 | a840 3800 | 0000 004c | 8b54 2460 | 4c89 5424 

  0x0000022f263e2e08: ;   {runtime_call C2 Runtime new_instance}
  0x0000022f263e2e08: 2066 90e8 

  0x0000022f263e2e0c: ; ImmutableOopMap {rbp=Oop [32]=Oop [64]=Oop [72]=Oop [96]=Oop [176]=Oop [184]=Oop }
                      ;*new {reexecute=0 rethrow=0 return_oop=1}
                      ; - org.gradle.internal.operations.DefaultBuildOperationRunner::execute@74 (line 164)
                      ; - org.gradle.internal.operations.DefaultBuildOperationRunner::execute@17 (line 60)
  0x0000022f263e2e0c: d053 adff 

  0x0000022f263e2e10: ;   {post_call_nop}
  0x0000022f263e2e10: 0f1f 8400 | 8824 0028 | 4c8b ed0f | 1f44 0000 | e9af e0ff | ff4c 894c | 2450 4889 | 5c24 3844 
  0x0000022f263e2e30: 895c 2430 | 4c89 6c24 | 2848 897c 

  0x0000022f263e2e3c: ;   {metadata('java/util/concurrent/atomic/AtomicBoolean')}
  0x0000022f263e2e3c: 2420 48ba | 60dc 1738 | 0000 0000 

  0x0000022f263e2e48: ;   {runtime_call C2 Runtime new_instance}
  0x0000022f263e2e48: 6666 90e8 

  0x0000022f263e2e4c: ; ImmutableOopMap {[32]=Oop [40]=Oop [56]=Oop [64]=Oop [72]=Oop [176]=Oop [184]=Oop }
                      ;*new {reexecute=0 rethrow=0 return_oop=1}
                      ; - org.gradle.internal.operations.BuildOperationState::<init>@5 (line 26)
                      ; - org.gradle.internal.operations.DefaultBuildOperationRunner::execute@89 (line 164)
                      ; - org.gradle.internal.operations.DefaultBuildOperationRunner::execute@17 (line 60)
  0x0000022f263e2e4c: 9053 adff 

  0x0000022f263e2e50: ;   {post_call_nop}
  0x0000022f263e2e50: 0f1f 8400 | c824 0029 | 488b 7c24 | 204c 8b6c | 2428 448b | 5c24 3048 | 8b5c 2438 | 4c8b 4c24 
  0x0000022f263e2e70: 50e9 d4e1 | ffff 894c | 2434 4c89 | 4c24 4048 | 895c 2438 | 4489 5c24 | 304c 8974 | 2428 4c89 
  0x0000022f263e2e90: 6c24 2048 

  0x0000022f263e2e94: ;   {metadata('org/gradle/internal/operations/DefaultBuildOperationRunner$BuildOperationTrackingListener')}
  0x0000022f263e2e94: 8bef 48ba | 60ab 4038 | 0000 0000 

  0x0000022f263e2ea0: ;   {runtime_call C2 Runtime new_instance}
  0x0000022f263e2ea0: 6666 90e8 

  0x0000022f263e2ea4: ; ImmutableOopMap {rbp=Oop [32]=Oop [40]=Oop [52]=NarrowOop [56]=Oop [72]=Oop [176]=Oop [184]=Oop }
                      ;*new {reexecute=0 rethrow=0 return_oop=1}
                      ; - org.gradle.internal.operations.DefaultBuildOperationRunner::execute@94 (line 165)
                      ; - org.gradle.internal.operations.DefaultBuildOperationRunner::execute@17 (line 60)
  0x0000022f263e2ea4: 3853 adff 

  0x0000022f263e2ea8: ;   {post_call_nop}
  0x0000022f263e2ea8: 0f1f 8400 | 2025 002a | 488b fd4c | 8b6c 2420 | 4c8b 7424 | 2844 8b5c | 2430 488b | 5c24 384c 
  0x0000022f263e2ec8: 8b4c 2440 | 8b4c 2434 | e949 e2ff | ff48 8be9 

  0x0000022f263e2ed8: ;   {metadata('org/gradle/internal/operations/DefaultBuildOperationRunner$DefaultBuildOperationContext')}
  0x0000022f263e2ed8: 48ba c0b0 | 4038 0000 

  0x0000022f263e2ee0: ;   {runtime_call C2 Runtime new_instance}
  0x0000022f263e2ee0: 0000 90e8 

  0x0000022f263e2ee4: ; ImmutableOopMap {rbp=Oop [32]=NarrowOop [72]=Oop [96]=Oop [104]=Oop [120]=Oop [176]=Oop [184]=Oop [192]=Oop }
                      ;*new {reexecute=0 rethrow=0 return_oop=1}
                      ; - org.gradle.internal.operations.DefaultBuildOperationRunner::execute@117 (line 166)
                      ; - org.gradle.internal.operations.DefaultBuildOperationRunner::execute@17 (line 60)
  0x0000022f263e2ee4: f852 adff 

  0x0000022f263e2ee8: ;   {post_call_nop}
  0x0000022f263e2ee8: 0f1f 8400 | 6025 002b | 488b cde9 | bae3 ffff 

  0x0000022f263e2ef8: ;   {metadata('org/gradle/internal/operations/BuildOperationProgressEventListenerAdapter')}
  0x0000022f263e2ef8: 48ba 10ae | 4038 0000 

  0x0000022f263e2f00: ;   {runtime_call C2 Runtime new_instance}
  0x0000022f263e2f00: 0000 90e8 

  0x0000022f263e2f04: ; ImmutableOopMap {rbp=NarrowOop [32]=NarrowOop [36]=NarrowOop [44]=NarrowOop [56]=Oop [64]=NarrowOop [72]=Oop [96]=Oop [104]=Oop [120]=Oop [176]=Oop [184]=Oop [192]=Oop }
                      ;*new {reexecute=0 rethrow=0 return_oop=1}
                      ; - org.gradle.internal.service.scopes.WorkerSharedGlobalScopeServices::lambda$createBuildOperationRunner$0@0 (line 229)
                      ; - org.gradle.internal.service.scopes.WorkerSharedGlobalScopeServices$$Lambda/0x00000000382b3a10::createListener@12
                      ; - org.gradle.internal.operations.DefaultBuildOperationRunner::execute@106 (line 165)
                      ; - org.gradle.internal.operations.DefaultBuildOperationRunner::execute@17 (line 60)
  0x0000022f263e2f04: d852 adff 

  0x0000022f263e2f08: ;   {post_call_nop}
  0x0000022f263e2f08: 0f1f 8400 | 8025 002c | e9a5 e2ff 

  0x0000022f263e2f14: ;   {metadata('org/gradle/internal/logging/events/ProgressCompleteEvent')}
  0x0000022f263e2f14: ff48 baf8 | 751d 3800 | 0000 0048 | 8b6c 2478 

  0x0000022f263e2f24: ;   {runtime_call C2 Runtime new_instance}
  0x0000022f263e2f24: 6666 90e8 

  0x0000022f263e2f28: ; ImmutableOopMap {rbp=Oop [56]=Oop [64]=Oop [72]=Oop [80]=Oop [96]=Oop [104]=Oop [112]=Oop [120]=Oop [132]=NarrowOop [136]=Oop [144]=NarrowOop [176]=Oop [184]=Oop [192]=Oop }
                      ;*new {reexecute=0 rethrow=0 return_oop=1}
                      ; - org.gradle.internal.logging.progress.DefaultProgressLoggerFactory$ProgressLoggerImpl::completed@29 (line 250)
                      ; - org.gradle.internal.operations.BuildOperationProgressEventListenerAdapter::stop@42 (line 77)
                      ; - org.gradle.internal.operations.DefaultBuildOperationRunner$BuildOperationTrackingListener::stop@9 (line 251)
                      ; - org.gradle.internal.operations.DefaultBuildOperationRunner$2::execute@62 (line 74)
                      ; - org.gradle.internal.operations.DefaultBuildOperationRunner$2::execute@8 (line 60)
                      ; - org.gradle.internal.operations.DefaultBuildOperationRunner::execute@141 (line 167)
                      ; - org.gradle.internal.operations.DefaultBuildOperationRunner::execute@17 (line 60)
  0x0000022f263e2f28: b452 adff 

  0x0000022f263e2f2c: ;   {post_call_nop}
  0x0000022f263e2f2c: 0f1f 8400 | a425 002d | e90b e8ff | ff89 6c24 | 2049 8be8 

  0x0000022f263e2f40: ;   {metadata('org/gradle/internal/operations/OperationFinishEvent')}
  0x0000022f263e2f40: 48ba d0dd | 5938 0000 | 0000 4c8b | 5424 584c | 8954 2450 

  0x0000022f263e2f54: ;   {runtime_call C2 Runtime new_instance}
  0x0000022f263e2f54: 6666 90e8 

  0x0000022f263e2f58: ; ImmutableOopMap {rbp=Oop [32]=NarrowOop [56]=Oop [64]=Oop [72]=Oop [80]=Oop [96]=Oop [104]=Oop [112]=Oop [120]=Oop [176]=Oop [184]=Oop [192]=Oop }
                      ;*new {reexecute=0 rethrow=0 return_oop=1}
                      ; - org.gradle.internal.operations.BuildOperationProgressEventListenerAdapter::stop@52 (line 78)
                      ; - org.gradle.internal.operations.DefaultBuildOperationRunner$BuildOperationTrackingListener::stop@9 (line 251)
                      ; - org.gradle.internal.operations.DefaultBuildOperationRunner$2::execute@62 (line 74)
                      ; - org.gradle.internal.operations.DefaultBuildOperationRunner$2::execute@8 (line 60)
                      ; - org.gradle.internal.operations.DefaultBuildOperationRunner::execute@141 (line 167)
                      ; - org.gradle.internal.operations.DefaultBuildOperationRunner::execute@17 (line 60)
  0x0000022f263e2f58: 8452 adff 

  0x0000022f263e2f5c: ;   {post_call_nop}
  0x0000022f263e2f5c: 0f1f 8400 | d425 002e | 4c8b c58b | 6c24 20e9 | 66eb ffff | 4489 8424 | e000 0000 

  0x0000022f263e2f78: ;   {metadata('java/lang/ThreadLocal$ThreadLocalMap$Entry')}
  0x0000022f263e2f78: 48ba c0e3 | 0c38 0000 | 0000 4c89 

  0x0000022f263e2f84: ;   {runtime_call C2 Runtime new_instance}
  0x0000022f263e2f84: 4c24 20e8 

  0x0000022f263e2f88: ; ImmutableOopMap {[32]=Oop [56]=Oop [64]=Oop [72]=Oop [80]=Oop [88]=Oop [96]=Oop [104]=Oop [112]=Oop [120]=Oop [132]=NarrowOop [136]=Oop [144]=Oop [152]=NarrowOop [160]=NarrowOop [176]=Oop [184]=Oop [192]=Oop [224]=NarrowOop }
                      ;*new {reexecute=0 rethrow=0 return_oop=1}
                      ; - java.lang.ThreadLocal$ThreadLocalMap::set@85
                      ; - java.lang.ThreadLocal::set@13
                      ; - java.lang.ThreadLocal::set@5
                      ; - org.gradle.internal.logging.progress.DefaultProgressLoggerFactory$ProgressLoggerImpl::completed@22 (line 249)
                      ; - org.gradle.internal.operations.BuildOperationProgressEventListenerAdapter::stop@42 (line 77)
                      ; - org.gradle.internal.operations.DefaultBuildOperationRunner$BuildOperationTrackingListener::stop@9 (line 251)
                      ; - org.gradle.internal.operations.DefaultBuildOperationRunner$2::execute@62 (line 74)
                      ; - org.gradle.internal.operations.DefaultBuildOperationRunner$2::execute@8 (line 60)
                      ; - org.gradle.internal.operations.DefaultBuildOperationRunner::execute@141 (line 167)
                      ; - org.gradle.internal.operations.DefaultBuildOperationRunner::execute@17 (line 60)
  0x0000022f263e2f88: 5452 adff 

  0x0000022f263e2f8c: ;   {post_call_nop}
  0x0000022f263e2f8c: 0f1f 8400 | 0426 002f | 448b 8424 | e000 0000 | 0f1f 4000 | e9d7 e5ff | ff44 895c | 2470 4889 
  0x0000022f263e2fac: 5424 2844 | 894c 243c | 4489 4424 | 4048 895c | 2430 894c 

  0x0000022f263e2fc0: ;   {metadata('java/lang/ThreadLocal$ThreadLocalMap$Entry')}
  0x0000022f263e2fc0: 2438 48ba | c0e3 0c38 | 0000 0000 | 4889 7424 

  0x0000022f263e2fd0: ;   {runtime_call C2 Runtime new_instance}
  0x0000022f263e2fd0: 2066 90e8 

  0x0000022f263e2fd4: ; ImmutableOopMap {[32]=Oop [40]=Oop [48]=Oop [56]=NarrowOop [64]=NarrowOop [96]=Oop [112]=NarrowOop [120]=Oop [184]=Oop }
                      ;*new {reexecute=0 rethrow=0 return_oop=1}
                      ; - java.lang.ThreadLocal$ThreadLocalMap::set@85
                      ; - java.lang.ThreadLocal::set@13
                      ; - java.lang.ThreadLocal::set@5
                      ; - org.gradle.internal.operations.CurrentBuildOperationRef::set@16 (line 55)
                      ; - org.gradle.internal.operations.DefaultBuildOperationRunner$BuildOperationTrackingListener::close@19 (line 259)
                      ; - org.gradle.internal.operations.DefaultBuildOperationRunner$2::execute@88 (line 80)
                      ; - org.gradle.internal.operations.DefaultBuildOperationRunner$2::execute@8 (line 60)
                      ; - org.gradle.internal.operations.DefaultBuildOperationRunner::execute@141 (line 167)
                      ; - org.gradle.internal.operations.DefaultBuildOperationRunner::execute@17 (line 60)
  0x0000022f263e2fd4: 0852 adff 

  0x0000022f263e2fd8: ;   {post_call_nop}
  0x0000022f263e2fd8: 0f1f 8400 | 5026 0030 | 448b 5c24 | 70e9 90ee 

  0x0000022f263e2fe8: ;   {metadata('java/lang/Object'[])}
  0x0000022f263e2fe8: ffff 48ba | c0bf 0138 | 0000 0000 | 41b8 0100 

  0x0000022f263e2ff8: ;   {runtime_call C2 Runtime new_array}
  0x0000022f263e2ff8: 0000 90e8 

  0x0000022f263e2ffc: ; ImmutableOopMap {rbp=NarrowOop [56]=Oop [64]=Oop [72]=Oop [96]=Oop [104]=Oop [120]=Oop [176]=Oop [184]=Oop [192]=Oop }
                      ;*anewarray {reexecute=0 rethrow=0 return_oop=1}
                      ; - org.gradle.internal.logging.slf4j.BuildOperationAwareLogger::log@5 (line 144)
                      ; - org.gradle.internal.logging.slf4j.BuildOperationAwareLogger::debug@14 (line 167)
                      ; - org.gradle.internal.logging.slf4j.OutputEventListenerBackedLogger::debug@3 (line 25)
                      ; - org.gradle.internal.operations.DefaultBuildOperationRunner$BuildOperationTrackingListener::stop@23 (line 252)
                      ; - org.gradle.internal.operations.DefaultBuildOperationRunner$2::execute@62 (line 74)
                      ; - org.gradle.internal.operations.DefaultBuildOperationRunner$2::execute@8 (line 60)
                      ; - org.gradle.internal.operations.DefaultBuildOperationRunner::execute@141 (line 167)
                      ; - org.gradle.internal.operations.DefaultBuildOperationRunner::execute@17 (line 60)
  0x0000022f263e2ffc: e04e adff 

  0x0000022f263e3000: ;   {post_call_nop}
  0x0000022f263e3000: 0f1f 8400 | 7826 0031 | 488b f0e9 | dbf6 ffff 

  0x0000022f263e3010: ;   {metadata('java/lang/Object'[])}
  0x0000022f263e3010: 48ba c0bf | 0138 0000 | 0000 41b8 | 0100 0000 

  0x0000022f263e3020: ;   {runtime_call C2 Runtime new_array}
  0x0000022f263e3020: 6666 90e8 

  0x0000022f263e3024: ; ImmutableOopMap {rbp=NarrowOop [184]=Oop }
                      ;*anewarray {reexecute=0 rethrow=0 return_oop=1}
                      ; - org.gradle.internal.logging.slf4j.BuildOperationAwareLogger::log@5 (line 144)
                      ; - org.gradle.internal.logging.slf4j.BuildOperationAwareLogger::debug@14 (line 167)
                      ; - org.gradle.internal.logging.slf4j.OutputEventListenerBackedLogger::debug@3 (line 25)
                      ; - org.gradle.internal.operations.DefaultBuildOperationRunner$BuildOperationTrackingListener::close@36 (line 261)
                      ; - org.gradle.internal.operations.DefaultBuildOperationRunner$2::execute@88 (line 80)
                      ; - org.gradle.internal.operations.DefaultBuildOperationRunner$2::execute@8 (line 60)
                      ; - org.gradle.internal.operations.DefaultBuildOperationRunner::execute@141 (line 167)
                      ; - org.gradle.internal.operations.DefaultBuildOperationRunner::execute@17 (line 60)
  0x0000022f263e3024: b84e adff 

  0x0000022f263e3028: ;   {post_call_nop}
  0x0000022f263e3028: 0f1f 8400 | a026 0032 | 488b f0e9 | 51f7 ffff | 33ff e93e | fbff ffba | e4ff ffff | 488b 6c24 
  0x0000022f263e3048: 784c 8b44 | 2460 4c89 | 4424 204c | 8b44 2438 | 4c89 4424 | 284c 8b44 | 2440 4c89 | 4424 304c 
  0x0000022f263e3068: 8b44 2468 | 4c89 4424 | 404c 8b44 | 2450 4c89 | 4424 484c | 8b44 2470 | 4c89 4424 | 604c 8b84 
  0x0000022f263e3088: 2488 0000 | 004c 8944 | 2468 448b | 8424 8400 | 0000 4489 | 4424 7044 | 8b8c 2480 | 0000 0044 
  0x0000022f263e30a8: 894c 2474 | 4c8b 8424 | 9000 0000 | 4c89 4424 | 7844 8b84 | 2498 0000 | 0044 8b8c | 24a4 0000 
  0x0000022f263e30c8: 0044 898c | 2484 0000 | 0044 8984 | 2488 0000 | 0044 8994 | 2490 0000 | 0044 899c | 2494 0000 
  0x0000022f263e30e8: 0044 8b94 | 24a0 0000 | 0044 8994 | 249c 0000 | 0089 9c24 | a000 0000 | 89bc 24a4 | 0000 004c 
  0x0000022f263e3108: 8b94 24b0 | 0000 004c | 8994 24a8 | 0000 004c | 8b94 24b8 | 0000 004c | 8994 24b0 

  0x0000022f263e3124: ;   {runtime_call UncommonTrapBlob}
  0x0000022f263e3124: 0000 00e8 

  0x0000022f263e3128: ; ImmutableOopMap {rbp=Oop [32]=Oop [40]=Oop [48]=Oop [64]=Oop [72]=Oop [96]=Oop [104]=Oop [112]=NarrowOop [120]=Oop [136]=NarrowOop [160]=NarrowOop [168]=Oop [176]=Oop [192]=Oop }
                      ;*aaload {reexecute=0 rethrow=0 return_oop=0}
                      ; - java.lang.ThreadLocal$ThreadLocalMap::cleanSomeSlots@23
                      ; - java.lang.ThreadLocal$ThreadLocalMap::set@113
                      ; - java.lang.ThreadLocal::set@13
                      ; - java.lang.ThreadLocal::set@5
                      ; - org.gradle.internal.logging.progress.DefaultProgressLoggerFactory$ProgressLoggerImpl::completed@22 (line 249)
                      ; - org.gradle.internal.operations.BuildOperationProgressEventListenerAdapter::stop@42 (line 77)
                      ; - org.gradle.internal.operations.DefaultBuildOperationRunner$BuildOperationTrackingListener::stop@9 (line 251)
                      ; - org.gradle.internal.operations.DefaultBuildOperationRunner$2::execute@62 (line 74)
                      ; - org.gradle.internal.operations.DefaultBuildOperationRunner$2::execute@8 (line 60)
                      ; - org.gradle.internal.operations.DefaultBuildOperationRunner::execute@141 (line 167)
                      ; - org.gradle.internal.operations.DefaultBuildOperationRunner::execute@17 (line 60)
  0x0000022f263e3128: b453 adff 

  0x0000022f263e312c: ;   {post_call_nop}
  0x0000022f263e312c: 0f1f 8400 | a427 0033 | 4c89 5c24 | 5848 8b54 | 2450 4c8b | 4424 5848 | 8b6c 2460 

  0x0000022f263e3148: ;   {optimized virtual_call}
  0x0000022f263e3148: 6666 90e8 

  0x0000022f263e314c: ; ImmutableOopMap {rbp=Oop [88]=Oop [96]=Oop [104]=Oop [176]=Oop [184]=Oop }
                      ;*invokevirtual setInitialValue {reexecute=0 rethrow=0 return_oop=1}
                      ; - java.lang.ThreadLocal::get@31
                      ; - java.lang.ThreadLocal::get@4
                      ; - org.gradle.internal.operations.CurrentBuildOperationRef::get@4 (line 36)
                      ; - org.gradle.internal.operations.DefaultBuildOperationRunner::getCurrentBuildOperation@4 (line 185)
                      ; - org.gradle.internal.operations.DefaultBuildOperationRunner::execute@13 (line 157)
                      ; - org.gradle.internal.operations.DefaultBuildOperationRunner::execute@17 (line 60)
  0x0000022f263e314c: 90bc a0ff 

  0x0000022f263e3150: ;   {post_call_nop}
  0x0000022f263e3150: 0f1f 8400 | c827 0034 | 48ff 7424 | 5848 8f44 | 2448 e962 | faff ffba | e4ff ffff | 488b 6c24 
  0x0000022f263e3170: 784c 8b44 | 2460 4c89 | 4424 204c | 8b44 2438 | 4c89 4424 | 284c 8b44 | 2440 4c89 | 4424 304c 
  0x0000022f263e3190: 8b44 2468 | 4c89 4424 | 404c 8954 | 2450 4c89 | 4c24 5844 | 895c 2464 | 894c 2468 

  0x0000022f263e31ac: ;   {runtime_call UncommonTrapBlob}
  0x0000022f263e31ac: 6666 90e8 

  0x0000022f263e31b0: ; ImmutableOopMap {rbp=Oop [32]=Oop [40]=Oop [48]=Oop [64]=Oop [80]=Oop [88]=Oop [100]=NarrowOop [176]=Oop [184]=Oop [192]=Oop }
                      ;*aaload {reexecute=0 rethrow=0 return_oop=0}
                      ; - com.google.common.collect.RegularImmutableList::get@5 (line 80)
                      ; - org.gradle.internal.operations.DefaultBuildOperationListenerManager$1::finished@26 (line 55)
                      ; - org.gradle.internal.operations.BuildOperationProgressEventListenerAdapter::stop@86 (line 78)
                      ; - org.gradle.internal.operations.DefaultBuildOperationRunner$BuildOperationTrackingListener::stop@9 (line 251)
                      ; - org.gradle.internal.operations.DefaultBuildOperationRunner$2::execute@62 (line 74)
                      ; - org.gradle.internal.operations.DefaultBuildOperationRunner$2::execute@8 (line 60)
                      ; - org.gradle.internal.operations.DefaultBuildOperationRunner::execute@141 (line 167)
                      ; - org.gradle.internal.operations.DefaultBuildOperationRunner::execute@17 (line 60)
  0x0000022f263e31b0: 2c53 adff 

  0x0000022f263e31b4: ;   {post_call_nop}
  0x0000022f263e31b4: 0f1f 8400 | 2c28 0035 | baf6 ffff | ff4c 8b5c | 2460 4c89 | 5c24 284c | 8b5c 2438 | 4c89 5c24 
  0x0000022f263e31d4: 304c 8b5c | 2440 4c89 | 5c24 384c | 8b5c 2468 | 4c89 5c24 | 484c 894c | 2460 894c | 2468 4c89 
  0x0000022f263e31f4: 4424 704c | 8994 2480 | 0000 0048 | 89bc 2488 

  0x0000022f263e3204: ;   {runtime_call UncommonTrapBlob}
  0x0000022f263e3204: 0000 00e8 

  0x0000022f263e3208: ; ImmutableOopMap {rbp=Oop [40]=Oop [48]=Oop [56]=Oop [72]=Oop [96]=Oop [112]=Oop [120]=Oop [128]=Oop [176]=Oop [184]=Oop [192]=Oop }
                      ;*monitorenter {reexecute=0 rethrow=0 return_oop=0}
                      ; - it.unimi.dsi.fastutil.longs.LongSets$SynchronizedSet::remove@6 (line 218)
                      ; - org.gradle.internal.operations.DefaultBuildOperationListenerManager$ProgressShieldingBuildOperationListener::finished@17 (line 123)
                      ; - org.gradle.internal.operations.DefaultBuildOperationListenerManager$1::finished@36 (line 55)
                      ; - org.gradle.internal.operations.BuildOperationProgressEventListenerAdapter::stop@86 (line 78)
                      ; - org.gradle.internal.operations.DefaultBuildOperationRunner$BuildOperationTrackingListener::stop@9 (line 251)
                      ; - org.gradle.internal.operations.DefaultBuildOperationRunner$2::execute@62 (line 74)
                      ; - org.gradle.internal.operations.DefaultBuildOperationRunner$2::execute@8 (line 60)
                      ; - org.gradle.internal.operations.DefaultBuildOperationRunner::execute@141 (line 167)
                      ; - org.gradle.internal.operations.DefaultBuildOperationRunner::execute@17 (line 60)
  0x0000022f263e3208: d452 adff 

  0x0000022f263e320c: ;   {post_call_nop}
  0x0000022f263e320c: 0f1f 8400 | 8428 0036 | bae4 ffff | ff48 8b6c | 2478 4c8b | 4424 604c | 8944 2420 | 4c8b 4424 
  0x0000022f263e322c: 384c 8944 | 2428 4c8b | 4424 404c | 8944 2430 | 4c8b 4424 | 684c 8944 | 2440 4c8b | 8424 8000 
  0x0000022f263e324c: 0000 4c89 | 4424 504c | 8b44 2470 | 4c89 4424 | 5844 8b8c | 2488 0000 | 0044 894c | 2460 4c8b 
  0x0000022f263e326c: 8424 9000 | 0000 4c89 | 4424 6844 | 8b84 24a0 | 0000 0044 | 8984 2480 | 0000 004c | 899c 2488 
  0x0000022f263e328c: 0000 00c5 | fb11 8424 | 9000 0000 | 4489 9424 | 9c00 0000 | 898c 24a0 | 0000 004c | 8b94 24b0 
  0x0000022f263e32ac: 0000 004c | 8994 24a8 | 0000 004c | 8b94 24b8 | 0000 004c | 8994 24b0 

  0x0000022f263e32c4: ;   {runtime_call UncommonTrapBlob}
  0x0000022f263e32c4: 0000 00e8 

  0x0000022f263e32c8: ; ImmutableOopMap {rbp=Oop [32]=Oop [40]=Oop [48]=Oop [64]=Oop [80]=Oop [88]=Oop [104]=Oop [128]=NarrowOop [136]=Oop [156]=NarrowOop [168]=Oop [176]=Oop [192]=Oop }
                      ;*laload {reexecute=0 rethrow=0 return_oop=0}
                      ; - it.unimi.dsi.fastutil.longs.LongOpenHashSet::remove@41 (line 488)
                      ; - it.unimi.dsi.fastutil.longs.AbstractLongSet::rem@2 (line 83)
                      ; - it.unimi.dsi.fastutil.longs.LongSets$SynchronizedSet::remove@12 (line 219)
                      ; - org.gradle.internal.operations.DefaultBuildOperationListenerManager$ProgressShieldingBuildOperationListener::finished@17 (line 123)
                      ; - org.gradle.internal.operations.DefaultBuildOperationListenerManager$1::finished@36 (line 55)
                      ; - org.gradle.internal.operations.BuildOperationProgressEventListenerAdapter::stop@86 (line 78)
                      ; - org.gradle.internal.operations.DefaultBuildOperationRunner$BuildOperationTrackingListener::stop@9 (line 251)
                      ; - org.gradle.internal.operations.DefaultBuildOperationRunner$2::execute@62 (line 74)
                      ; - org.gradle.internal.operations.DefaultBuildOperationRunner$2::execute@8 (line 60)
                      ; - org.gradle.internal.operations.DefaultBuildOperationRunner::execute@141 (line 167)
                      ; - org.gradle.internal.operations.DefaultBuildOperationRunner::execute@17 (line 60)
  0x0000022f263e32c8: 1452 adff 

  0x0000022f263e32cc: ;   {post_call_nop}
  0x0000022f263e32cc: 0f1f 8400 | 4429 0037 | bade ffff | ff4c 8b5c | 2460 4c89 | 5c24 204c | 8b5c 2438 | 4c89 5c24 
  0x0000022f263e32ec: 284c 8b5c | 2440 4c89 | 5c24 3048 | ff74 2478 | 488f 4424 | 384c 8b5c | 2468 4c89 | 5c24 4048 
  0x0000022f263e330c: ff74 2478 | 488f 4424 | 484c 894c | 2458 894c | 2460 4c89 | 4424 684c | 8954 2478 | 8974 2464 
  0x0000022f263e332c: 4889 bc24 | 8000 0000 

  0x0000022f263e3334: ;   {runtime_call UncommonTrapBlob}
  0x0000022f263e3334: 6666 90e8 

  0x0000022f263e3338: ; ImmutableOopMap {[32]=Oop [40]=Oop [48]=Oop [56]=Oop [64]=Oop [72]=Oop [88]=Oop [100]=NarrowOop [104]=Oop [120]=Oop [176]=Oop [184]=Oop [192]=Oop }
                      ;*invokeinterface remove {reexecute=0 rethrow=0 return_oop=0}
                      ; - org.gradle.internal.operations.DefaultBuildOperationListenerManager$ProgressShieldingBuildOperationListener::finished@17 (line 123)
                      ; - org.gradle.internal.operations.DefaultBuildOperationListenerManager$1::finished@36 (line 55)
                      ; - org.gradle.internal.operations.BuildOperationProgressEventListenerAdapter::stop@86 (line 78)
                      ; - org.gradle.internal.operations.DefaultBuildOperationRunner$BuildOperationTrackingListener::stop@9 (line 251)
                      ; - org.gradle.internal.operations.DefaultBuildOperationRunner$2::execute@62 (line 74)
                      ; - org.gradle.internal.operations.DefaultBuildOperationRunner$2::execute@8 (line 60)
                      ; - org.gradle.internal.operations.DefaultBuildOperationRunner::execute@141 (line 167)
                      ; - org.gradle.internal.operations.DefaultBuildOperationRunner::execute@17 (line 60)
  0x0000022f263e3338: a451 adff 

  0x0000022f263e333c: ;   {post_call_nop}
  0x0000022f263e333c: 0f1f 8400 | b429 0038 | 498b d34c | 8d84 24f0 

  0x0000022f263e334c: ;   {runtime_call C2 Runtime complete_monitor_locking}
  0x0000022f263e334c: 0000 00e8 

  0x0000022f263e3350: ; ImmutableOopMap {rbp=Oop [32]=Oop [56]=Oop [64]=Oop [72]=Oop [96]=Oop [104]=Oop [112]=Oop [120]=Oop [128]=Oop [144]=Oop [160]=NarrowOop [176]=Oop [184]=Oop [192]=Oop }
                      ;*monitorenter {reexecute=0 rethrow=0 return_oop=0}
                      ; - it.unimi.dsi.fastutil.longs.LongSets$SynchronizedSet::remove@6 (line 218)
                      ; - org.gradle.internal.operations.DefaultBuildOperationListenerManager$ProgressShieldingBuildOperationListener::finished@17 (line 123)
                      ; - org.gradle.internal.operations.DefaultBuildOperationListenerManager$1::finished@36 (line 55)
                      ; - org.gradle.internal.operations.BuildOperationProgressEventListenerAdapter::stop@86 (line 78)
                      ; - org.gradle.internal.operations.DefaultBuildOperationRunner$BuildOperationTrackingListener::stop@9 (line 251)
                      ; - org.gradle.internal.operations.DefaultBuildOperationRunner$2::execute@62 (line 74)
                      ; - org.gradle.internal.operations.DefaultBuildOperationRunner$2::execute@8 (line 60)
                      ; - org.gradle.internal.operations.DefaultBuildOperationRunner::execute@141 (line 167)
                      ; - org.gradle.internal.operations.DefaultBuildOperationRunner::execute@17 (line 60)
  0x0000022f263e3350: 8c6f adff 

  0x0000022f263e3354: ;   {post_call_nop}
  0x0000022f263e3354: 0f1f 8400 | cc29 0039 | 0f1f 4000 | e996 eeff | ffba deff | ffff 488b | 6c24 784c | 8b54 2460 
  0x0000022f263e3374: 4c89 5424 | 204c 8b54 | 2438 4c89 | 5424 284c | 8b54 2440 | 4c89 5424 | 304c 8b54 | 2468 4c89 
  0x0000022f263e3394: 5424 404c | 8b94 2480 | 0000 004c | 8954 2450 | 4c8b 5424 | 704c 8954 | 2458 448b | 9424 8800 
  0x0000022f263e33b4: 0000 4489 | 5424 604c | 8b94 2490 | 0000 004c | 8954 2468 | 448b 9c24 | a000 0000 | 4489 8424 
  0x0000022f263e33d4: 8000 0000 | 4c8b 9424 | 9800 0000 | 4c89 9424 | 8800 0000 | 4489 9c24 | 8400 0000 

  0x0000022f263e33f0: ;   {runtime_call UncommonTrapBlob}
  0x0000022f263e33f0: 6666 90e8 

  0x0000022f263e33f4: ; ImmutableOopMap {rbp=Oop [32]=Oop [40]=Oop [48]=Oop [64]=Oop [80]=Oop [88]=Oop [104]=Oop [128]=NarrowOop [132]=NarrowOop [176]=Oop [184]=Oop [192]=Oop }
                      ;*invokeinterface rem {reexecute=0 rethrow=0 return_oop=0}
                      ; - it.unimi.dsi.fastutil.longs.LongSets$SynchronizedSet::remove@12 (line 219)
                      ; - org.gradle.internal.operations.DefaultBuildOperationListenerManager$ProgressShieldingBuildOperationListener::finished@17 (line 123)
                      ; - org.gradle.internal.operations.DefaultBuildOperationListenerManager$1::finished@36 (line 55)
                      ; - org.gradle.internal.operations.BuildOperationProgressEventListenerAdapter::stop@86 (line 78)
                      ; - org.gradle.internal.operations.DefaultBuildOperationRunner$BuildOperationTrackingListener::stop@9 (line 251)
                      ; - org.gradle.internal.operations.DefaultBuildOperationRunner$2::execute@62 (line 74)
                      ; - org.gradle.internal.operations.DefaultBuildOperationRunner$2::execute@8 (line 60)
                      ; - org.gradle.internal.operations.DefaultBuildOperationRunner::execute@141 (line 167)
                      ; - org.gradle.internal.operations.DefaultBuildOperationRunner::execute@17 (line 60)
  0x0000022f263e33f4: e850 adff 

  0x0000022f263e33f8: ;   {post_call_nop}
  0x0000022f263e33f8: 0f1f 8400 | 702a 003a | 4d8b d349 | 8bca 488d | 9424 f000 | 0000 4d8b 

  0x0000022f263e3410: ;   {runtime_call}
  0x0000022f263e3410: c749 bab0 | 452b ddfd | 7f00 0041 

  0x0000022f263e341c: ;   {post_call_nop}
  0x0000022f263e341c: ffd2 0f1f | 8400 0000 | 0000 e967 | ecff ffba | e4ff ffff | 488b 6c24 | 784c 8b44 | 2460 4c89 
  0x0000022f263e343c: 4424 204c | 8b44 2438 | 4c89 4424 | 284c 8b44 | 2440 4c89 | 4424 304c | 8b44 2468 | 4c89 4424 
  0x0000022f263e345c: 404c 8b84 | 2480 0000 | 004c 8944 | 2450 4c8b | 4424 704c | 8944 2458 | 8b9c 2488 | 0000 0089 
  0x0000022f263e347c: 5c24 604c | 8b84 2490 | 0000 004c | 8944 2468 | 448b 8424 | a000 0000 | 4489 8424 | 8000 0000 
  0x0000022f263e349c: 4c89 9c24 | 9000 0000 | 898c 2498 | 0000 0044 | 8994 24a0 | 0000 0044 | 898c 24a4 | 0000 004c 
  0x0000022f263e34bc: 8b94 24b0 | 0000 004c | 8994 24a8 | 0000 004c | 8b94 24b8 | 0000 004c | 8994 24b0 

  0x0000022f263e34d8: ;   {runtime_call UncommonTrapBlob}
  0x0000022f263e34d8: 0000 00e8 

  0x0000022f263e34dc: ; ImmutableOopMap {rbp=Oop [32]=Oop [40]=Oop [48]=Oop [64]=Oop [80]=Oop [88]=Oop [104]=Oop [128]=NarrowOop [144]=Oop [160]=NarrowOop [168]=Oop [176]=Oop [192]=Oop }
                      ;*laload {reexecute=0 rethrow=0 return_oop=0}
                      ; - it.unimi.dsi.fastutil.longs.LongOpenHashSet::shiftKeys@20 (line 449)
                      ; - it.unimi.dsi.fastutil.longs.LongOpenHashSet::removeEntry@12 (line 463)
                      ; - it.unimi.dsi.fastutil.longs.LongOpenHashSet::remove@60 (line 491)
                      ; - it.unimi.dsi.fastutil.longs.AbstractLongSet::rem@2 (line 83)
                      ; - it.unimi.dsi.fastutil.longs.LongSets$SynchronizedSet::remove@12 (line 219)
                      ; - org.gradle.internal.operations.DefaultBuildOperationListenerManager$ProgressShieldingBuildOperationListener::finished@17 (line 123)
                      ; - org.gradle.internal.operations.DefaultBuildOperationListenerManager$1::finished@36 (line 55)
                      ; - org.gradle.internal.operations.BuildOperationProgressEventListenerAdapter::stop@86 (line 78)
                      ; - org.gradle.internal.operations.DefaultBuildOperationRunner$BuildOperationTrackingListener::stop@9 (line 251)
                      ; - org.gradle.internal.operations.DefaultBuildOperationRunner$2::execute@62 (line 74)
                      ; - org.gradle.internal.operations.DefaultBuildOperationRunner$2::execute@8 (line 60)
                      ; - org.gradle.internal.operations.DefaultBuildOperationRunner::execute@141 (line 167)
                      ; - org.gradle.internal.operations.DefaultBuildOperationRunner::execute@17 (line 60)
  0x0000022f263e34dc: 0050 adff 

  0x0000022f263e34e0: ;   {post_call_nop}
  0x0000022f263e34e0: 0f1f 8400 | 582b 003b | bae4 ffff | ff48 8b6c | 2478 4c8b | 4424 604c | 8944 2420 | 4c8b 4424 
  0x0000022f263e3500: 384c 8944 | 2428 4c8b | 4424 404c | 8944 2430 | 4c8b 4424 | 684c 8944 | 2440 4c8b | 8424 8000 
  0x0000022f263e3520: 0000 4c89 | 4424 504c | 8b44 2470 | 4c89 4424 | 5844 8b84 | 2488 0000 | 0044 8944 | 2460 4c8b 
  0x0000022f263e3540: 8424 9000 | 0000 4c89 | 4424 6844 | 8b8c 24a0 | 0000 0044 | 898c 2480 | 0000 004c | 899c 2488 
  0x0000022f263e3560: 0000 0044 | 8994 2484 | 0000 0089 | 8c24 9000 

  0x0000022f263e3570: ;   {runtime_call UncommonTrapBlob}
  0x0000022f263e3570: 0000 90e8 

  0x0000022f263e3574: ; ImmutableOopMap {rbp=Oop [32]=Oop [40]=Oop [48]=Oop [64]=Oop [80]=Oop [88]=Oop [104]=Oop [128]=NarrowOop [132]=NarrowOop [136]=Oop [176]=Oop [184]=Oop [192]=Oop }
                      ;*lastore {reexecute=0 rethrow=0 return_oop=0}
                      ; - it.unimi.dsi.fastutil.longs.LongOpenHashSet::shiftKeys@33 (line 450)
                      ; - it.unimi.dsi.fastutil.longs.LongOpenHashSet::removeEntry@12 (line 463)
                      ; - it.unimi.dsi.fastutil.longs.LongOpenHashSet::remove@60 (line 491)
                      ; - it.unimi.dsi.fastutil.longs.AbstractLongSet::rem@2 (line 83)
                      ; - it.unimi.dsi.fastutil.longs.LongSets$SynchronizedSet::remove@12 (line 219)
                      ; - org.gradle.internal.operations.DefaultBuildOperationListenerManager$ProgressShieldingBuildOperationListener::finished@17 (line 123)
                      ; - org.gradle.internal.operations.DefaultBuildOperationListenerManager$1::finished@36 (line 55)
                      ; - org.gradle.internal.operations.BuildOperationProgressEventListenerAdapter::stop@86 (line 78)
                      ; - org.gradle.internal.operations.DefaultBuildOperationRunner$BuildOperationTrackingListener::stop@9 (line 251)
                      ; - org.gradle.internal.operations.DefaultBuildOperationRunner$2::execute@62 (line 74)
                      ; - org.gradle.internal.operations.DefaultBuildOperationRunner$2::execute@8 (line 60)
                      ; - org.gradle.internal.operations.DefaultBuildOperationRunner::execute@141 (line 167)
                      ; - org.gradle.internal.operations.DefaultBuildOperationRunner::execute@17 (line 60)
  0x0000022f263e3574: 684f adff 

  0x0000022f263e3578: ;   {post_call_nop}
  0x0000022f263e3578: 0f1f 8400 | f02b 003c | bae4 ffff | ff48 8b6c | 2478 4c8b | 4424 604c | 8944 2420 | 4c8b 4424 
  0x0000022f263e3598: 384c 8944 | 2428 4c8b | 4424 404c | 8944 2430 | 4c8b 4424 | 684c 8944 | 2440 4c8b | 8424 8000 
  0x0000022f263e35b8: 0000 4c89 | 4424 504c | 8b44 2470 | 4c89 4424 | 5844 8b84 | 2488 0000 | 0044 8944 | 2460 4c8b 
  0x0000022f263e35d8: 8424 9000 | 0000 4c89 | 4424 6844 | 8b8c 24a0 | 0000 0044 | 898c 2480 | 0000 004c | 899c 2490 
  0x0000022f263e35f8: 0000 0089 | 8c24 9800 | 0000 4489 | 9424 a000 | 0000 89bc | 24a4 0000 | 004c 8b94 | 24b0 0000 
  0x0000022f263e3618: 004c 8994 | 24a8 0000 | 004c 8b94 | 24b8 0000 | 004c 8994 | 24b0 0000 

  0x0000022f263e3630: ;   {runtime_call UncommonTrapBlob}
  0x0000022f263e3630: 0066 90e8 

  0x0000022f263e3634: ; ImmutableOopMap {rbp=Oop [32]=Oop [40]=Oop [48]=Oop [64]=Oop [80]=Oop [88]=Oop [104]=Oop [128]=NarrowOop [144]=Oop [160]=NarrowOop [168]=Oop [176]=Oop [192]=Oop }
                      ;*laload {reexecute=0 rethrow=0 return_oop=0}
                      ; - it.unimi.dsi.fastutil.longs.LongOpenHashSet::shiftKeys@20 (line 449)
                      ; - it.unimi.dsi.fastutil.longs.LongOpenHashSet::removeEntry@12 (line 463)
                      ; - it.unimi.dsi.fastutil.longs.LongOpenHashSet::remove@60 (line 491)
                      ; - it.unimi.dsi.fastutil.longs.AbstractLongSet::rem@2 (line 83)
                      ; - it.unimi.dsi.fastutil.longs.LongSets$SynchronizedSet::remove@12 (line 219)
                      ; - org.gradle.internal.operations.DefaultBuildOperationListenerManager$ProgressShieldingBuildOperationListener::finished@17 (line 123)
                      ; - org.gradle.internal.operations.DefaultBuildOperationListenerManager$1::finished@36 (line 55)
                      ; - org.gradle.internal.operations.BuildOperationProgressEventListenerAdapter::stop@86 (line 78)
                      ; - org.gradle.internal.operations.DefaultBuildOperationRunner$BuildOperationTrackingListener::stop@9 (line 251)
                      ; - org.gradle.internal.operations.DefaultBuildOperationRunner$2::execute@62 (line 74)
                      ; - org.gradle.internal.operations.DefaultBuildOperationRunner$2::execute@8 (line 60)
                      ; - org.gradle.internal.operations.DefaultBuildOperationRunner::execute@141 (line 167)
                      ; - org.gradle.internal.operations.DefaultBuildOperationRunner::execute@17 (line 60)
  0x0000022f263e3634: a84e adff 

  0x0000022f263e3638: ;   {post_call_nop}
  0x0000022f263e3638: 0f1f 8400 | b02c 003d | bae4 ffff | ff48 8bac | 24b8 0000 | 0044 895c | 243c 4489 | 4c24 4044 
  0x0000022f263e3658: 8954 2448 | 4489 4424 | 4c89 7c24 | 5489 4c24 | 5889 5c24 

  0x0000022f263e366c: ;   {runtime_call UncommonTrapBlob}
  0x0000022f263e366c: 5c66 90e8 

  0x0000022f263e3670: ; ImmutableOopMap {rbp=Oop [48]=Oop [64]=NarrowOop [88]=NarrowOop [96]=Oop [120]=Oop }
                      ;*aaload {reexecute=0 rethrow=0 return_oop=0}
                      ; - java.lang.ThreadLocal$ThreadLocalMap::cleanSomeSlots@23
                      ; - java.lang.ThreadLocal$ThreadLocalMap::set@113
                      ; - java.lang.ThreadLocal::set@13
                      ; - java.lang.ThreadLocal::set@5
                      ; - org.gradle.internal.operations.CurrentBuildOperationRef::set@16 (line 55)
                      ; - org.gradle.internal.operations.DefaultBuildOperationRunner$BuildOperationTrackingListener::close@19 (line 259)
                      ; - org.gradle.internal.operations.DefaultBuildOperationRunner$2::execute@88 (line 80)
                      ; - org.gradle.internal.operations.DefaultBuildOperationRunner$2::execute@8 (line 60)
                      ; - org.gradle.internal.operations.DefaultBuildOperationRunner::execute@141 (line 167)
                      ; - org.gradle.internal.operations.DefaultBuildOperationRunner::execute@17 (line 60)
  0x0000022f263e3670: 6c4e adff 

  0x0000022f263e3674: ;   {post_call_nop}
  0x0000022f263e3674: 0f1f 8400 | ec2c 003e | 4533 c04d | 3bd0 bdff | ffff ff7c | 0840 0f95 | c540 0fb6 | edba 45ff 
  0x0000022f263e3694: ffff 4c8b | 5424 604c | 8954 2428 | 4c8b 5424 | 384c 8954 | 2430 4c8b | 5424 404c | 8954 2438 
  0x0000022f263e36b4: 4c8b 5424 | 684c 8954 | 2448 4c8b | 5424 704c | 8954 2460 | 448b 8424 | 8800 0000 | 4489 4424 
  0x0000022f263e36d4: 684c 8b94 | 2490 0000 | 004c 8954 | 2470 448b | 9424 a000 | 0000 4489 | 9424 8800 | 0000 4c89 
  0x0000022f263e36f4: 9c24 9000 

  0x0000022f263e36f8: ;   {runtime_call UncommonTrapBlob}
  0x0000022f263e36f8: 0000 90e8 

  0x0000022f263e36fc: ; ImmutableOopMap {[40]=Oop [48]=Oop [56]=Oop [72]=Oop [96]=Oop [112]=Oop [120]=Oop [128]=Oop [136]=NarrowOop [144]=Oop [176]=Oop [184]=Oop [192]=Oop }
                      ;*ifne {reexecute=1 rethrow=0 return_oop=0}
                      ; - (reexecute) it.unimi.dsi.fastutil.longs.LongOpenHashSet::remove@3 (line 479)
                      ; - it.unimi.dsi.fastutil.longs.AbstractLongSet::rem@2 (line 83)
                      ; - it.unimi.dsi.fastutil.longs.LongSets$SynchronizedSet::remove@12 (line 219)
                      ; - org.gradle.internal.operations.DefaultBuildOperationListenerManager$ProgressShieldingBuildOperationListener::finished@17 (line 123)
                      ; - org.gradle.internal.operations.DefaultBuildOperationListenerManager$1::finished@36 (line 55)
                      ; - org.gradle.internal.operations.BuildOperationProgressEventListenerAdapter::stop@86 (line 78)
                      ; - org.gradle.internal.operations.DefaultBuildOperationRunner$BuildOperationTrackingListener::stop@9 (line 251)
                      ; - org.gradle.internal.operations.DefaultBuildOperationRunner$2::execute@62 (line 74)
                      ; - org.gradle.internal.operations.DefaultBuildOperationRunner$2::execute@8 (line 60)
                      ; - org.gradle.internal.operations.DefaultBuildOperationRunner::execute@141 (line 167)
                      ; - org.gradle.internal.operations.DefaultBuildOperationRunner::execute@17 (line 60)
  0x0000022f263e36fc: e04d adff 

  0x0000022f263e3700: ;   {post_call_nop}
  0x0000022f263e3700: 0f1f 8400 | 782d 003f | bae4 ffff | ff48 8b6c | 2478 4c8b | 4424 604c | 8944 2420 | 4c8b 4424 
  0x0000022f263e3720: 384c 8944 | 2428 4c8b | 4424 404c | 8944 2430 | 4c8b 4424 | 684c 8944 | 2440 4c8b | 8424 8000 
  0x0000022f263e3740: 0000 4c89 | 4424 504c | 8b44 2470 | 4c89 4424 | 588b 9c24 | 8800 0000 | 895c 2460 | 4c8b 8424 
  0x0000022f263e3760: 9000 0000 | 4c89 4424 | 6844 8b84 | 24a0 0000 | 0044 8984 | 2480 0000 | 004c 899c | 2490 0000 
  0x0000022f263e3780: 0044 898c | 2498 0000 | 0044 8994 | 24a0 0000 | 0089 8c24 | a400 0000 | 4c8b 9424 | b000 0000 
  0x0000022f263e37a0: 4c89 9424 | a800 0000 | 4c8b 9424 | b800 0000 | 4c89 9424 | b000 0000 

  0x0000022f263e37b8: ;   {runtime_call UncommonTrapBlob}
  0x0000022f263e37b8: 6666 90e8 

  0x0000022f263e37bc: ; ImmutableOopMap {rbp=Oop [32]=Oop [40]=Oop [48]=Oop [64]=Oop [80]=Oop [88]=Oop [104]=Oop [128]=NarrowOop [144]=Oop [160]=NarrowOop [168]=Oop [176]=Oop [192]=Oop }
                      ;*laload {reexecute=0 rethrow=0 return_oop=0}
                      ; - it.unimi.dsi.fastutil.longs.LongOpenHashSet::shiftKeys@20 (line 449)
                      ; - it.unimi.dsi.fastutil.longs.LongOpenHashSet::removeEntry@12 (line 463)
                      ; - it.unimi.dsi.fastutil.longs.LongOpenHashSet::remove@97 (line 496)
                      ; - it.unimi.dsi.fastutil.longs.AbstractLongSet::rem@2 (line 83)
                      ; - it.unimi.dsi.fastutil.longs.LongSets$SynchronizedSet::remove@12 (line 219)
                      ; - org.gradle.internal.operations.DefaultBuildOperationListenerManager$ProgressShieldingBuildOperationListener::finished@17 (line 123)
                      ; - org.gradle.internal.operations.DefaultBuildOperationListenerManager$1::finished@36 (line 55)
                      ; - org.gradle.internal.operations.BuildOperationProgressEventListenerAdapter::stop@86 (line 78)
                      ; - org.gradle.internal.operations.DefaultBuildOperationRunner$BuildOperationTrackingListener::stop@9 (line 251)
                      ; - org.gradle.internal.operations.DefaultBuildOperationRunner$2::execute@62 (line 74)
                      ; - org.gradle.internal.operations.DefaultBuildOperationRunner$2::execute@8 (line 60)
                      ; - org.gradle.internal.operations.DefaultBuildOperationRunner::execute@141 (line 167)
                      ; - org.gradle.internal.operations.DefaultBuildOperationRunner::execute@17 (line 60)
  0x0000022f263e37bc: 204d adff 

  0x0000022f263e37c0: ;   {post_call_nop}
  0x0000022f263e37c0: 0f1f 8400 | 382e 0040 | bae4 ffff | ff48 8b6c | 2478 4c8b | 4424 604c | 8944 2420 | 4c8b 4424 
  0x0000022f263e37e0: 384c 8944 | 2428 4c8b | 4424 404c | 8944 2430 | 4c8b 4424 | 684c 8944 | 2440 4c8b | 8424 8000 
  0x0000022f263e3800: 0000 4c89 | 4424 504c | 8b44 2470 | 4c89 4424 | 5844 8b84 | 2488 0000 | 0044 8944 | 2460 4c8b 
  0x0000022f263e3820: 8424 9000 | 0000 4c89 | 4424 688b | 8c24 a000 | 0000 898c | 2480 0000 | 004c 899c | 2488 0000 
  0x0000022f263e3840: 004c 89ac | 2490 0000 | 0044 8994 | 249c 0000 | 0044 898c | 24a0 0000 | 004c 8b94 | 24b0 0000 
  0x0000022f263e3860: 004c 8994 | 24a8 0000 | 004c 8b94 | 24b8 0000 | 004c 8994 | 24b0 0000 

  0x0000022f263e3878: ;   {runtime_call UncommonTrapBlob}
  0x0000022f263e3878: 0066 90e8 

  0x0000022f263e387c: ; ImmutableOopMap {rbp=Oop [32]=Oop [40]=Oop [48]=Oop [64]=Oop [80]=Oop [88]=Oop [104]=Oop [128]=NarrowOop [136]=Oop [156]=NarrowOop [168]=Oop [176]=Oop [192]=Oop }
                      ;*laload {reexecute=0 rethrow=0 return_oop=0}
                      ; - it.unimi.dsi.fastutil.longs.LongOpenHashSet::remove@78 (line 493)
                      ; - it.unimi.dsi.fastutil.longs.AbstractLongSet::rem@2 (line 83)
                      ; - it.unimi.dsi.fastutil.longs.LongSets$SynchronizedSet::remove@12 (line 219)
                      ; - org.gradle.internal.operations.DefaultBuildOperationListenerManager$ProgressShieldingBuildOperationListener::finished@17 (line 123)
                      ; - org.gradle.internal.operations.DefaultBuildOperationListenerManager$1::finished@36 (line 55)
                      ; - org.gradle.internal.operations.BuildOperationProgressEventListenerAdapter::stop@86 (line 78)
                      ; - org.gradle.internal.operations.DefaultBuildOperationRunner$BuildOperationTrackingListener::stop@9 (line 251)
                      ; - org.gradle.internal.operations.DefaultBuildOperationRunner$2::execute@62 (line 74)
                      ; - org.gradle.internal.operations.DefaultBuildOperationRunner$2::execute@8 (line 60)
                      ; - org.gradle.internal.operations.DefaultBuildOperationRunner::execute@141 (line 167)
                      ; - org.gradle.internal.operations.DefaultBuildOperationRunner::execute@17 (line 60)
  0x0000022f263e387c: 604c adff 

  0x0000022f263e3880: ;   {post_call_nop}
  0x0000022f263e3880: 0f1f 8400 | f82e 0041 | bae4 ffff | ff48 8b6c | 2478 4c8b | 4424 604c | 8944 2420 | 4c8b 4424 
  0x0000022f263e38a0: 384c 8944 | 2428 4c8b | 4424 404c | 8944 2430 | 4c8b 4424 | 684c 8944 | 2440 4c8b | 8424 8000 
  0x0000022f263e38c0: 0000 4c89 | 4424 504c | 8b44 2470 | 4c89 4424 | 5844 8b84 | 2488 0000 | 0044 8944 | 2460 4c8b 
  0x0000022f263e38e0: 8424 9000 | 0000 4c89 | 4424 688b | 8c24 a000 | 0000 898c | 2480 0000 | 004c 899c | 2488 0000 
  0x0000022f263e3900: 0044 8994 | 2484 0000 | 0044 898c | 2490 0000 

  0x0000022f263e3910: ;   {runtime_call UncommonTrapBlob}
  0x0000022f263e3910: 0066 90e8 

  0x0000022f263e3914: ; ImmutableOopMap {rbp=Oop [32]=Oop [40]=Oop [48]=Oop [64]=Oop [80]=Oop [88]=Oop [104]=Oop [128]=NarrowOop [132]=NarrowOop [136]=Oop [176]=Oop [184]=Oop [192]=Oop }
                      ;*lastore {reexecute=0 rethrow=0 return_oop=0}
                      ; - it.unimi.dsi.fastutil.longs.LongOpenHashSet::shiftKeys@33 (line 450)
                      ; - it.unimi.dsi.fastutil.longs.LongOpenHashSet::removeEntry@12 (line 463)
                      ; - it.unimi.dsi.fastutil.longs.LongOpenHashSet::remove@97 (line 496)
                      ; - it.unimi.dsi.fastutil.longs.AbstractLongSet::rem@2 (line 83)
                      ; - it.unimi.dsi.fastutil.longs.LongSets$SynchronizedSet::remove@12 (line 219)
                      ; - org.gradle.internal.operations.DefaultBuildOperationListenerManager$ProgressShieldingBuildOperationListener::finished@17 (line 123)
                      ; - org.gradle.internal.operations.DefaultBuildOperationListenerManager$1::finished@36 (line 55)
                      ; - org.gradle.internal.operations.BuildOperationProgressEventListenerAdapter::stop@86 (line 78)
                      ; - org.gradle.internal.operations.DefaultBuildOperationRunner$BuildOperationTrackingListener::stop@9 (line 251)
                      ; - org.gradle.internal.operations.DefaultBuildOperationRunner$2::execute@62 (line 74)
                      ; - org.gradle.internal.operations.DefaultBuildOperationRunner$2::execute@8 (line 60)
                      ; - org.gradle.internal.operations.DefaultBuildOperationRunner::execute@141 (line 167)
                      ; - org.gradle.internal.operations.DefaultBuildOperationRunner::execute@17 (line 60)
  0x0000022f263e3914: c84b adff 

  0x0000022f263e3918: ;   {post_call_nop}
  0x0000022f263e3918: 0f1f 8400 | 902f 0042 | bae4 ffff | ff4c 8b54 | 2478 4c89 | 5424 204c | 8b54 2438 | 4c89 5424 
  0x0000022f263e3938: 304c 8b54 | 2440 4c89 | 5424 384c | 8b54 2468 | 4c89 5424 | 484c 8b54 | 2470 4c89 | 5424 684c 
  0x0000022f263e3958: 8b94 2488 | 0000 004c | 8954 2470 | 448b 9424 | 8400 0000 | 4489 5424 | 7844 8b9c | 2480 0000 
  0x0000022f263e3978: 0044 895c | 247c 448b | 9424 9800 | 0000 4489 | 9424 8800 | 0000 4489 | 8424 8c00 | 0000 898c 
  0x0000022f263e3998: 24a4 0000 | 004c 8b94 | 24b0 0000 | 004c 8994 | 24a8 0000 | 004c 8b94 | 24b8 0000 | 004c 8994 
  0x0000022f263e39b8: 24b0 0000 

  0x0000022f263e39bc: ;   {runtime_call UncommonTrapBlob}
  0x0000022f263e39bc: 0066 90e8 

  0x0000022f263e39c0: ; ImmutableOopMap {[32]=Oop [48]=Oop [56]=Oop [72]=Oop [80]=Oop [96]=Oop [104]=Oop [112]=Oop [120]=NarrowOop [136]=NarrowOop [140]=NarrowOop [144]=Oop [160]=NarrowOop [168]=Oop [176]=Oop [192]=Oop }
                      ;*aaload {reexecute=0 rethrow=0 return_oop=0}
                      ; - java.lang.ThreadLocal$ThreadLocalMap::set@76
                      ; - java.lang.ThreadLocal::set@13
                      ; - java.lang.ThreadLocal::set@5
                      ; - org.gradle.internal.logging.progress.DefaultProgressLoggerFactory$ProgressLoggerImpl::completed@22 (line 249)
                      ; - org.gradle.internal.operations.BuildOperationProgressEventListenerAdapter::stop@42 (line 77)
                      ; - org.gradle.internal.operations.DefaultBuildOperationRunner$BuildOperationTrackingListener::stop@9 (line 251)
                      ; - org.gradle.internal.operations.DefaultBuildOperationRunner$2::execute@62 (line 74)
                      ; - org.gradle.internal.operations.DefaultBuildOperationRunner$2::execute@8 (line 60)
                      ; - org.gradle.internal.operations.DefaultBuildOperationRunner::execute@141 (line 167)
                      ; - org.gradle.internal.operations.DefaultBuildOperationRunner::execute@17 (line 60)
  0x0000022f263e39c0: 1c4b adff 

  0x0000022f263e39c4: ;   {post_call_nop}
  0x0000022f263e39c4: 0f1f 8400 | 3c30 0043 | ba45 ffff | ff48 8b6c | 2478 4c8b | 5424 604c | 8954 2420 | 4c8b 5424 
  0x0000022f263e39e4: 384c 8954 | 2428 4c8b | 5424 404c | 8954 2430 | 4c8b 5424 | 684c 8954 | 2440 4c8b | 9424 8000 
  0x0000022f263e3a04: 0000 4c89 | 5424 504c | 8b54 2470 | 4c89 5424 | 5844 8b84 | 2488 0000 | 0044 8944 | 2460 4c8b 
  0x0000022f263e3a24: 9424 9000 | 0000 4c89 | 5424 6844 | 8b94 24a0 | 0000 0044 | 8994 2480 | 0000 004c | 899c 2488 
  0x0000022f263e3a44: 0000 0089 | 9c24 8400 | 0000 8984 | 2490 0000 

  0x0000022f263e3a54: ;   {runtime_call UncommonTrapBlob}
  0x0000022f263e3a54: 0066 90e8 

  0x0000022f263e3a58: ; ImmutableOopMap {rbp=Oop [32]=Oop [40]=Oop [48]=Oop [64]=Oop [80]=Oop [88]=Oop [104]=Oop [128]=NarrowOop [136]=Oop [176]=Oop [184]=Oop [192]=Oop }
                      ;*if_icmple {reexecute=1 rethrow=0 return_oop=0}
                      ; - (reexecute) it.unimi.dsi.fastutil.longs.LongOpenHashSet::removeEntry@23 (line 464)
                      ; - it.unimi.dsi.fastutil.longs.LongOpenHashSet::remove@60 (line 491)
                      ; - it.unimi.dsi.fastutil.longs.AbstractLongSet::rem@2 (line 83)
                      ; - it.unimi.dsi.fastutil.longs.LongSets$SynchronizedSet::remove@12 (line 219)
                      ; - org.gradle.internal.operations.DefaultBuildOperationListenerManager$ProgressShieldingBuildOperationListener::finished@17 (line 123)
                      ; - org.gradle.internal.operations.DefaultBuildOperationListenerManager$1::finished@36 (line 55)
                      ; - org.gradle.internal.operations.BuildOperationProgressEventListenerAdapter::stop@86 (line 78)
                      ; - org.gradle.internal.operations.DefaultBuildOperationRunner$BuildOperationTrackingListener::stop@9 (line 251)
                      ; - org.gradle.internal.operations.DefaultBuildOperationRunner$2::execute@62 (line 74)
                      ; - org.gradle.internal.operations.DefaultBuildOperationRunner$2::execute@8 (line 60)
                      ; - org.gradle.internal.operations.DefaultBuildOperationRunner::execute@141 (line 167)
                      ; - org.gradle.internal.operations.DefaultBuildOperationRunner::execute@17 (line 60)
  0x0000022f263e3a58: 844a adff 

  0x0000022f263e3a5c: ;   {post_call_nop}
  0x0000022f263e3a5c: 0f1f 8400 | d430 0044 | bae4 ffff | ff48 8b6c | 2478 4c8b | 4424 604c | 8944 2420 | 4c8b 4424 
  0x0000022f263e3a7c: 384c 8944 | 2428 4c8b | 4424 404c | 8944 2430 | 4c8b 4424 | 684c 8944 | 2440 4c8b | 8424 8000 
  0x0000022f263e3a9c: 0000 4c89 | 4424 504c | 8b44 2470 | 4c89 4424 | 5844 8b8c | 2488 0000 | 0044 894c | 2460 4c8b 
  0x0000022f263e3abc: 8424 9000 | 0000 4c89 | 4424 6844 | 8b84 24a0 | 0000 0044 | 8984 2480 | 0000 004c | 899c 2488 
  0x0000022f263e3adc: 0000 0048 | 89bc 2490 | 0000 0044 | 8994 249c | 0000 0089 | 8c24 a000 | 0000 4c8b | 9424 b000 
  0x0000022f263e3afc: 0000 4c89 | 9424 a800 | 0000 4c8b | 9424 b800 | 0000 4c89 | 9424 b000 

  0x0000022f263e3b14: ;   {runtime_call UncommonTrapBlob}
  0x0000022f263e3b14: 0000 90e8 

  0x0000022f263e3b18: ; ImmutableOopMap {rbp=Oop [32]=Oop [40]=Oop [48]=Oop [64]=Oop [80]=Oop [88]=Oop [104]=Oop [128]=NarrowOop [136]=Oop [156]=NarrowOop [168]=Oop [176]=Oop [192]=Oop }
                      ;*laload {reexecute=0 rethrow=0 return_oop=0}
                      ; - it.unimi.dsi.fastutil.longs.LongOpenHashSet::remove@78 (line 493)
                      ; - it.unimi.dsi.fastutil.longs.AbstractLongSet::rem@2 (line 83)
                      ; - it.unimi.dsi.fastutil.longs.LongSets$SynchronizedSet::remove@12 (line 219)
                      ; - org.gradle.internal.operations.DefaultBuildOperationListenerManager$ProgressShieldingBuildOperationListener::finished@17 (line 123)
                      ; - org.gradle.internal.operations.DefaultBuildOperationListenerManager$1::finished@36 (line 55)
                      ; - org.gradle.internal.operations.BuildOperationProgressEventListenerAdapter::stop@86 (line 78)
                      ; - org.gradle.internal.operations.DefaultBuildOperationRunner$BuildOperationTrackingListener::stop@9 (line 251)
                      ; - org.gradle.internal.operations.DefaultBuildOperationRunner$2::execute@62 (line 74)
                      ; - org.gradle.internal.operations.DefaultBuildOperationRunner$2::execute@8 (line 60)
                      ; - org.gradle.internal.operations.DefaultBuildOperationRunner::execute@141 (line 167)
                      ; - org.gradle.internal.operations.DefaultBuildOperationRunner::execute@17 (line 60)
  0x0000022f263e3b18: c449 adff 

  0x0000022f263e3b1c: ;   {post_call_nop}
  0x0000022f263e3b1c: 0f1f 8400 | 9431 0045 | bae4 ffff | ff4c 8b44 | 2478 498b | e84c 8b44 | 2460 4c89 | 4424 204c 
  0x0000022f263e3b3c: 8b44 2438 | 4c89 4424 | 284c 8b44 | 2440 4c89 | 4424 304c | 8b44 2468 | 4c89 4424 | 404c 8b84 
  0x0000022f263e3b5c: 2480 0000 | 004c 8944 | 2450 4c8b | 4424 704c | 8944 2458 | 448b 8424 | 8800 0000 | 4489 4424 
  0x0000022f263e3b7c: 604c 8b84 | 2490 0000 | 004c 8944 | 2468 8b8c | 24a0 0000 | 0089 8c24 | 8000 0000 | 4c89 9c24 
  0x0000022f263e3b9c: 9000 0000 | 4489 8c24 | 9800 0000 | 4489 9424 | a000 0000 | 89bc 24a4 | 0000 004c | 8b94 24b0 
  0x0000022f263e3bbc: 0000 004c | 8994 24a8 | 0000 004c | 8b94 24b8 | 0000 004c | 8994 24b0 

  0x0000022f263e3bd4: ;   {runtime_call UncommonTrapBlob}
  0x0000022f263e3bd4: 0000 00e8 

  0x0000022f263e3bd8: ; ImmutableOopMap {rbp=Oop [32]=Oop [40]=Oop [48]=Oop [64]=Oop [80]=Oop [88]=Oop [104]=Oop [128]=NarrowOop [144]=Oop [160]=NarrowOop [168]=Oop [176]=Oop [192]=Oop }
                      ;*laload {reexecute=0 rethrow=0 return_oop=0}
                      ; - it.unimi.dsi.fastutil.longs.LongOpenHashSet::shiftKeys@20 (line 449)
                      ; - it.unimi.dsi.fastutil.longs.LongOpenHashSet::removeEntry@12 (line 463)
                      ; - it.unimi.dsi.fastutil.longs.LongOpenHashSet::remove@97 (line 496)
                      ; - it.unimi.dsi.fastutil.longs.AbstractLongSet::rem@2 (line 83)
                      ; - it.unimi.dsi.fastutil.longs.LongSets$SynchronizedSet::remove@12 (line 219)
                      ; - org.gradle.internal.operations.DefaultBuildOperationListenerManager$ProgressShieldingBuildOperationListener::finished@17 (line 123)
                      ; - org.gradle.internal.operations.DefaultBuildOperationListenerManager$1::finished@36 (line 55)
                      ; - org.gradle.internal.operations.BuildOperationProgressEventListenerAdapter::stop@86 (line 78)
                      ; - org.gradle.internal.operations.DefaultBuildOperationRunner$BuildOperationTrackingListener::stop@9 (line 251)
                      ; - org.gradle.internal.operations.DefaultBuildOperationRunner$2::execute@62 (line 74)
                      ; - org.gradle.internal.operations.DefaultBuildOperationRunner$2::execute@8 (line 60)
                      ; - org.gradle.internal.operations.DefaultBuildOperationRunner::execute@141 (line 167)
                      ; - org.gradle.internal.operations.DefaultBuildOperationRunner::execute@17 (line 60)
  0x0000022f263e3bd8: 0449 adff 

  0x0000022f263e3bdc: ;   {post_call_nop}
  0x0000022f263e3bdc: 0f1f 8400 | 5432 0046 | baf6 ffff 

  0x0000022f263e3be8: ;   {runtime_call UncommonTrapBlob}
  0x0000022f263e3be8: ff66 90e8 

  0x0000022f263e3bec: ; ImmutableOopMap {}
                      ;*invokevirtual getAndIncrement {reexecute=0 rethrow=0 return_oop=0}
                      ; - org.gradle.internal.operations.DefaultBuildOperationIdFactory::nextId@4 (line 28)
                      ; - org.gradle.internal.operations.DefaultBuildOperationRunner::execute@30 (line 158)
                      ; - org.gradle.internal.operations.DefaultBuildOperationRunner::execute@17 (line 60)
  0x0000022f263e3bec: f048 adff 

  0x0000022f263e3bf0: ;   {post_call_nop}
  0x0000022f263e3bf0: 0f1f 8400 | 6832 0047 | baf6 ffff | ff48 8b6c | 2478 4c8b | 5424 384c | 8954 2428 | 4c8b 5424 
  0x0000022f263e3c10: 404c 8954 

  0x0000022f263e3c14: ;   {runtime_call UncommonTrapBlob}
  0x0000022f263e3c14: 2430 90e8 

  0x0000022f263e3c18: ; ImmutableOopMap {rbp=Oop [40]=Oop [48]=Oop [96]=Oop [152]=Oop [176]=Oop [184]=Oop [192]=Oop }
                      ;*invokevirtual onOutput {reexecute=0 rethrow=0 return_oop=0}
                      ; - org.gradle.internal.logging.sink.OutputEventRenderer::onOutput@78 (line 487)
                      ; - org.gradle.internal.logging.sink.OutputEventListenerManager$1::onOutput@8 (line 36)
                      ; - org.gradle.internal.logging.services.ProgressLoggingBridge::completed@5 (line 34)
                      ; - org.gradle.internal.logging.progress.DefaultProgressLoggerFactory$ProgressLoggerImpl::completed@55 (line 250)
                      ; - org.gradle.internal.operations.BuildOperationProgressEventListenerAdapter::stop@42 (line 77)
                      ; - org.gradle.internal.operations.DefaultBuildOperationRunner$BuildOperationTrackingListener::stop@9 (line 251)
                      ; - org.gradle.internal.operations.DefaultBuildOperationRunner$2::execute@62 (line 74)
                      ; - org.gradle.internal.operations.DefaultBuildOperationRunner$2::execute@8 (line 60)
                      ; - org.gradle.internal.operations.DefaultBuildOperationRunner::execute@141 (line 167)
                      ; - org.gradle.internal.operations.DefaultBuildOperationRunner::execute@17 (line 60)
  0x0000022f263e3c18: c448 adff 

  0x0000022f263e3c1c: ;   {post_call_nop}
  0x0000022f263e3c1c: 0f1f 8400 | 9432 0048 | baf6 ffff | ff48 8bac | 24b8 0000 

  0x0000022f263e3c30: ;   {runtime_call UncommonTrapBlob}
  0x0000022f263e3c30: 0066 90e8 

  0x0000022f263e3c34: ; ImmutableOopMap {rbp=Oop }
                      ;*invokevirtual set {reexecute=0 rethrow=0 return_oop=0}
                      ; - org.gradle.internal.operations.BuildOperationState::setRunning@5 (line 43)
                      ; - org.gradle.internal.operations.DefaultBuildOperationRunner$BuildOperationTrackingListener::close@24 (line 260)
                      ; - org.gradle.internal.operations.DefaultBuildOperationRunner$2::execute@88 (line 80)
                      ; - org.gradle.internal.operations.DefaultBuildOperationRunner$2::execute@8 (line 60)
                      ; - org.gradle.internal.operations.DefaultBuildOperationRunner::execute@141 (line 167)
                      ; - org.gradle.internal.operations.DefaultBuildOperationRunner::execute@17 (line 60)
  0x0000022f263e3c34: a848 adff 

  0x0000022f263e3c38: ;   {post_call_nop}
  0x0000022f263e3c38: 0f1f 8400 | b032 0049 | bade ffff | ff48 8b6c | 2460 4c89 | 4424 284c | 895c 2438 | 4489 5424 
  0x0000022f263e3c58: ;   {runtime_call UncommonTrapBlob}
  0x0000022f263e3c58: 4066 90e8 

  0x0000022f263e3c5c: ; ImmutableOopMap {rbp=Oop [40]=Oop [56]=Oop [64]=NarrowOop [104]=Oop [176]=Oop [184]=Oop }
                      ;*invokeinterface nextId {reexecute=0 rethrow=0 return_oop=0}
                      ; - org.gradle.internal.operations.DefaultBuildOperationRunner::execute@30 (line 158)
                      ; - org.gradle.internal.operations.DefaultBuildOperationRunner::execute@17 (line 60)
  0x0000022f263e3c5c: 8048 adff 

  0x0000022f263e3c60: ;   {post_call_nop}
  0x0000022f263e3c60: 0f1f 8400 | d832 004a | bade ffff | ff48 8bef | 4c89 6c24 | 2048 895c | 2438 4489 

  0x0000022f263e3c7c: ;   {runtime_call UncommonTrapBlob}
  0x0000022f263e3c7c: 5424 48e8 

  0x0000022f263e3c80: ; ImmutableOopMap {rbp=Oop [32]=Oop [56]=Oop [64]=Oop [72]=NarrowOop [176]=Oop [184]=Oop }
                      ;*invokeinterface getCurrentTime {reexecute=0 rethrow=0 return_oop=0}
                      ; - org.gradle.internal.operations.DefaultBuildOperationRunner::execute@84 (line 164)
                      ; - org.gradle.internal.operations.DefaultBuildOperationRunner::execute@17 (line 60)
  0x0000022f263e3c80: 5c48 adff 

  0x0000022f263e3c84: ;   {post_call_nop}
  0x0000022f263e3c84: 0f1f 8400 | fc32 004b | bade ffff | ff4c 896c | 2420 4889 | 5c24 3848 | 8974 2448 | 4489 5424 
  0x0000022f263e3ca4: 5048 897c 

  0x0000022f263e3ca8: ;   {runtime_call UncommonTrapBlob}
  0x0000022f263e3ca8: 2468 90e8 

  0x0000022f263e3cac: ; ImmutableOopMap {[32]=Oop [56]=Oop [64]=Oop [72]=Oop [80]=NarrowOop [104]=Oop [176]=Oop [184]=Oop }
                      ;*invokeinterface nanoTime {reexecute=0 rethrow=0 return_oop=0}
                      ; - org.gradle.internal.time.MonotonicClock::getCurrentTime@4 (line 77)
                      ; - org.gradle.internal.operations.DefaultBuildOperationRunner::execute@84 (line 164)
                      ; - org.gradle.internal.operations.DefaultBuildOperationRunner::execute@17 (line 60)
  0x0000022f263e3cac: 3048 adff 

  0x0000022f263e3cb0: ;   {post_call_nop}
  0x0000022f263e3cb0: 0f1f 8400 | 2833 004c | bade ffff | ff49 8bed | 4c89 7424 | 2048 895c | 2428 4889 | 4424 3844 
  0x0000022f263e3cd0: 8944 2440 | 4489 5424 | 4448 897c 

  0x0000022f263e3cdc: ;   {runtime_call UncommonTrapBlob}
  0x0000022f263e3cdc: 2458 90e8 

  0x0000022f263e3ce0: ; ImmutableOopMap {rbp=Oop [32]=Oop [40]=Oop [56]=Oop [64]=NarrowOop [68]=NarrowOop [88]=Oop [176]=Oop [184]=Oop }
                      ;*invokeinterface createListener {reexecute=0 rethrow=0 return_oop=0}
                      ; - org.gradle.internal.operations.DefaultBuildOperationRunner::execute@106 (line 165)
                      ; - org.gradle.internal.operations.DefaultBuildOperationRunner::execute@17 (line 60)
  0x0000022f263e3ce0: fc47 adff 

  0x0000022f263e3ce4: ;   {post_call_nop}
  0x0000022f263e3ce4: 0f1f 8400 | 5c33 004d | 33c0 e9fa | eeff ffba | deff ffff | 4c8b 4c24 | 784c 894c | 2420 4c89 
  0x0000022f263e3d04: 5424 304c | 8944 2438 | 4489 5c24 

  0x0000022f263e3d10: ;   {runtime_call UncommonTrapBlob}
  0x0000022f263e3d10: 5066 90e8 

  0x0000022f263e3d14: ; ImmutableOopMap {rbp=Oop [32]=Oop [48]=Oop [56]=Oop [80]=NarrowOop [96]=Oop [104]=Oop [176]=Oop [184]=Oop [192]=Oop }
                      ;*invokeinterface stop {reexecute=0 rethrow=0 return_oop=0}
                      ; - org.gradle.internal.operations.DefaultBuildOperationRunner$BuildOperationTrackingListener::stop@9 (line 251)
                      ; - org.gradle.internal.operations.DefaultBuildOperationRunner$2::execute@62 (line 74)
                      ; - org.gradle.internal.operations.DefaultBuildOperationRunner$2::execute@8 (line 60)
                      ; - org.gradle.internal.operations.DefaultBuildOperationRunner::execute@141 (line 167)
                      ; - org.gradle.internal.operations.DefaultBuildOperationRunner::execute@17 (line 60)
  0x0000022f263e3d14: c847 adff 

  0x0000022f263e3d18: ;   {post_call_nop}
  0x0000022f263e3d18: 0f1f 8400 | 9033 004e | bade ffff | ff48 8b7c | 2478 4889 | 7c24 204c | 8954 2430 | 4c89 4424 
  0x0000022f263e3d38: 384c 8b54 | 2468 4c89 | 5424 4848 | 894c 2450 | 4489 5c24 | 6889 5c24 | 6c44 894c 

  0x0000022f263e3d54: ;   {runtime_call UncommonTrapBlob}
  0x0000022f263e3d54: 2470 90e8 

  0x0000022f263e3d58: ; ImmutableOopMap {rbp=Oop [32]=Oop [48]=Oop [56]=Oop [72]=Oop [80]=Oop [96]=Oop [104]=NarrowOop [108]=NarrowOop [176]=Oop [184]=Oop [192]=Oop }
                      ;*invokeinterface completed {reexecute=0 rethrow=0 return_oop=0}
                      ; - org.gradle.internal.operations.BuildOperationProgressEventListenerAdapter::stop@42 (line 77)
                      ; - org.gradle.internal.operations.DefaultBuildOperationRunner$BuildOperationTrackingListener::stop@9 (line 251)
                      ; - org.gradle.internal.operations.DefaultBuildOperationRunner$2::execute@62 (line 74)
                      ; - org.gradle.internal.operations.DefaultBuildOperationRunner$2::execute@8 (line 60)
                      ; - org.gradle.internal.operations.DefaultBuildOperationRunner::execute@141 (line 167)
                      ; - org.gradle.internal.operations.DefaultBuildOperationRunner::execute@17 (line 60)
  0x0000022f263e3d58: 8447 adff 

  0x0000022f263e3d5c: ;   {post_call_nop}
  0x0000022f263e3d5c: 0f1f 8400 | d433 004f | bade ffff | ff48 8b6c | 2478 4c8b | 5c24 604c | 895c 2420 | 4c8b 5c24 
  0x0000022f263e3d7c: 384c 895c | 2428 4c8b | 5c24 404c | 895c 2430 | 4c8b 5c24 | 684c 895c | 2440 4c8b | 5c24 504c 
  0x0000022f263e3d9c: 895c 2448 | 4c8b 5c24 | 704c 895c | 2460 4889 | 7c24 6844 | 8b9c 2484 | 0000 0044 | 895c 2470 
  0x0000022f263e3dbc: 448b 9424 | 8000 0000 | 4489 5424 | 7444 894c | 2478 4489 

  0x0000022f263e3dd0: ;   {runtime_call UncommonTrapBlob}
  0x0000022f263e3dd0: 4424 7ce8 

  0x0000022f263e3dd4: ; ImmutableOopMap {rbp=Oop [32]=Oop [40]=Oop [48]=Oop [64]=Oop [72]=Oop [96]=Oop [104]=Oop [112]=NarrowOop [120]=NarrowOop [124]=NarrowOop [176]=Oop [184]=Oop [192]=Oop }
                      ;*invokevirtual set {reexecute=0 rethrow=0 return_oop=0}
                      ; - org.gradle.internal.logging.progress.DefaultProgressLoggerFactory$ProgressLoggerImpl::completed@22 (line 249)
                      ; - org.gradle.internal.operations.BuildOperationProgressEventListenerAdapter::stop@42 (line 77)
                      ; - org.gradle.internal.operations.DefaultBuildOperationRunner$BuildOperationTrackingListener::stop@9 (line 251)
                      ; - org.gradle.internal.operations.DefaultBuildOperationRunner$2::execute@62 (line 74)
                      ; - org.gradle.internal.operations.DefaultBuildOperationRunner$2::execute@8 (line 60)
                      ; - org.gradle.internal.operations.DefaultBuildOperationRunner::execute@141 (line 167)
                      ; - org.gradle.internal.operations.DefaultBuildOperationRunner::execute@17 (line 60)
  0x0000022f263e3dd4: 0847 adff 

  0x0000022f263e3dd8: ;   {post_call_nop}
  0x0000022f263e3dd8: 0f1f 8400 | 5034 0050 | bade ffff | ff48 8b6c | 2478 4c8b | 5424 604c | 8954 2420 | 4c8b 5424 
  0x0000022f263e3df8: 384c 8954 | 2428 4c8b | 5424 404c | 8954 2430 | 4c8b 5424 | 684c 8954 | 2440 4c8b | 5424 504c 
  0x0000022f263e3e18: 8954 2448 | 4c8b 5424 | 704c 8954 | 2460 4c8b | 9424 8800 | 0000 4c89 | 5424 6844 | 8b94 2484 
  0x0000022f263e3e38: 0000 0044 | 8954 2470 | 448b 9424 | 8000 0000 | 4489 5424 | 7444 8b9c | 2490 0000 | 0044 895c 
  0x0000022f263e3e58: 2478 4889 | 8424 8800 | 0000 4489 | 8424 9000 

  0x0000022f263e3e68: ;   {runtime_call UncommonTrapBlob}
  0x0000022f263e3e68: 0000 90e8 

  0x0000022f263e3e6c: ; ImmutableOopMap {rbp=Oop [32]=Oop [40]=Oop [48]=Oop [64]=Oop [72]=Oop [96]=Oop [104]=Oop [112]=NarrowOop [120]=NarrowOop [136]=Oop [144]=NarrowOop [148]=NarrowOop [176]=Oop [184]=Oop [192]=Oop }
                      ;*invokeinterface getCurrentTime {reexecute=0 rethrow=0 return_oop=0}
                      ; - org.gradle.internal.logging.progress.DefaultProgressLoggerFactory$ProgressLoggerImpl::completed@41 (line 250)
                      ; - org.gradle.internal.operations.BuildOperationProgressEventListenerAdapter::stop@42 (line 77)
                      ; - org.gradle.internal.operations.DefaultBuildOperationRunner$BuildOperationTrackingListener::stop@9 (line 251)
                      ; - org.gradle.internal.operations.DefaultBuildOperationRunner$2::execute@62 (line 74)
                      ; - org.gradle.internal.operations.DefaultBuildOperationRunner$2::execute@8 (line 60)
                      ; - org.gradle.internal.operations.DefaultBuildOperationRunner::execute@141 (line 167)
                      ; - org.gradle.internal.operations.DefaultBuildOperationRunner::execute@17 (line 60)
  0x0000022f263e3e6c: 7046 adff 

  0x0000022f263e3e70: ;   {post_call_nop}
  0x0000022f263e3e70: 0f1f 8400 | e834 0051 | bade ffff | ff48 8b6c | 2478 4c8b | 5c24 604c | 895c 2420 | 4c8b 5c24 
  0x0000022f263e3e90: 384c 895c | 2428 4c8b | 5c24 404c | 895c 2430 | 4c8b 5c24 | 684c 895c | 2440 4c8b | 5c24 504c 
  0x0000022f263e3eb0: 895c 2448 | 4c8b 5c24 | 704c 895c | 2460 4c8b | 9c24 8800 | 0000 4c89 | 5c24 6844 | 8b9c 2484 
  0x0000022f263e3ed0: 0000 0044 | 895c 2470 | 448b 8424 | 8000 0000 | 4489 4424 | 7444 8b9c | 2490 0000 | 0044 895c 
  0x0000022f263e3ef0: 2478 4889 | 8424 8800 | 0000 448b | 8424 9400 | 0000 4489 | 4424 7c4c | 8b9c 24a0 | 0000 004c 
  0x0000022f263e3f10: 899c 2490 | 0000 0044 | 8994 2498 | 0000 004c | 8b94 24b0 | 0000 004c | 8994 24a0 

  0x0000022f263e3f2c: ;   {runtime_call UncommonTrapBlob}
  0x0000022f263e3f2c: 0000 00e8 

  0x0000022f263e3f30: ; ImmutableOopMap {rbp=Oop [32]=Oop [40]=Oop [48]=Oop [64]=Oop [72]=Oop [96]=Oop [104]=Oop [112]=NarrowOop [120]=NarrowOop [124]=NarrowOop [136]=Oop [144]=Oop [152]=NarrowOop [160]=Oop [184]=Oop [192]=Oop }
                      ;*invokeinterface nanoTime {reexecute=0 rethrow=0 return_oop=0}
                      ; - org.gradle.internal.time.MonotonicClock::getCurrentTime@4 (line 77)
                      ; - org.gradle.internal.logging.progress.DefaultProgressLoggerFactory$ProgressLoggerImpl::completed@41 (line 250)
                      ; - org.gradle.internal.operations.BuildOperationProgressEventListenerAdapter::stop@42 (line 77)
                      ; - org.gradle.internal.operations.DefaultBuildOperationRunner$BuildOperationTrackingListener::stop@9 (line 251)
                      ; - org.gradle.internal.operations.DefaultBuildOperationRunner$2::execute@62 (line 74)
                      ; - org.gradle.internal.operations.DefaultBuildOperationRunner$2::execute@8 (line 60)
                      ; - org.gradle.internal.operations.DefaultBuildOperationRunner::execute@141 (line 167)
                      ; - org.gradle.internal.operations.DefaultBuildOperationRunner::execute@17 (line 60)
  0x0000022f263e3f30: ac45 adff 

  0x0000022f263e3f34: ;   {post_call_nop}
  0x0000022f263e3f34: 0f1f 8400 | ac35 0052 | bade ffff | ff48 8b6c | 2478 4c8b | 5424 604c | 8954 2420 | 4c8b 5424 
  0x0000022f263e3f54: 384c 8954 | 2428 4c8b | 5424 404c | 8954 2430 | 4c8b 5424 | 684c 8954 | 2440 4c8b | 5424 504c 
  0x0000022f263e3f74: 8954 2448 | 4c8b 5424 | 704c 8954 

  0x0000022f263e3f80: ;   {runtime_call UncommonTrapBlob}
  0x0000022f263e3f80: 2460 90e8 

  0x0000022f263e3f84: ; ImmutableOopMap {rbp=Oop [32]=Oop [40]=Oop [48]=Oop [64]=Oop [72]=Oop [96]=Oop [144]=NarrowOop [152]=Oop [176]=Oop [184]=Oop [192]=Oop }
                      ;*invokeinterface completed {reexecute=0 rethrow=0 return_oop=0}
                      ; - org.gradle.internal.logging.progress.DefaultProgressLoggerFactory$ProgressLoggerImpl::completed@55 (line 250)
                      ; - org.gradle.internal.operations.BuildOperationProgressEventListenerAdapter::stop@42 (line 77)
                      ; - org.gradle.internal.operations.DefaultBuildOperationRunner$BuildOperationTrackingListener::stop@9 (line 251)
                      ; - org.gradle.internal.operations.DefaultBuildOperationRunner$2::execute@62 (line 74)
                      ; - org.gradle.internal.operations.DefaultBuildOperationRunner$2::execute@8 (line 60)
                      ; - org.gradle.internal.operations.DefaultBuildOperationRunner::execute@141 (line 167)
                      ; - org.gradle.internal.operations.DefaultBuildOperationRunner::execute@17 (line 60)
  0x0000022f263e3f84: 5845 adff 

  0x0000022f263e3f88: ;   {post_call_nop}
  0x0000022f263e3f88: 0f1f 8400 | 0036 0053 | bade ffff | ff48 8b6c | 2478 4c8b | 5c24 604c | 895c 2420 | 4c8b 5c24 
  0x0000022f263e3fa8: 384c 895c | 2428 4c8b | 5c24 404c | 895c 2430 | 4c8b 5c24 | 684c 895c | 2440 4c8b | 5c24 504c 
  0x0000022f263e3fc8: 895c 2448 | 4c8b 5c24 | 704c 895c | 2460 4489 

  0x0000022f263e3fd8: ;   {runtime_call UncommonTrapBlob}
  0x0000022f263e3fd8: 5424 68e8 

  0x0000022f263e3fdc: ; ImmutableOopMap {rbp=Oop [32]=Oop [40]=Oop [48]=Oop [64]=Oop [72]=Oop [96]=Oop [104]=NarrowOop [152]=Oop [176]=Oop [184]=Oop [192]=Oop }
                      ;*invokeinterface onOutput {reexecute=0 rethrow=0 return_oop=0}
                      ; - org.gradle.internal.logging.services.ProgressLoggingBridge::completed@5 (line 34)
                      ; - org.gradle.internal.logging.progress.DefaultProgressLoggerFactory$ProgressLoggerImpl::completed@55 (line 250)
                      ; - org.gradle.internal.operations.BuildOperationProgressEventListenerAdapter::stop@42 (line 77)
                      ; - org.gradle.internal.operations.DefaultBuildOperationRunner$BuildOperationTrackingListener::stop@9 (line 251)
                      ; - org.gradle.internal.operations.DefaultBuildOperationRunner$2::execute@62 (line 74)
                      ; - org.gradle.internal.operations.DefaultBuildOperationRunner$2::execute@8 (line 60)
                      ; - org.gradle.internal.operations.DefaultBuildOperationRunner::execute@141 (line 167)
                      ; - org.gradle.internal.operations.DefaultBuildOperationRunner::execute@17 (line 60)
  0x0000022f263e3fdc: 0045 adff 

  0x0000022f263e3fe0: ;   {post_call_nop}
  0x0000022f263e3fe0: 0f1f 8400 | 5836 0054 | bade ffff | ff4c 8b5c | 2478 4c89 | 5c24 204c | 8b5c 2438 | 4c89 5c24 
  0x0000022f263e4000: 304c 8b5c | 2440 4c89 | 5c24 384c | 8b5c 2468 | 4c89 5c24 | 484c 8b5c | 2470 4c89 | 5c24 6844 
  0x0000022f263e4020: 8954 2478 | 4889 8c24 | 8000 0000 

  0x0000022f263e402c: ;   {runtime_call UncommonTrapBlob}
  0x0000022f263e402c: 6666 90e8 

  0x0000022f263e4030: ; ImmutableOopMap {rbp=Oop [32]=Oop [48]=Oop [56]=Oop [72]=Oop [80]=Oop [96]=Oop [104]=Oop [120]=NarrowOop [128]=Oop [176]=Oop [184]=Oop [192]=Oop }
                      ;*invokeinterface onOutput {reexecute=0 rethrow=0 return_oop=0}
                      ; - org.gradle.internal.logging.sink.OutputEventListenerManager$1::onOutput@8 (line 36)
                      ; - org.gradle.internal.logging.services.ProgressLoggingBridge::completed@5 (line 34)
                      ; - org.gradle.internal.logging.progress.DefaultProgressLoggerFactory$ProgressLoggerImpl::completed@55 (line 250)
                      ; - org.gradle.internal.operations.BuildOperationProgressEventListenerAdapter::stop@42 (line 77)
                      ; - org.gradle.internal.operations.DefaultBuildOperationRunner$BuildOperationTrackingListener::stop@9 (line 251)
                      ; - org.gradle.internal.operations.DefaultBuildOperationRunner$2::execute@62 (line 74)
                      ; - org.gradle.internal.operations.DefaultBuildOperationRunner$2::execute@8 (line 60)
                      ; - org.gradle.internal.operations.DefaultBuildOperationRunner::execute@141 (line 167)
                      ; - org.gradle.internal.operations.DefaultBuildOperationRunner::execute@17 (line 60)
  0x0000022f263e4030: ac44 adff 

  0x0000022f263e4034: ;   {post_call_nop}
  0x0000022f263e4034: 0f1f 8400 | ac36 0055 | bade ffff | ff4c 8b54 | 2478 4c89 | 5424 204c | 894c 2428 | 4c8b 5424 
  0x0000022f263e4054: 384c 8954 | 2430 4c8b | 5424 404c | 8954 2438 | 4c8b 5424 | 684c 8954 | 2448 4c8b | 5424 704c 
  0x0000022f263e4074: 8954 2450 | 4889 4424 | 684c 895c | 2470 4489 

  0x0000022f263e4084: ;   {runtime_call UncommonTrapBlob}
  0x0000022f263e4084: 4424 78e8 

  0x0000022f263e4088: ; ImmutableOopMap {rbp=NarrowOop [32]=Oop [40]=Oop [48]=Oop [56]=Oop [72]=Oop [80]=Oop [104]=Oop [120]=NarrowOop [176]=Oop [184]=Oop [192]=Oop }
                      ;*invokeinterface getCurrentTime {reexecute=0 rethrow=0 return_oop=0}
                      ; - org.gradle.internal.operations.BuildOperationProgressEventListenerAdapter::stop@64 (line 78)
                      ; - org.gradle.internal.operations.DefaultBuildOperationRunner$BuildOperationTrackingListener::stop@9 (line 251)
                      ; - org.gradle.internal.operations.DefaultBuildOperationRunner$2::execute@62 (line 74)
                      ; - org.gradle.internal.operations.DefaultBuildOperationRunner$2::execute@8 (line 60)
                      ; - org.gradle.internal.operations.DefaultBuildOperationRunner::execute@141 (line 167)
                      ; - org.gradle.internal.operations.DefaultBuildOperationRunner::execute@17 (line 60)
  0x0000022f263e4088: 5444 adff 

  0x0000022f263e408c: ;   {post_call_nop}
  0x0000022f263e408c: 0f1f 8400 | 0437 0056 | bade ffff | ff4c 8b44 | 2478 4c89 | 4424 204c | 894c 2428 | 4c8b 4424 
  0x0000022f263e40ac: 384c 8944 | 2430 4c8b | 4424 404c | 8944 2438 | 4c8b 4424 | 684c 8944 | 2448 4c8b | 4424 704c 
  0x0000022f263e40cc: 8944 2450 | 4889 4424 | 684c 895c | 2470 4889 | 5c24 7844 | 8994 2480 

  0x0000022f263e40e4: ;   {runtime_call UncommonTrapBlob}
  0x0000022f263e40e4: 0000 00e8 

  0x0000022f263e40e8: ; ImmutableOopMap {rbp=NarrowOop [32]=Oop [40]=Oop [48]=Oop [56]=Oop [72]=Oop [80]=Oop [104]=Oop [120]=Oop [128]=NarrowOop [176]=Oop [184]=Oop [192]=Oop }
                      ;*invokeinterface nanoTime {reexecute=0 rethrow=0 return_oop=0}
                      ; - org.gradle.internal.time.MonotonicClock::getCurrentTime@4 (line 77)
                      ; - org.gradle.internal.operations.BuildOperationProgressEventListenerAdapter::stop@64 (line 78)
                      ; - org.gradle.internal.operations.DefaultBuildOperationRunner$BuildOperationTrackingListener::stop@9 (line 251)
                      ; - org.gradle.internal.operations.DefaultBuildOperationRunner$2::execute@62 (line 74)
                      ; - org.gradle.internal.operations.DefaultBuildOperationRunner$2::execute@8 (line 60)
                      ; - org.gradle.internal.operations.DefaultBuildOperationRunner::execute@141 (line 167)
                      ; - org.gradle.internal.operations.DefaultBuildOperationRunner::execute@17 (line 60)
  0x0000022f263e40e8: f443 adff 

  0x0000022f263e40ec: ;   {post_call_nop}
  0x0000022f263e40ec: 0f1f 8400 | 6437 0057 | bade ffff | ff4c 8b5c | 2478 4c89 | 5c24 204c | 8b5c 2460 | 4c89 5c24 
  0x0000022f263e410c: 284c 8b5c | 2438 4c89 | 5c24 304c | 8b5c 2440 | 4c89 5c24 | 384c 8b5c | 2468 4c89 | 5c24 484c 
  0x0000022f263e412c: 8954 2458 

  0x0000022f263e4130: ;   {runtime_call UncommonTrapBlob}
  0x0000022f263e4130: 6666 90e8 

  0x0000022f263e4134: ; ImmutableOopMap {rbp=NarrowOop [32]=Oop [40]=Oop [48]=Oop [56]=Oop [72]=Oop [88]=Oop [176]=Oop [184]=Oop [192]=Oop }
                      ;*invokeinterface finished {reexecute=0 rethrow=0 return_oop=0}
                      ; - org.gradle.internal.operations.BuildOperationProgressEventListenerAdapter::stop@86 (line 78)
                      ; - org.gradle.internal.operations.DefaultBuildOperationRunner$BuildOperationTrackingListener::stop@9 (line 251)
                      ; - org.gradle.internal.operations.DefaultBuildOperationRunner$2::execute@62 (line 74)
                      ; - org.gradle.internal.operations.DefaultBuildOperationRunner$2::execute@8 (line 60)
                      ; - org.gradle.internal.operations.DefaultBuildOperationRunner::execute@141 (line 167)
                      ; - org.gradle.internal.operations.DefaultBuildOperationRunner::execute@17 (line 60)
  0x0000022f263e4134: a843 adff 

  0x0000022f263e4138: ;   {post_call_nop}
  0x0000022f263e4138: 0f1f 8400 | b037 0058 | bae4 ffff | ff4c 8b54 | 2478 4c89 | 5424 204c | 8b54 2438 | 4c89 5424 
  0x0000022f263e4158: 304c 8b54 | 2440 4c89 | 5424 384c | 8b54 2468 | 4c89 5424 | 484c 8b54 | 2470 4c89 | 5424 6848 
  0x0000022f263e4178: 897c 2470 | 448b 9424 | 8400 0000 | 4489 5424 | 7844 8b9c | 2480 0000 | 0044 895c | 247c 448b 
  0x0000022f263e4198: 9424 9800 | 0000 4489 | 9424 8800 | 0000 4489 | 8424 8c00 | 0000 4c8b | 9424 b000 | 0000 4c89 
  0x0000022f263e41b8: 9424 a800 | 0000 4c8b | 9424 b800 | 0000 4c89 | 9424 b000 

  0x0000022f263e41cc: ;   {runtime_call UncommonTrapBlob}
  0x0000022f263e41cc: 0000 90e8 

  0x0000022f263e41d0: ; ImmutableOopMap {[32]=Oop [48]=Oop [56]=Oop [72]=Oop [80]=Oop [96]=Oop [104]=Oop [112]=Oop [120]=NarrowOop [136]=NarrowOop [140]=NarrowOop [144]=Oop [160]=NarrowOop [168]=Oop [176]=Oop [192]=Oop }
                      ;*aaload {reexecute=0 rethrow=0 return_oop=0}
                      ; - java.lang.ThreadLocal$ThreadLocalMap::set@23
                      ; - java.lang.ThreadLocal::set@13
                      ; - java.lang.ThreadLocal::set@5
                      ; - org.gradle.internal.logging.progress.DefaultProgressLoggerFactory$ProgressLoggerImpl::completed@22 (line 249)
                      ; - org.gradle.internal.operations.BuildOperationProgressEventListenerAdapter::stop@42 (line 77)
                      ; - org.gradle.internal.operations.DefaultBuildOperationRunner$BuildOperationTrackingListener::stop@9 (line 251)
                      ; - org.gradle.internal.operations.DefaultBuildOperationRunner$2::execute@62 (line 74)
                      ; - org.gradle.internal.operations.DefaultBuildOperationRunner$2::execute@8 (line 60)
                      ; - org.gradle.internal.operations.DefaultBuildOperationRunner::execute@141 (line 167)
                      ; - org.gradle.internal.operations.DefaultBuildOperationRunner::execute@17 (line 60)
  0x0000022f263e41d0: 0c43 adff 

  0x0000022f263e41d4: ;   {post_call_nop}
  0x0000022f263e41d4: 0f1f 8400 | 4c38 0059 | bade ffff | ff48 8bac | 24b8 0000 | 004c 8954 | 2420 4c8b | 5424 604c 
  0x0000022f263e41f4: 8954 2430 | 4489 4c24 

  0x0000022f263e41fc: ;   {runtime_call UncommonTrapBlob}
  0x0000022f263e41fc: 3866 90e8 

  0x0000022f263e4200: ; ImmutableOopMap {rbp=Oop [32]=Oop [48]=Oop [56]=NarrowOop [120]=Oop }
                      ;*invokeinterface close {reexecute=0 rethrow=0 return_oop=0}
                      ; - org.gradle.internal.operations.DefaultBuildOperationRunner$BuildOperationTrackingListener::close@6 (line 258)
                      ; - org.gradle.internal.operations.DefaultBuildOperationRunner$2::execute@88 (line 80)
                      ; - org.gradle.internal.operations.DefaultBuildOperationRunner$2::execute@8 (line 60)
                      ; - org.gradle.internal.operations.DefaultBuildOperationRunner::execute@141 (line 167)
                      ; - org.gradle.internal.operations.DefaultBuildOperationRunner::execute@17 (line 60)
  0x0000022f263e4200: dc42 adff 

  0x0000022f263e4204: ;   {post_call_nop}
  0x0000022f263e4204: 0f1f 8400 | 7c38 005a | bade ffff | ff48 8bac | 24b8 0000 | 0044 894c | 2430 4489 

  0x0000022f263e4220: ;   {runtime_call UncommonTrapBlob}
  0x0000022f263e4220: 5c24 34e8 

  0x0000022f263e4224: ; ImmutableOopMap {rbp=Oop [48]=NarrowOop [52]=NarrowOop [96]=Oop [120]=Oop }
                      ;*invokevirtual set {reexecute=0 rethrow=0 return_oop=0}
                      ; - org.gradle.internal.operations.CurrentBuildOperationRef::set@16 (line 55)
                      ; - org.gradle.internal.operations.DefaultBuildOperationRunner$BuildOperationTrackingListener::close@19 (line 259)
                      ; - org.gradle.internal.operations.DefaultBuildOperationRunner$2::execute@88 (line 80)
                      ; - org.gradle.internal.operations.DefaultBuildOperationRunner$2::execute@8 (line 60)
                      ; - org.gradle.internal.operations.DefaultBuildOperationRunner::execute@141 (line 167)
                      ; - org.gradle.internal.operations.DefaultBuildOperationRunner::execute@17 (line 60)
  0x0000022f263e4224: b842 adff 

  0x0000022f263e4228: ;   {post_call_nop}
  0x0000022f263e4228: 0f1f 8400 | a038 005b | bae4 ffff | ff89 4c24 | 4048 895c | 2448 4489 | 5c24 4444 | 8944 2458 
  0x0000022f263e4248: 4489 4c24 

  0x0000022f263e424c: ;   {runtime_call UncommonTrapBlob}
  0x0000022f263e424c: 5c66 90e8 

  0x0000022f263e4250: ; ImmutableOopMap {[64]=NarrowOop [68]=NarrowOop [72]=Oop [88]=NarrowOop [96]=Oop [120]=Oop [184]=Oop }
                      ;*aaload {reexecute=0 rethrow=0 return_oop=0}
                      ; - java.lang.ThreadLocal$ThreadLocalMap::set@23
                      ; - java.lang.ThreadLocal::set@13
                      ; - java.lang.ThreadLocal::set@5
                      ; - org.gradle.internal.operations.CurrentBuildOperationRef::set@16 (line 55)
                      ; - org.gradle.internal.operations.DefaultBuildOperationRunner$BuildOperationTrackingListener::close@19 (line 259)
                      ; - org.gradle.internal.operations.DefaultBuildOperationRunner$2::execute@88 (line 80)
                      ; - org.gradle.internal.operations.DefaultBuildOperationRunner$2::execute@8 (line 60)
                      ; - org.gradle.internal.operations.DefaultBuildOperationRunner::execute@141 (line 167)
                      ; - org.gradle.internal.operations.DefaultBuildOperationRunner::execute@17 (line 60)
  0x0000022f263e4250: 8c42 adff 

  0x0000022f263e4254: ;   {post_call_nop}
  0x0000022f263e4254: 0f1f 8400 | cc38 005c | ba7e ffff | ff48 8be8 

  0x0000022f263e4264: ;   {runtime_call UncommonTrapBlob}
  0x0000022f263e4264: 6666 90e8 

  0x0000022f263e4268: ; ImmutableOopMap {}
                      ;*ldiv {reexecute=0 rethrow=0 return_oop=0}
                      ; - java.util.concurrent.TimeUnit::toMillis@31
                      ; - org.gradle.internal.time.MonotonicClock::getCurrentTime@37 (line 81)
                      ; - org.gradle.internal.operations.DefaultBuildOperationRunner::execute@84 (line 164)
                      ; - org.gradle.internal.operations.DefaultBuildOperationRunner::execute@17 (line 60)
  0x0000022f263e4268: 7442 adff 

  0x0000022f263e426c: ;   {post_call_nop}
  0x0000022f263e426c: 0f1f 8400 | e438 005d | ba7e ffff | ff48 8b6c | 2478 4c8b | 5424 384c | 8954 2428 | 4c8b 5424 
  0x0000022f263e428c: 404c 8954 | 2430 4889 

  0x0000022f263e4294: ;   {runtime_call UncommonTrapBlob}
  0x0000022f263e4294: 4424 38e8 

  0x0000022f263e4298: ; ImmutableOopMap {rbp=Oop [40]=Oop [48]=Oop [96]=Oop [176]=Oop [184]=Oop [192]=Oop }
                      ;*ldiv {reexecute=0 rethrow=0 return_oop=0}
                      ; - java.util.concurrent.TimeUnit::toMillis@31
                      ; - org.gradle.internal.time.MonotonicClock::getCurrentTime@37 (line 81)
                      ; - org.gradle.internal.logging.progress.DefaultProgressLoggerFactory$ProgressLoggerImpl::completed@41 (line 250)
                      ; - org.gradle.internal.operations.BuildOperationProgressEventListenerAdapter::stop@42 (line 77)
                      ; - org.gradle.internal.operations.DefaultBuildOperationRunner$BuildOperationTrackingListener::stop@9 (line 251)
                      ; - org.gradle.internal.operations.DefaultBuildOperationRunner$2::execute@62 (line 74)
                      ; - org.gradle.internal.operations.DefaultBuildOperationRunner$2::execute@8 (line 60)
                      ; - org.gradle.internal.operations.DefaultBuildOperationRunner::execute@141 (line 167)
                      ; - org.gradle.internal.operations.DefaultBuildOperationRunner::execute@17 (line 60)
  0x0000022f263e4298: 4442 adff 

  0x0000022f263e429c: ;   {post_call_nop}
  0x0000022f263e429c: 0f1f 8400 | 1439 005e | ba7e ffff | ff48 8b6c | 2478 4c8b | 5424 384c | 8954 2428 | 4c8b 5424 
  0x0000022f263e42bc: 404c 8954 | 2430 4889 

  0x0000022f263e42c4: ;   {runtime_call UncommonTrapBlob}
  0x0000022f263e42c4: 4424 38e8 

  0x0000022f263e42c8: ; ImmutableOopMap {rbp=Oop [40]=Oop [48]=Oop [96]=Oop [176]=Oop [184]=Oop [192]=Oop }
                      ;*ldiv {reexecute=0 rethrow=0 return_oop=0}
                      ; - java.util.concurrent.TimeUnit::toMillis@31
                      ; - org.gradle.internal.time.MonotonicClock::getCurrentTime@37 (line 81)
                      ; - org.gradle.internal.operations.BuildOperationProgressEventListenerAdapter::stop@64 (line 78)
                      ; - org.gradle.internal.operations.DefaultBuildOperationRunner$BuildOperationTrackingListener::stop@9 (line 251)
                      ; - org.gradle.internal.operations.DefaultBuildOperationRunner$2::execute@62 (line 74)
                      ; - org.gradle.internal.operations.DefaultBuildOperationRunner$2::execute@8 (line 60)
                      ; - org.gradle.internal.operations.DefaultBuildOperationRunner::execute@141 (line 167)
                      ; - org.gradle.internal.operations.DefaultBuildOperationRunner::execute@17 (line 60)
  0x0000022f263e42c8: 1442 adff 

  0x0000022f263e42cc: ;   {post_call_nop}
  0x0000022f263e42cc: 0f1f 8400 | 4439 005f | bade ffff | ff48 8b6c | 2420 4c8b | 5c24 604c | 895c 2420 | 4c8b 5c24 
  0x0000022f263e42ec: 384c 895c | 2428 4c8b | 5c24 404c | 895c 2430 | 4c8b 5c24 | 684c 895c | 2440 4c8b | 5c24 504c 
  0x0000022f263e430c: 895c 2448 | 4c8b 5c24 | 704c 895c | 2460 4489 

  0x0000022f263e431c: ;   {runtime_call UncommonTrapBlob}
  0x0000022f263e431c: 5424 68e8 

  0x0000022f263e4320: ; ImmutableOopMap {rbp=Oop [32]=Oop [40]=Oop [48]=Oop [64]=Oop [72]=Oop [96]=Oop [104]=NarrowOop [152]=Oop [176]=Oop [184]=Oop [192]=Oop }
                      ;*invokeinterface onOutput {reexecute=0 rethrow=0 return_oop=0}
                      ; - org.gradle.internal.logging.sink.OutputEventListenerManager$1::onOutput@27 (line 40)
                      ; - org.gradle.internal.logging.services.ProgressLoggingBridge::completed@5 (line 34)
                      ; - org.gradle.internal.logging.progress.DefaultProgressLoggerFactory$ProgressLoggerImpl::completed@55 (line 250)
                      ; - org.gradle.internal.operations.BuildOperationProgressEventListenerAdapter::stop@42 (line 77)
                      ; - org.gradle.internal.operations.DefaultBuildOperationRunner$BuildOperationTrackingListener::stop@9 (line 251)
                      ; - org.gradle.internal.operations.DefaultBuildOperationRunner$2::execute@62 (line 74)
                      ; - org.gradle.internal.operations.DefaultBuildOperationRunner$2::execute@8 (line 60)
                      ; - org.gradle.internal.operations.DefaultBuildOperationRunner::execute@141 (line 167)
                      ; - org.gradle.internal.operations.DefaultBuildOperationRunner::execute@17 (line 60)
  0x0000022f263e4320: bc41 adff 

  0x0000022f263e4324: ;   {post_call_nop}
  0x0000022f263e4324: 0f1f 8400 | 9c39 0060 | bae4 ffff | ff48 8b6c | 2478 4c8b | 5424 604c | 8954 2420 | 4c8b 5424 
  0x0000022f263e4344: 384c 8954 | 2428 4c8b | 5424 404c | 8954 2430 | 4c8b 5424 | 684c 8954 | 2440 4c8b | 5424 504c 
  0x0000022f263e4364: 8954 2448 | 4c8b 5424 | 704c 8954 | 2460 4c8b | 9424 8800 | 0000 4c89 | 5424 6844 | 8b94 2484 
  0x0000022f263e4384: 0000 0044 | 8954 2470 | 448b 9c24 | 8000 0000 | 4489 5c24 | 744c 8b94 | 2490 0000 | 004c 8954 
  0x0000022f263e43a4: 2478 448b | 9424 9800 | 0000 4489 | 9424 8000 | 0000 448b | 9c24 9c00 | 0000 448b | 9424 a000 
  0x0000022f263e43c4: 0000 4489 | 9424 8800 | 0000 4489 | 9c24 8c00 | 0000 4889 | 8424 9000 

  0x0000022f263e43dc: ;   {runtime_call UncommonTrapBlob}
  0x0000022f263e43dc: 0000 90e8 

  0x0000022f263e43e0: ; ImmutableOopMap {rbp=Oop [32]=Oop [40]=Oop [48]=Oop [64]=Oop [72]=Oop [96]=Oop [104]=Oop [112]=NarrowOop [120]=Oop [128]=NarrowOop [136]=NarrowOop [144]=Oop [176]=Oop [184]=Oop [192]=Oop }
                      ;*aastore {reexecute=1 rethrow=0 return_oop=0}
                      ; - (reexecute) java.lang.ThreadLocal$ThreadLocalMap::set@94
                      ; - java.lang.ThreadLocal::set@13
                      ; - java.lang.ThreadLocal::set@5
                      ; - org.gradle.internal.logging.progress.DefaultProgressLoggerFactory$ProgressLoggerImpl::completed@22 (line 249)
                      ; - org.gradle.internal.operations.BuildOperationProgressEventListenerAdapter::stop@42 (line 77)
                      ; - org.gradle.internal.operations.DefaultBuildOperationRunner$BuildOperationTrackingListener::stop@9 (line 251)
                      ; - org.gradle.internal.operations.DefaultBuildOperationRunner$2::execute@62 (line 74)
                      ; - org.gradle.internal.operations.DefaultBuildOperationRunner$2::execute@8 (line 60)
                      ; - org.gradle.internal.operations.DefaultBuildOperationRunner::execute@141 (line 167)
                      ; - org.gradle.internal.operations.DefaultBuildOperationRunner::execute@17 (line 60)
  0x0000022f263e43e0: fc40 adff 

  0x0000022f263e43e4: ;   {post_call_nop}
  0x0000022f263e43e4: 0f1f 8400 | 5c3a 0061 | 4585 db44 | 8b54 2428 | 410f 94c2 | ba45 ffff | ff48 8b6c | 2478 4c8b 
  0x0000022f263e4404: 5c24 604c | 895c 2420 | 4c8b 5c24 | 384c 895c | 2428 4c8b | 5c24 404c | 895c 2430 | 4c8b 5c24 
  0x0000022f263e4424: 684c 895c | 2440 4c8b | 5c24 504c | 895c 2448 | 4c8b 5c24 | 704c 895c | 2460 4c8b | 9c24 8800 
  0x0000022f263e4444: 0000 4c89 | 5c24 6844 | 8b8c 2484 | 0000 0044 | 894c 2470 | 448b 9c24 | 8000 0000 | 4489 5c24 
  0x0000022f263e4464: 7444 8b8c | 2498 0000 | 0044 898c | 2480 0000 | 0048 898c | 2488 0000 | 0044 8984 | 2484 0000 
  0x0000022f263e4484: 0044 8b9c | 249c 0000 | 0044 899c | 2490 0000 | 0044 8994 | 2494 0000 

  0x0000022f263e449c: ;   {runtime_call UncommonTrapBlob}
  0x0000022f263e449c: 0066 90e8 

  0x0000022f263e44a0: ; ImmutableOopMap {rbp=Oop [32]=Oop [40]=Oop [48]=Oop [64]=Oop [72]=Oop [96]=Oop [104]=Oop [112]=NarrowOop [128]=NarrowOop [132]=NarrowOop [136]=Oop [176]=Oop [184]=Oop [192]=Oop }
                      ;*ifeq {reexecute=1 rethrow=0 return_oop=0}
                      ; - (reexecute) java.lang.ThreadLocal$ThreadLocalMap::set@53
                      ; - java.lang.ThreadLocal::set@13
                      ; - java.lang.ThreadLocal::set@5
                      ; - org.gradle.internal.logging.progress.DefaultProgressLoggerFactory$ProgressLoggerImpl::completed@22 (line 249)
                      ; - org.gradle.internal.operations.BuildOperationProgressEventListenerAdapter::stop@42 (line 77)
                      ; - org.gradle.internal.operations.DefaultBuildOperationRunner$BuildOperationTrackingListener::stop@9 (line 251)
                      ; - org.gradle.internal.operations.DefaultBuildOperationRunner$2::execute@62 (line 74)
                      ; - org.gradle.internal.operations.DefaultBuildOperationRunner$2::execute@8 (line 60)
                      ; - org.gradle.internal.operations.DefaultBuildOperationRunner::execute@141 (line 167)
                      ; - org.gradle.internal.operations.DefaultBuildOperationRunner::execute@17 (line 60)
  0x0000022f263e44a0: 3c40 adff 

  0x0000022f263e44a4: ;   {post_call_nop}
  0x0000022f263e44a4: 0f1f 8400 | 1c3b 0062 | 4533 c94d | 3bd1 bdff | ffff ff7c | 0840 0f95 | c540 0fb6 | edba 45ff 
  0x0000022f263e44c4: ffff 4c8b | 5424 604c | 8954 2420 | 4c89 4424 | 304c 895c 

  0x0000022f263e44d8: ;   {runtime_call UncommonTrapBlob}
  0x0000022f263e44d8: 2438 90e8 

  0x0000022f263e44dc: ; ImmutableOopMap {[32]=Oop [48]=Oop [56]=Oop [104]=Oop [176]=Oop [184]=Oop }
                      ;*ifne {reexecute=1 rethrow=0 return_oop=0}
                      ; - (reexecute) org.gradle.internal.operations.OperationIdentifier::<init>@7 (line 26)
                      ; - org.gradle.internal.operations.DefaultBuildOperationRunner::execute@35 (line 158)
                      ; - org.gradle.internal.operations.DefaultBuildOperationRunner::execute@17 (line 60)
  0x0000022f263e44dc: 0040 adff 

  0x0000022f263e44e0: ;   {post_call_nop}
  0x0000022f263e44e0: 0f1f 8400 | 583b 0063 | ba45 ffff | ff48 8b74 | 2478 4889 | 7424 204c | 8954 2430 | 4c89 4424 
  0x0000022f263e4500: 384c 8b54 | 2468 4c89 | 5424 4848 | 894c 2450 | 895c 2470 | 4489 4c24 | 7448 897c | 2478 4489 
  0x0000022f263e4520: 9c24 8000 

  0x0000022f263e4524: ;   {runtime_call UncommonTrapBlob}
  0x0000022f263e4524: 0000 90e8 

  0x0000022f263e4528: ; ImmutableOopMap {rbp=Oop [32]=Oop [48]=Oop [56]=Oop [72]=Oop [80]=Oop [96]=Oop [112]=NarrowOop [120]=Oop [128]=NarrowOop [176]=Oop [184]=Oop [192]=Oop }
                      ;*if_acmpne {reexecute=1 rethrow=0 return_oop=0}
                      ; - (reexecute) org.gradle.internal.logging.progress.DefaultProgressLoggerFactory$ProgressLoggerImpl::assertRunning@7 (line 267)
                      ; - org.gradle.internal.logging.progress.DefaultProgressLoggerFactory$ProgressLoggerImpl::completed@1 (line 247)
                      ; - org.gradle.internal.operations.BuildOperationProgressEventListenerAdapter::stop@42 (line 77)
                      ; - org.gradle.internal.operations.DefaultBuildOperationRunner$BuildOperationTrackingListener::stop@9 (line 251)
                      ; - org.gradle.internal.operations.DefaultBuildOperationRunner$2::execute@62 (line 74)
                      ; - org.gradle.internal.operations.DefaultBuildOperationRunner$2::execute@8 (line 60)
                      ; - org.gradle.internal.operations.DefaultBuildOperationRunner::execute@141 (line 167)
                      ; - org.gradle.internal.operations.DefaultBuildOperationRunner::execute@17 (line 60)
  0x0000022f263e4528: b43f adff 

  0x0000022f263e452c: ;   {post_call_nop}
  0x0000022f263e452c: 0f1f 8400 | a43b 0064 | ba45 ffff | ff48 8b74 | 2478 4889 | 7424 204c | 8954 2430 | 4c89 4424 
  0x0000022f263e454c: 384c 8b54 | 2468 4c89 | 5424 4848 | 894c 2450 | 895c 2470 | 4489 4c24 | 7448 897c | 2478 4489 
  0x0000022f263e456c: 9c24 8000 

  0x0000022f263e4570: ;   {runtime_call UncommonTrapBlob}
  0x0000022f263e4570: 0000 90e8 

  0x0000022f263e4574: ; ImmutableOopMap {rbp=Oop [32]=Oop [48]=Oop [56]=Oop [72]=Oop [80]=Oop [96]=Oop [112]=NarrowOop [120]=Oop [128]=NarrowOop [176]=Oop [184]=Oop [192]=Oop }
                      ;*if_acmpne {reexecute=1 rethrow=0 return_oop=0}
                      ; - (reexecute) org.gradle.internal.logging.progress.DefaultProgressLoggerFactory$ProgressLoggerImpl::assertRunning@38 (line 270)
                      ; - org.gradle.internal.logging.progress.DefaultProgressLoggerFactory$ProgressLoggerImpl::completed@1 (line 247)
                      ; - org.gradle.internal.operations.BuildOperationProgressEventListenerAdapter::stop@42 (line 77)
                      ; - org.gradle.internal.operations.DefaultBuildOperationRunner$BuildOperationTrackingListener::stop@9 (line 251)
                      ; - org.gradle.internal.operations.DefaultBuildOperationRunner$2::execute@62 (line 74)
                      ; - org.gradle.internal.operations.DefaultBuildOperationRunner$2::execute@8 (line 60)
                      ; - org.gradle.internal.operations.DefaultBuildOperationRunner::execute@141 (line 167)
                      ; - org.gradle.internal.operations.DefaultBuildOperationRunner::execute@17 (line 60)
  0x0000022f263e4574: 683f adff 

  0x0000022f263e4578: ;   {post_call_nop}
  0x0000022f263e4578: 0f1f 8400 | f03b 0065 | ba45 ffff | ff4c 8b44 | 2478 4c89 | 4424 204c | 8b44 2438 | 4c89 4424 
  0x0000022f263e4598: 304c 8b44 | 2440 4c89 | 4424 384c | 8b44 2468 | 4c89 4424 | 484c 8b44 | 2470 4c89 | 4424 684c 
  0x0000022f263e45b8: 895c 2478 | 4889 8c24 | 8000 0000 | 4489 9424 | 8800 0000 

  0x0000022f263e45cc: ;   {runtime_call UncommonTrapBlob}
  0x0000022f263e45cc: 6666 90e8 

  0x0000022f263e45d0: ; ImmutableOopMap {rbp=Oop [32]=Oop [48]=Oop [56]=Oop [72]=Oop [80]=Oop [96]=Oop [104]=Oop [120]=Oop [128]=Oop [176]=Oop [184]=Oop [192]=Oop }
                      ;*ifge {reexecute=1 rethrow=0 return_oop=0}
                      ; - (reexecute) org.gradle.internal.logging.sink.OutputEventRenderer::onOutput@24 (line 476)
                      ; - org.gradle.internal.logging.sink.OutputEventListenerManager$1::onOutput@8 (line 36)
                      ; - org.gradle.internal.logging.services.ProgressLoggingBridge::completed@5 (line 34)
                      ; - org.gradle.internal.logging.progress.DefaultProgressLoggerFactory$ProgressLoggerImpl::completed@55 (line 250)
                      ; - org.gradle.internal.operations.BuildOperationProgressEventListenerAdapter::stop@42 (line 77)
                      ; - org.gradle.internal.operations.DefaultBuildOperationRunner$BuildOperationTrackingListener::stop@9 (line 251)
                      ; - org.gradle.internal.operations.DefaultBuildOperationRunner$2::execute@62 (line 74)
                      ; - org.gradle.internal.operations.DefaultBuildOperationRunner$2::execute@8 (line 60)
                      ; - org.gradle.internal.operations.DefaultBuildOperationRunner::execute@141 (line 167)
                      ; - org.gradle.internal.operations.DefaultBuildOperationRunner::execute@17 (line 60)
  0x0000022f263e45d0: 0c3f adff 

  0x0000022f263e45d4: ;   {post_call_nop}
  0x0000022f263e45d4: 0f1f 8400 | 4c3c 0066 | 4533 d245 | 85db 410f | 95c2 ba45 | ffff ff48 | 8b6c 2460 | 4c8b 5c24 
  0x0000022f263e45f4: 404c 895c | 2430 4489 

  0x0000022f263e45fc: ;   {runtime_call UncommonTrapBlob}
  0x0000022f263e45fc: 5424 40e8 

  0x0000022f263e4600: ; ImmutableOopMap {rbp=Oop [32]=Oop [48]=Oop [176]=Oop [184]=Oop }
                      ;*ifne {reexecute=1 rethrow=0 return_oop=0}
                      ; - (reexecute) org.gradle.internal.operations.DefaultBuildOperationRunner::assertParentRunning@8 (line 177)
                      ; - org.gradle.internal.operations.DefaultBuildOperationRunner::execute@71 (line 162)
                      ; - org.gradle.internal.operations.DefaultBuildOperationRunner::execute@17 (line 60)
  0x0000022f263e4600: dc3e adff 

  0x0000022f263e4604: ;   {post_call_nop}
  0x0000022f263e4604: 0f1f 8400 | 7c3c 0067 | 4585 db44 | 8b5c 2428 | 410f 95c3 | ba45 ffff | ff4c 8b54 | 2460 4c89 
  0x0000022f263e4624: 5424 204c | 8b54 2438 | 4c89 5424 | 284c 8b54 | 2440 4c89 | 5424 3044 | 895c 2448 

  0x0000022f263e4640: ;   {runtime_call UncommonTrapBlob}
  0x0000022f263e4640: 6666 90e8 

  0x0000022f263e4644: ; ImmutableOopMap {[32]=Oop [40]=Oop [48]=Oop [104]=Oop [120]=Oop [176]=Oop [184]=Oop [192]=Oop }
                      ;*ifne {reexecute=1 rethrow=0 return_oop=0}
                      ; - (reexecute) org.gradle.internal.operations.DefaultBuildOperationRunner::assertParentRunning@8 (line 177)
                      ; - org.gradle.internal.operations.DefaultBuildOperationRunner::access$400@3 (line 25)
                      ; - org.gradle.internal.operations.DefaultBuildOperationRunner$BuildOperationTrackingListener::stop@32 (line 253)
                      ; - org.gradle.internal.operations.DefaultBuildOperationRunner$2::execute@62 (line 74)
                      ; - org.gradle.internal.operations.DefaultBuildOperationRunner$2::execute@8 (line 60)
                      ; - org.gradle.internal.operations.DefaultBuildOperationRunner::execute@141 (line 167)
                      ; - org.gradle.internal.operations.DefaultBuildOperationRunner::execute@17 (line 60)
  0x0000022f263e4644: 983e adff 

  0x0000022f263e4648: ;   {post_call_nop}
  0x0000022f263e4648: 0f1f 8400 | c03c 0068 | bae4 ffff | ff48 8bac | 24b8 0000 | 0048 8944 

  0x0000022f263e4660: ;   {runtime_call UncommonTrapBlob}
  0x0000022f263e4660: 2448 90e8 

  0x0000022f263e4664: ; ImmutableOopMap {rbp=Oop [48]=Oop [56]=NarrowOop [64]=NarrowOop [72]=Oop [96]=Oop [120]=Oop }
                      ;*aastore {reexecute=1 rethrow=0 return_oop=0}
                      ; - (reexecute) java.lang.ThreadLocal$ThreadLocalMap::set@94
                      ; - java.lang.ThreadLocal::set@13
                      ; - java.lang.ThreadLocal::set@5
                      ; - org.gradle.internal.operations.CurrentBuildOperationRef::set@16 (line 55)
                      ; - org.gradle.internal.operations.DefaultBuildOperationRunner$BuildOperationTrackingListener::close@19 (line 259)
                      ; - org.gradle.internal.operations.DefaultBuildOperationRunner$2::execute@88 (line 80)
                      ; - org.gradle.internal.operations.DefaultBuildOperationRunner$2::execute@8 (line 60)
                      ; - org.gradle.internal.operations.DefaultBuildOperationRunner::execute@141 (line 167)
                      ; - org.gradle.internal.operations.DefaultBuildOperationRunner::execute@17 (line 60)
  0x0000022f263e4664: 783e adff 

  0x0000022f263e4668: ;   {post_call_nop}
  0x0000022f263e4668: 0f1f 8400 | e03c 0069 | bae4 ffff | ff4c 8b44 | 2460 4c89 | 4424 284c | 8b44 2438 | 4c89 4424 
  0x0000022f263e4688: 304c 8b44 | 2440 4c89 | 4424 384c | 8b44 2468 | 4c89 4424 | 484c 8b44 | 2470 4c89 | 4424 6044 
  0x0000022f263e46a8: 8b84 2488 | 0000 0044 | 8944 2468 | 4c8b 8424 | 9000 0000 | 4c89 4424 | 708b 9c24 | a000 0000 
  0x0000022f263e46c8: 899c 2488 | 0000 004c | 899c 2498 | 0000 0044 | 898c 248c | 0000 0044 | 8994 24a4 | 0000 0089 
  0x0000022f263e46e8: 8c24 a800 

  0x0000022f263e46ec: ;   {runtime_call UncommonTrapBlob}
  0x0000022f263e46ec: 0000 90e8 

  0x0000022f263e46f0: ; ImmutableOopMap {[40]=Oop [48]=Oop [56]=Oop [72]=Oop [96]=Oop [112]=Oop [120]=Oop [128]=Oop [136]=NarrowOop [152]=Oop [164]=NarrowOop [176]=Oop [184]=Oop [192]=Oop }
                      ;*lastore {reexecute=0 rethrow=0 return_oop=0}
                      ; - it.unimi.dsi.fastutil.longs.LongOpenHashSet::shiftKeys@95 (line 458)
                      ; - it.unimi.dsi.fastutil.longs.LongOpenHashSet::removeEntry@12 (line 463)
                      ; - it.unimi.dsi.fastutil.longs.LongOpenHashSet::remove@60 (line 491)
                      ; - it.unimi.dsi.fastutil.longs.AbstractLongSet::rem@2 (line 83)
                      ; - it.unimi.dsi.fastutil.longs.LongSets$SynchronizedSet::remove@12 (line 219)
                      ; - org.gradle.internal.operations.DefaultBuildOperationListenerManager$ProgressShieldingBuildOperationListener::finished@17 (line 123)
                      ; - org.gradle.internal.operations.DefaultBuildOperationListenerManager$1::finished@36 (line 55)
                      ; - org.gradle.internal.operations.BuildOperationProgressEventListenerAdapter::stop@86 (line 78)
                      ; - org.gradle.internal.operations.DefaultBuildOperationRunner$BuildOperationTrackingListener::stop@9 (line 251)
                      ; - org.gradle.internal.operations.DefaultBuildOperationRunner$2::execute@62 (line 74)
                      ; - org.gradle.internal.operations.DefaultBuildOperationRunner$2::execute@8 (line 60)
                      ; - org.gradle.internal.operations.DefaultBuildOperationRunner::execute@141 (line 167)
                      ; - org.gradle.internal.operations.DefaultBuildOperationRunner::execute@17 (line 60)
  0x0000022f263e46f0: ec3d adff 

  0x0000022f263e46f4: ;   {post_call_nop}
  0x0000022f263e46f4: 0f1f 8400 | 6c3d 006a | baf6 ffff | ff48 8944 

  0x0000022f263e4704: ;   {runtime_call UncommonTrapBlob}
  0x0000022f263e4704: 2420 90e8 

  0x0000022f263e4708: ; ImmutableOopMap {}
                      ;*invokevirtual compareAndSet {reexecute=0 rethrow=0 return_oop=0}
                      ; - org.gradle.internal.time.MonotonicClock::advance@22 (line 114)
                      ; - org.gradle.internal.time.MonotonicClock::getCurrentTime@66 (line 86)
                      ; - org.gradle.internal.operations.DefaultBuildOperationRunner::execute@84 (line 164)
                      ; - org.gradle.internal.operations.DefaultBuildOperationRunner::execute@17 (line 60)
  0x0000022f263e4708: d43d adff 

  0x0000022f263e470c: ;   {post_call_nop}
  0x0000022f263e470c: 0f1f 8400 | 843d 006b | baf6 ffff | ff4c 8b54 | 2438 4c89 | 5424 304c | 8b54 2440 | 4c89 5424 
  0x0000022f263e472c: 3848 8944 

  0x0000022f263e4730: ;   {runtime_call UncommonTrapBlob}
  0x0000022f263e4730: 2440 90e8 

  0x0000022f263e4734: ; ImmutableOopMap {[48]=Oop [56]=Oop [96]=Oop [120]=Oop [176]=Oop [184]=Oop [192]=Oop }
                      ;*invokevirtual compareAndSet {reexecute=0 rethrow=0 return_oop=0}
                      ; - org.gradle.internal.time.MonotonicClock::advance@22 (line 114)
                      ; - org.gradle.internal.time.MonotonicClock::getCurrentTime@66 (line 86)
                      ; - org.gradle.internal.logging.progress.DefaultProgressLoggerFactory$ProgressLoggerImpl::completed@41 (line 250)
                      ; - org.gradle.internal.operations.BuildOperationProgressEventListenerAdapter::stop@42 (line 77)
                      ; - org.gradle.internal.operations.DefaultBuildOperationRunner$BuildOperationTrackingListener::stop@9 (line 251)
                      ; - org.gradle.internal.operations.DefaultBuildOperationRunner$2::execute@62 (line 74)
                      ; - org.gradle.internal.operations.DefaultBuildOperationRunner$2::execute@8 (line 60)
                      ; - org.gradle.internal.operations.DefaultBuildOperationRunner::execute@141 (line 167)
                      ; - org.gradle.internal.operations.DefaultBuildOperationRunner::execute@17 (line 60)
  0x0000022f263e4734: a83d adff 

  0x0000022f263e4738: ;   {post_call_nop}
  0x0000022f263e4738: 0f1f 8400 | b03d 006c | baf6 ffff | ff48 8b6c | 2478 4c8b | 5424 384c | 8954 2428 | 4c8b 5424 
  0x0000022f263e4758: 404c 8954 | 2430 4889 | 4424 384c | 894c 2440 

  0x0000022f263e4768: ;   {runtime_call UncommonTrapBlob}
  0x0000022f263e4768: 6666 90e8 

  0x0000022f263e476c: ; ImmutableOopMap {rbp=Oop [40]=Oop [48]=Oop [96]=Oop [176]=Oop [184]=Oop [192]=Oop }
                      ;*invokevirtual compareAndSet {reexecute=0 rethrow=0 return_oop=0}
                      ; - org.gradle.internal.time.MonotonicClock::advance@22 (line 114)
                      ; - org.gradle.internal.time.MonotonicClock::getCurrentTime@66 (line 86)
                      ; - org.gradle.internal.operations.BuildOperationProgressEventListenerAdapter::stop@64 (line 78)
                      ; - org.gradle.internal.operations.DefaultBuildOperationRunner$BuildOperationTrackingListener::stop@9 (line 251)
                      ; - org.gradle.internal.operations.DefaultBuildOperationRunner$2::execute@62 (line 74)
                      ; - org.gradle.internal.operations.DefaultBuildOperationRunner$2::execute@8 (line 60)
                      ; - org.gradle.internal.operations.DefaultBuildOperationRunner::execute@141 (line 167)
                      ; - org.gradle.internal.operations.DefaultBuildOperationRunner::execute@17 (line 60)
  0x0000022f263e476c: 703d adff 

  0x0000022f263e4770: ;   {post_call_nop}
  0x0000022f263e4770: 0f1f 8400 | e83d 006d | bae4 ffff | ff4c 8b44 | 2460 4c89 | 4424 284c | 8b44 2438 | 4c89 4424 
  0x0000022f263e4790: 304c 8b44 | 2440 4c89 | 4424 384c | 8b44 2468 | 4c89 4424 | 484c 8b44 | 2470 4c89 | 4424 6044 
  0x0000022f263e47b0: 8b84 2488 | 0000 0044 | 8944 2468 | 4c8b 8424 | 9000 0000 | 4c89 4424 | 708b 9c24 | a000 0000 
  0x0000022f263e47d0: 899c 2488 | 0000 004c | 899c 2498 | 0000 0089 | 8c24 8c00 | 0000 4489 | 9424 a400 | 0000 4489 
  0x0000022f263e47f0: 8c24 a800 

  0x0000022f263e47f4: ;   {runtime_call UncommonTrapBlob}
  0x0000022f263e47f4: 0000 90e8 

  0x0000022f263e47f8: ; ImmutableOopMap {[40]=Oop [48]=Oop [56]=Oop [72]=Oop [96]=Oop [112]=Oop [120]=Oop [128]=Oop [136]=NarrowOop [152]=Oop [164]=NarrowOop [176]=Oop [184]=Oop [192]=Oop }
                      ;*lastore {reexecute=0 rethrow=0 return_oop=0}
                      ; - it.unimi.dsi.fastutil.longs.LongOpenHashSet::shiftKeys@95 (line 458)
                      ; - it.unimi.dsi.fastutil.longs.LongOpenHashSet::removeEntry@12 (line 463)
                      ; - it.unimi.dsi.fastutil.longs.LongOpenHashSet::remove@97 (line 496)
                      ; - it.unimi.dsi.fastutil.longs.AbstractLongSet::rem@2 (line 83)
                      ; - it.unimi.dsi.fastutil.longs.LongSets$SynchronizedSet::remove@12 (line 219)
                      ; - org.gradle.internal.operations.DefaultBuildOperationListenerManager$ProgressShieldingBuildOperationListener::finished@17 (line 123)
                      ; - org.gradle.internal.operations.DefaultBuildOperationListenerManager$1::finished@36 (line 55)
                      ; - org.gradle.internal.operations.BuildOperationProgressEventListenerAdapter::stop@86 (line 78)
                      ; - org.gradle.internal.operations.DefaultBuildOperationRunner$BuildOperationTrackingListener::stop@9 (line 251)
                      ; - org.gradle.internal.operations.DefaultBuildOperationRunner$2::execute@62 (line 74)
                      ; - org.gradle.internal.operations.DefaultBuildOperationRunner$2::execute@8 (line 60)
                      ; - org.gradle.internal.operations.DefaultBuildOperationRunner::execute@141 (line 167)
                      ; - org.gradle.internal.operations.DefaultBuildOperationRunner::execute@17 (line 60)
  0x0000022f263e47f8: e43c adff 

  0x0000022f263e47fc: ;   {post_call_nop}
  0x0000022f263e47fc: 0f1f 8400 | 743e 006e | bae4 ffff | ff89 4c24 | 4048 895c | 2448 4489 | 5c24 4444 | 8944 2458 
  0x0000022f263e481c: 4489 4c24 

  0x0000022f263e4820: ;   {runtime_call UncommonTrapBlob}
  0x0000022f263e4820: 5c66 90e8 

  0x0000022f263e4824: ; ImmutableOopMap {[64]=NarrowOop [68]=NarrowOop [72]=Oop [88]=NarrowOop [96]=Oop [120]=Oop [184]=Oop }
                      ;*aaload {reexecute=0 rethrow=0 return_oop=0}
                      ; - java.lang.ThreadLocal$ThreadLocalMap::set@76
                      ; - java.lang.ThreadLocal::set@13
                      ; - java.lang.ThreadLocal::set@5
                      ; - org.gradle.internal.operations.CurrentBuildOperationRef::set@16 (line 55)
                      ; - org.gradle.internal.operations.DefaultBuildOperationRunner$BuildOperationTrackingListener::close@19 (line 259)
                      ; - org.gradle.internal.operations.DefaultBuildOperationRunner$2::execute@88 (line 80)
                      ; - org.gradle.internal.operations.DefaultBuildOperationRunner$2::execute@8 (line 60)
                      ; - org.gradle.internal.operations.DefaultBuildOperationRunner::execute@141 (line 167)
                      ; - org.gradle.internal.operations.DefaultBuildOperationRunner::execute@17 (line 60)
  0x0000022f263e4824: b83c adff 

  0x0000022f263e4828: ;   {post_call_nop}
  0x0000022f263e4828: 0f1f 8400 | a03e 006f | 85ff 448b | 5424 2841 | 0f94 c2ba | 45ff ffff | 488b ac24 | b800 0000 
  0x0000022f263e4848: 894c 2438 | 4889 5c24 | 4044 895c | 243c 4489 | 4c24 4844 | 8954 244c 

  0x0000022f263e4860: ;   {runtime_call UncommonTrapBlob}
  0x0000022f263e4860: 6666 90e8 

  0x0000022f263e4864: ; ImmutableOopMap {rbp=Oop [56]=NarrowOop [60]=NarrowOop [64]=Oop [96]=Oop [120]=Oop }
                      ;*ifeq {reexecute=1 rethrow=0 return_oop=0}
                      ; - (reexecute) java.lang.ThreadLocal$ThreadLocalMap::set@53
                      ; - java.lang.ThreadLocal::set@13
                      ; - java.lang.ThreadLocal::set@5
                      ; - org.gradle.internal.operations.CurrentBuildOperationRef::set@16 (line 55)
                      ; - org.gradle.internal.operations.DefaultBuildOperationRunner$BuildOperationTrackingListener::close@19 (line 259)
                      ; - org.gradle.internal.operations.DefaultBuildOperationRunner$2::execute@88 (line 80)
                      ; - org.gradle.internal.operations.DefaultBuildOperationRunner$2::execute@8 (line 60)
                      ; - org.gradle.internal.operations.DefaultBuildOperationRunner::execute@141 (line 167)
                      ; - org.gradle.internal.operations.DefaultBuildOperationRunner::execute@17 (line 60)
  0x0000022f263e4864: 783c adff 

  0x0000022f263e4868: ;   {post_call_nop}
  0x0000022f263e4868: 0f1f 8400 | e03e 0070 | baf6 ffff 

  0x0000022f263e4874: ;   {runtime_call UncommonTrapBlob}
  0x0000022f263e4874: ff66 90e8 

  0x0000022f263e4878: ; ImmutableOopMap {[56]=Oop [96]=Oop [120]=Oop }
                      ;*athrow {reexecute=1 rethrow=0 return_oop=0}
                      ; - (reexecute) org.gradle.internal.operations.DefaultBuildOperationRunner$2::execute@77 (line 76)
                      ; - org.gradle.internal.operations.DefaultBuildOperationRunner$2::execute@8 (line 60)
                      ; - org.gradle.internal.operations.DefaultBuildOperationRunner::execute@141 (line 167)
                      ; - org.gradle.internal.operations.DefaultBuildOperationRunner::execute@17 (line 60)
  0x0000022f263e4878: 643c adff 

  0x0000022f263e487c: ;   {post_call_nop}
  0x0000022f263e487c: 0f1f 8400 | f43e 0071 | baf6 ffff | ff49 8be8 | 4c89 4c24 

  0x0000022f263e4890: ;   {runtime_call UncommonTrapBlob}
  0x0000022f263e4890: 2066 90e8 

  0x0000022f263e4894: ; ImmutableOopMap {}
                      ;*invokevirtual compareAndSet {reexecute=0 rethrow=0 return_oop=0}
                      ; - org.gradle.internal.time.MonotonicClock::syncIsDue@16 (line 91)
                      ; - org.gradle.internal.time.MonotonicClock::getCurrentTime@47 (line 83)
                      ; - org.gradle.internal.operations.DefaultBuildOperationRunner::execute@84 (line 164)
                      ; - org.gradle.internal.operations.DefaultBuildOperationRunner::execute@17 (line 60)
  0x0000022f263e4894: 483c adff 

  0x0000022f263e4898: ;   {post_call_nop}
  0x0000022f263e4898: 0f1f 8400 | 103f 0072 | baf6 ffff | ff48 8b6c | 2478 4c8b | 5c24 384c | 895c 2428 | 4c8b 5c24 
  0x0000022f263e48b8: 404c 895c | 2430 4c89 | 4424 384c | 8954 2440 

  0x0000022f263e48c8: ;   {runtime_call UncommonTrapBlob}
  0x0000022f263e48c8: 6666 90e8 

  0x0000022f263e48cc: ; ImmutableOopMap {rbp=Oop [40]=Oop [48]=Oop [96]=Oop [176]=Oop [184]=Oop [192]=Oop }
                      ;*invokevirtual compareAndSet {reexecute=0 rethrow=0 return_oop=0}
                      ; - org.gradle.internal.time.MonotonicClock::syncIsDue@16 (line 91)
                      ; - org.gradle.internal.time.MonotonicClock::getCurrentTime@47 (line 83)
                      ; - org.gradle.internal.logging.progress.DefaultProgressLoggerFactory$ProgressLoggerImpl::completed@41 (line 250)
                      ; - org.gradle.internal.operations.BuildOperationProgressEventListenerAdapter::stop@42 (line 77)
                      ; - org.gradle.internal.operations.DefaultBuildOperationRunner$BuildOperationTrackingListener::stop@9 (line 251)
                      ; - org.gradle.internal.operations.DefaultBuildOperationRunner$2::execute@62 (line 74)
                      ; - org.gradle.internal.operations.DefaultBuildOperationRunner$2::execute@8 (line 60)
                      ; - org.gradle.internal.operations.DefaultBuildOperationRunner::execute@141 (line 167)
                      ; - org.gradle.internal.operations.DefaultBuildOperationRunner::execute@17 (line 60)
  0x0000022f263e48cc: 103c adff 

  0x0000022f263e48d0: ;   {post_call_nop}
  0x0000022f263e48d0: 0f1f 8400 | 483f 0073 | baf6 ffff | ff48 8b6c | 2478 4c8b | 5424 384c | 8954 2428 | 4c8b 5424 
  0x0000022f263e48f0: 404c 8954 | 2430 4c89 | 4424 3848 | 894c 2440 

  0x0000022f263e4900: ;   {runtime_call UncommonTrapBlob}
  0x0000022f263e4900: 6666 90e8 

  0x0000022f263e4904: ; ImmutableOopMap {rbp=Oop [40]=Oop [48]=Oop [96]=Oop [176]=Oop [184]=Oop [192]=Oop }
                      ;*invokevirtual compareAndSet {reexecute=0 rethrow=0 return_oop=0}
                      ; - org.gradle.internal.time.MonotonicClock::syncIsDue@16 (line 91)
                      ; - org.gradle.internal.time.MonotonicClock::getCurrentTime@47 (line 83)
                      ; - org.gradle.internal.operations.BuildOperationProgressEventListenerAdapter::stop@64 (line 78)
                      ; - org.gradle.internal.operations.DefaultBuildOperationRunner$BuildOperationTrackingListener::stop@9 (line 251)
                      ; - org.gradle.internal.operations.DefaultBuildOperationRunner$2::execute@62 (line 74)
                      ; - org.gradle.internal.operations.DefaultBuildOperationRunner$2::execute@8 (line 60)
                      ; - org.gradle.internal.operations.DefaultBuildOperationRunner::execute@141 (line 167)
                      ; - org.gradle.internal.operations.DefaultBuildOperationRunner::execute@17 (line 60)
  0x0000022f263e4904: d83b adff 

  0x0000022f263e4908: ;   {post_call_nop}
  0x0000022f263e4908: 0f1f 8400 | 803f 0074 | bade ffff | ff48 8b6c | 2460 4c89 | 4424 2048 | 8944 2438 | 4c89 5c24 
  0x0000022f263e4928: 4044 8954 

  0x0000022f263e492c: ;   {runtime_call UncommonTrapBlob}
  0x0000022f263e492c: 2448 90e8 

  0x0000022f263e4930: ; ImmutableOopMap {rbp=Oop [32]=Oop [56]=Oop [64]=Oop [72]=NarrowOop [104]=Oop [176]=Oop [184]=Oop }
                      ;*invokeinterface getId {reexecute=0 rethrow=0 return_oop=0}
                      ; - org.gradle.internal.operations.BuildOperationDescriptor$Builder::build@20 (line 190)
                      ; - org.gradle.internal.operations.DefaultBuildOperationRunner::execute@60 (line 159)
                      ; - org.gradle.internal.operations.DefaultBuildOperationRunner::execute@17 (line 60)
  0x0000022f263e4930: ac3b adff 

  0x0000022f263e4934: ;   {post_call_nop}
  0x0000022f263e4934: 0f1f 8400 | ac3f 0075 | bade ffff | ff48 8b6c | 2460 4489 

  0x0000022f263e4948: ;   {runtime_call UncommonTrapBlob}
  0x0000022f263e4948: 5424 40e8 

  0x0000022f263e494c: ; ImmutableOopMap {rbp=Oop [64]=NarrowOop [104]=Oop [176]=Oop [184]=Oop }
                      ;*invokevirtual get {reexecute=0 rethrow=0 return_oop=0}
                      ; - org.gradle.internal.operations.CurrentBuildOperationRef::get@4 (line 36)
                      ; - org.gradle.internal.operations.DefaultBuildOperationRunner::getCurrentBuildOperation@4 (line 185)
                      ; - org.gradle.internal.operations.DefaultBuildOperationRunner::execute@13 (line 157)
                      ; - org.gradle.internal.operations.DefaultBuildOperationRunner::execute@17 (line 60)
  0x0000022f263e494c: 903b adff 

  0x0000022f263e4950: ;   {post_call_nop}
  0x0000022f263e4950: 0f1f 8400 | c83f 0076 | bae4 ffff | ff4c 8b54 | 2460 4c89 | 5424 2048 | 8944 2428 | 48ff 7424 
  0x0000022f263e4970: 4848 8f44 | 2430 4489 | 4424 5844 | 894c 2468 

  0x0000022f263e4980: ;   {runtime_call UncommonTrapBlob}
  0x0000022f263e4980: 6666 90e8 

  0x0000022f263e4984: ; ImmutableOopMap {rbp=NarrowOop [32]=Oop [40]=Oop [48]=Oop [80]=Oop [88]=NarrowOop [176]=Oop [184]=Oop }
                      ;*aaload {reexecute=0 rethrow=0 return_oop=0}
                      ; - java.lang.ThreadLocal$ThreadLocalMap::getEntry@18
                      ; - java.lang.ThreadLocal::get@12
                      ; - java.lang.ThreadLocal::get@4
                      ; - org.gradle.internal.operations.CurrentBuildOperationRef::get@4 (line 36)
                      ; - org.gradle.internal.operations.DefaultBuildOperationRunner::getCurrentBuildOperation@4 (line 185)
                      ; - org.gradle.internal.operations.DefaultBuildOperationRunner::execute@13 (line 157)
                      ; - org.gradle.internal.operations.DefaultBuildOperationRunner::execute@17 (line 60)
  0x0000022f263e4984: 583b adff 

  0x0000022f263e4988: ;   {post_call_nop}
  0x0000022f263e4988: 0f1f 8400 | 0040 0077 | bade ffff | ff4c 8b4c | 2478 4c89 | 4c24 204c | 8954 2430 | 4c89 4424 
  0x0000022f263e49a8: 384c 8b54 | 2468 4c89 | 5424 4848 | 894c 2450 | 4489 5c24 

  0x0000022f263e49bc: ;   {runtime_call UncommonTrapBlob}
  0x0000022f263e49bc: 6866 90e8 

  0x0000022f263e49c0: ; ImmutableOopMap {rbp=Oop [32]=Oop [48]=Oop [56]=Oop [72]=Oop [80]=Oop [96]=Oop [104]=NarrowOop [176]=Oop [184]=Oop [192]=Oop }
                      ;*invokeinterface completed {reexecute=0 rethrow=0 return_oop=0}
                      ; - org.gradle.internal.operations.BuildOperationProgressEventListenerAdapter::stop@11 (line 75)
                      ; - org.gradle.internal.operations.DefaultBuildOperationRunner$BuildOperationTrackingListener::stop@9 (line 251)
                      ; - org.gradle.internal.operations.DefaultBuildOperationRunner$2::execute@62 (line 74)
                      ; - org.gradle.internal.operations.DefaultBuildOperationRunner$2::execute@8 (line 60)
                      ; - org.gradle.internal.operations.DefaultBuildOperationRunner::execute@141 (line 167)
                      ; - org.gradle.internal.operations.DefaultBuildOperationRunner::execute@17 (line 60)
  0x0000022f263e49c0: 1c3b adff 

  0x0000022f263e49c4: ;   {post_call_nop}
  0x0000022f263e49c4: 0f1f 8400 | 3c40 0078 | bade ffff | ff4c 8b44 | 2478 4c89 | 4424 204c | 8b44 2438 | 4c89 4424 
  0x0000022f263e49e4: 304c 8b44 | 2440 4c89 | 4424 384c | 8b44 2468 | 4c89 4424 | 484c 8b44 | 2470 4c89 | 4424 684c 
  0x0000022f263e4a04: 895c 2478 | 4889 8c24 | 8000 0000 | 4489 9424 | 8800 0000 

  0x0000022f263e4a18: ;   {runtime_call UncommonTrapBlob}
  0x0000022f263e4a18: 6666 90e8 

  0x0000022f263e4a1c: ; ImmutableOopMap {rbp=Oop [32]=Oop [48]=Oop [56]=Oop [72]=Oop [80]=Oop [96]=Oop [104]=Oop [120]=Oop [128]=Oop [136]=NarrowOop [176]=Oop [184]=Oop [192]=Oop }
                      ;*checkcast {reexecute=0 rethrow=0 return_oop=0}
                      ; - org.gradle.internal.logging.sink.OutputEventRenderer::onOutput@18 (line 476)
                      ; - org.gradle.internal.logging.sink.OutputEventListenerManager$1::onOutput@8 (line 36)
                      ; - org.gradle.internal.logging.services.ProgressLoggingBridge::completed@5 (line 34)
                      ; - org.gradle.internal.logging.progress.DefaultProgressLoggerFactory$ProgressLoggerImpl::completed@55 (line 250)
                      ; - org.gradle.internal.operations.BuildOperationProgressEventListenerAdapter::stop@42 (line 77)
                      ; - org.gradle.internal.operations.DefaultBuildOperationRunner$BuildOperationTrackingListener::stop@9 (line 251)
                      ; - org.gradle.internal.operations.DefaultBuildOperationRunner$2::execute@62 (line 74)
                      ; - org.gradle.internal.operations.DefaultBuildOperationRunner$2::execute@8 (line 60)
                      ; - org.gradle.internal.operations.DefaultBuildOperationRunner::execute@141 (line 167)
                      ; - org.gradle.internal.operations.DefaultBuildOperationRunner::execute@17 (line 60)
  0x0000022f263e4a1c: c03a adff 

  0x0000022f263e4a20: ;   {post_call_nop}
  0x0000022f263e4a20: 0f1f 8400 | 9840 0079 | bade ffff | ff48 8b6c | 2478 4c8b | 4424 604c | 8944 2420 | 4c8b 4424 
  0x0000022f263e4a40: 384c 8944 | 2428 4c8b | 4424 404c | 8944 2430 | 4c8b 4424 | 684c 8944 | 2440 4c89 | 5424 5044 
  0x0000022f263e4a60: 895c 2458 

  0x0000022f263e4a64: ;   {runtime_call UncommonTrapBlob}
  0x0000022f263e4a64: 6666 90e8 

  0x0000022f263e4a68: ; ImmutableOopMap {rbp=Oop [32]=Oop [40]=Oop [48]=Oop [64]=Oop [80]=Oop [88]=NarrowOop [176]=Oop [184]=Oop [192]=Oop }
                      ;*checkcast {reexecute=0 rethrow=0 return_oop=0}
                      ; - org.gradle.internal.operations.DefaultBuildOperationListenerManager::getListeners@7 (line 62)
                      ; - org.gradle.internal.operations.DefaultBuildOperationListenerManager::access$000@1 (line 27)
                      ; - org.gradle.internal.operations.DefaultBuildOperationListenerManager$1::finished@4 (line 53)
                      ; - org.gradle.internal.operations.BuildOperationProgressEventListenerAdapter::stop@86 (line 78)
                      ; - org.gradle.internal.operations.DefaultBuildOperationRunner$BuildOperationTrackingListener::stop@9 (line 251)
                      ; - org.gradle.internal.operations.DefaultBuildOperationRunner$2::execute@62 (line 74)
                      ; - org.gradle.internal.operations.DefaultBuildOperationRunner$2::execute@8 (line 60)
                      ; - org.gradle.internal.operations.DefaultBuildOperationRunner::execute@141 (line 167)
                      ; - org.gradle.internal.operations.DefaultBuildOperationRunner::execute@17 (line 60)
  0x0000022f263e4a68: 743a adff 

  0x0000022f263e4a6c: ;   {post_call_nop}
  0x0000022f263e4a6c: 0f1f 8400 | e440 007a | bade ffff | ff4c 8b54 | 2460 4c89 | 5424 284c | 8b54 2438 | 4c89 5424 
  0x0000022f263e4a8c: 304c 8b54 | 2440 4c89 | 5424 384c | 8b54 2468 | 4c89 5424 | 4844 895c 

  0x0000022f263e4aa4: ;   {runtime_call UncommonTrapBlob}
  0x0000022f263e4aa4: 2450 90e8 

  0x0000022f263e4aa8: ; ImmutableOopMap {rbp=NarrowOop [40]=Oop [48]=Oop [56]=Oop [72]=Oop [80]=NarrowOop [120]=Oop [176]=Oop [184]=Oop [192]=Oop }
                      ;*checkcast {reexecute=0 rethrow=0 return_oop=0}
                      ; - org.gradle.internal.logging.slf4j.OutputEventListenerBackedLoggerContext::getLevel@7 (line 99)
                      ; - org.gradle.internal.logging.slf4j.OutputEventListenerBackedLogger::isLevelAtMost@5 (line 44)
                      ; - org.gradle.internal.logging.slf4j.BuildOperationAwareLogger::isDebugEnabled@4 (line 51)
                      ; - org.gradle.internal.logging.slf4j.OutputEventListenerBackedLogger::isDebugEnabled@1 (line 25)
                      ; - org.gradle.internal.logging.slf4j.BuildOperationAwareLogger::debug@1 (line 166)
                      ; - org.gradle.internal.logging.slf4j.OutputEventListenerBackedLogger::debug@3 (line 25)
                      ; - org.gradle.internal.operations.DefaultBuildOperationRunner$BuildOperationTrackingListener::stop@23 (line 252)
                      ; - org.gradle.internal.operations.DefaultBuildOperationRunner$2::execute@62 (line 74)
                      ; - org.gradle.internal.operations.DefaultBuildOperationRunner$2::execute@8 (line 60)
                      ; - org.gradle.internal.operations.DefaultBuildOperationRunner::execute@141 (line 167)
                      ; - org.gradle.internal.operations.DefaultBuildOperationRunner::execute@17 (line 60)
  0x0000022f263e4aa8: 343a adff 

  0x0000022f263e4aac: ;   {post_call_nop}
  0x0000022f263e4aac: 0f1f 8400 | 2441 007b | bade ffff | ff48 8b6c | 2478 4c8b | 5c24 604c | 895c 2420 | 4c8b 5c24 
  0x0000022f263e4acc: 384c 895c | 2428 4c8b | 5c24 404c | 895c 2430 | 4c8b 5c24 | 684c 895c | 2440 4c89 | 5424 504c 
  0x0000022f263e4aec: 894c 2458 | 894c 2460 | 4489 4424 

  0x0000022f263e4af8: ;   {runtime_call UncommonTrapBlob}
  0x0000022f263e4af8: 6466 90e8 

  0x0000022f263e4afc: ; ImmutableOopMap {rbp=Oop [32]=Oop [40]=Oop [48]=Oop [64]=Oop [80]=Oop [88]=Oop [100]=NarrowOop [176]=Oop [184]=Oop [192]=Oop }
                      ;*checkcast {reexecute=0 rethrow=0 return_oop=0}
                      ; - org.gradle.internal.operations.DefaultBuildOperationListenerManager$1::finished@31 (line 55)
                      ; - org.gradle.internal.operations.BuildOperationProgressEventListenerAdapter::stop@86 (line 78)
                      ; - org.gradle.internal.operations.DefaultBuildOperationRunner$BuildOperationTrackingListener::stop@9 (line 251)
                      ; - org.gradle.internal.operations.DefaultBuildOperationRunner$2::execute@62 (line 74)
                      ; - org.gradle.internal.operations.DefaultBuildOperationRunner$2::execute@8 (line 60)
                      ; - org.gradle.internal.operations.DefaultBuildOperationRunner::execute@141 (line 167)
                      ; - org.gradle.internal.operations.DefaultBuildOperationRunner::execute@17 (line 60)
  0x0000022f263e4afc: e039 adff 

  0x0000022f263e4b00: ;   {post_call_nop}
  0x0000022f263e4b00: 0f1f 8400 | 7841 007c | bade ffff | ff44 8954 

  0x0000022f263e4b10: ;   {runtime_call UncommonTrapBlob}
  0x0000022f263e4b10: 2428 90e8 

  0x0000022f263e4b14: ; ImmutableOopMap {rbp=NarrowOop [40]=NarrowOop [184]=Oop }
                      ;*checkcast {reexecute=0 rethrow=0 return_oop=0}
                      ; - org.gradle.internal.logging.slf4j.OutputEventListenerBackedLoggerContext::getLevel@7 (line 99)
                      ; - org.gradle.internal.logging.slf4j.OutputEventListenerBackedLogger::isLevelAtMost@5 (line 44)
                      ; - org.gradle.internal.logging.slf4j.BuildOperationAwareLogger::isDebugEnabled@4 (line 51)
                      ; - org.gradle.internal.logging.slf4j.OutputEventListenerBackedLogger::isDebugEnabled@1 (line 25)
                      ; - org.gradle.internal.logging.slf4j.BuildOperationAwareLogger::debug@1 (line 166)
                      ; - org.gradle.internal.logging.slf4j.OutputEventListenerBackedLogger::debug@3 (line 25)
                      ; - org.gradle.internal.operations.DefaultBuildOperationRunner$BuildOperationTrackingListener::close@36 (line 261)
                      ; - org.gradle.internal.operations.DefaultBuildOperationRunner$2::execute@88 (line 80)
                      ; - org.gradle.internal.operations.DefaultBuildOperationRunner$2::execute@8 (line 60)
                      ; - org.gradle.internal.operations.DefaultBuildOperationRunner::execute@141 (line 167)
                      ; - org.gradle.internal.operations.DefaultBuildOperationRunner::execute@17 (line 60)
  0x0000022f263e4b14: c839 adff 

  0x0000022f263e4b18: ;   {post_call_nop}
  0x0000022f263e4b18: 0f1f 8400 | 9041 007d | bade ffff | ff48 8b6c | 2460 4489 

  0x0000022f263e4b2c: ;   {runtime_call UncommonTrapBlob}
  0x0000022f263e4b2c: 5c24 28e8 

  0x0000022f263e4b30: ; ImmutableOopMap {rbp=Oop [40]=NarrowOop [104]=Oop [176]=Oop [184]=Oop }
                      ;*checkcast {reexecute=0 rethrow=0 return_oop=0}
                      ; - org.gradle.internal.operations.DefaultBuildOperationRunner::execute@4 (line 156)
                      ; - org.gradle.internal.operations.DefaultBuildOperationRunner::execute@17 (line 60)
  0x0000022f263e4b30: ac39 adff 

  0x0000022f263e4b34: ;   {post_call_nop}
  0x0000022f263e4b34: 0f1f 8400 | ac41 007e | bade ffff | ff48 8b6c | 2460 4889 

  0x0000022f263e4b48: ;   {runtime_call UncommonTrapBlob}
  0x0000022f263e4b48: 4424 28e8 

  0x0000022f263e4b4c: ; ImmutableOopMap {rbp=Oop [40]=Oop [104]=Oop [176]=Oop [184]=Oop }
                      ;*checkcast {reexecute=0 rethrow=0 return_oop=0}
                      ; - org.gradle.internal.operations.CurrentBuildOperationRef::get@7 (line 36)
                      ; - org.gradle.internal.operations.DefaultBuildOperationRunner::getCurrentBuildOperation@4 (line 185)
                      ; - org.gradle.internal.operations.DefaultBuildOperationRunner::execute@13 (line 157)
                      ; - org.gradle.internal.operations.DefaultBuildOperationRunner::execute@17 (line 60)
  0x0000022f263e4b4c: 9039 adff 

  0x0000022f263e4b50: ;   {post_call_nop}
  0x0000022f263e4b50: 0f1f 8400 | c841 007f | 488b d00f | 1f44 0000 | e9e6 ddff | ff48 8be8 | e9bf ddff | ff44 8b55 
  0x0000022f263e4b70: 1445 85d2 | 7408 4c8b | c0e9 95c7 | ffff 4c8d | 5514 4180 | 7f48 000f | 8561 1c00 | 004c 8bc0 
  0x0000022f263e4b90: 4589 024d | 8bda 4c33 | d849 c1eb | 140f 841e | 0000 004d | 8bda 49c1 | eb09 49b8 | 0000 882d 
  0x0000022f263e4bb0: 2f02 0000 | 4d03 d841 | 803b 020f | 8591 1c00 | 00eb b3ba | f6ff ffff | 4c8b 5424 | 384c 8954 
  0x0000022f263e4bd0: 2428 4c8b | 5424 404c | 8954 2430 | 894c 2438 

  0x0000022f263e4be0: ;   {runtime_call UncommonTrapBlob}
  0x0000022f263e4be0: 6666 90e8 

  0x0000022f263e4be4: ; ImmutableOopMap {[40]=Oop [48]=Oop [96]=Oop [120]=Oop [176]=Oop [184]=Oop [192]=Oop }
                      ;*aaload {reexecute=0 rethrow=0 return_oop=0}
                      ; - com.google.common.collect.RegularImmutableList::get@5 (line 80)
                      ; - org.gradle.internal.operations.DefaultBuildOperationListenerManager$1::finished@26 (line 55)
                      ; - org.gradle.internal.operations.BuildOperationProgressEventListenerAdapter::stop@86 (line 78)
                      ; - org.gradle.internal.operations.DefaultBuildOperationRunner$BuildOperationTrackingListener::stop@9 (line 251)
                      ; - org.gradle.internal.operations.DefaultBuildOperationRunner$2::execute@62 (line 74)
                      ; - org.gradle.internal.operations.DefaultBuildOperationRunner$2::execute@8 (line 60)
                      ; - org.gradle.internal.operations.DefaultBuildOperationRunner::execute@141 (line 167)
                      ; - org.gradle.internal.operations.DefaultBuildOperationRunner::execute@17 (line 60)
  0x0000022f263e4be4: f838 adff 

  0x0000022f263e4be8: ;   {post_call_nop}
  0x0000022f263e4be8: 0f1f 8400 | 6042 0080 | baf4 ffff | ff48 8b6c | 2478 4c8b | 5c24 604c | 895c 2420 | 4c8b 5c24 
  0x0000022f263e4c08: 384c 895c | 2428 4c8b | 5c24 404c | 895c 2430 | 4c8b 5c24 | 684c 895c | 2440 4c89 | 5424 504c 
  0x0000022f263e4c28: 894c 2458 | 894c 2460 

  0x0000022f263e4c30: ;   {runtime_call UncommonTrapBlob}
  0x0000022f263e4c30: 6666 90e8 

  0x0000022f263e4c34: ; ImmutableOopMap {rbp=Oop [32]=Oop [40]=Oop [48]=Oop [64]=Oop [80]=Oop [88]=Oop [176]=Oop [184]=Oop [192]=Oop }
                      ;*checkcast {reexecute=0 rethrow=0 return_oop=0}
                      ; - org.gradle.internal.operations.DefaultBuildOperationListenerManager$1::finished@31 (line 55)
                      ; - org.gradle.internal.operations.BuildOperationProgressEventListenerAdapter::stop@86 (line 78)
                      ; - org.gradle.internal.operations.DefaultBuildOperationRunner$BuildOperationTrackingListener::stop@9 (line 251)
                      ; - org.gradle.internal.operations.DefaultBuildOperationRunner$2::execute@62 (line 74)
                      ; - org.gradle.internal.operations.DefaultBuildOperationRunner$2::execute@8 (line 60)
                      ; - org.gradle.internal.operations.DefaultBuildOperationRunner::execute@141 (line 167)
                      ; - org.gradle.internal.operations.DefaultBuildOperationRunner::execute@17 (line 60)
  0x0000022f263e4c34: a838 adff 

  0x0000022f263e4c38: ;   {post_call_nop}
  0x0000022f263e4c38: 0f1f 8400 | b042 0081 | baf6 ffff | ff4c 8b54 | 2438 4c89 | 5424 284c | 8b54 2440 | 4c89 5424 
  0x0000022f263e4c58: 3048 897c 

  0x0000022f263e4c5c: ;   {runtime_call UncommonTrapBlob}
  0x0000022f263e4c5c: 2438 90e8 

  0x0000022f263e4c60: ; ImmutableOopMap {[40]=Oop [48]=Oop [96]=Oop [120]=Oop [176]=Oop [184]=Oop [192]=Oop }
                      ;*invokeinterface remove {reexecute=0 rethrow=0 return_oop=0}
                      ; - org.gradle.internal.operations.DefaultBuildOperationListenerManager$ProgressShieldingBuildOperationListener::finished@17 (line 123)
                      ; - org.gradle.internal.operations.DefaultBuildOperationListenerManager$1::finished@36 (line 55)
                      ; - org.gradle.internal.operations.BuildOperationProgressEventListenerAdapter::stop@86 (line 78)
                      ; - org.gradle.internal.operations.DefaultBuildOperationRunner$BuildOperationTrackingListener::stop@9 (line 251)
                      ; - org.gradle.internal.operations.DefaultBuildOperationRunner$2::execute@62 (line 74)
                      ; - org.gradle.internal.operations.DefaultBuildOperationRunner$2::execute@8 (line 60)
                      ; - org.gradle.internal.operations.DefaultBuildOperationRunner::execute@141 (line 167)
                      ; - org.gradle.internal.operations.DefaultBuildOperationRunner::execute@17 (line 60)
  0x0000022f263e4c60: 7c38 adff 

  0x0000022f263e4c64: ;   {post_call_nop}
  0x0000022f263e4c64: 0f1f 8400 | dc42 0082 | baf6 ffff | ff48 8b6c | 2478 4c8b | 5424 604c | 8954 2420 | 4c8b 5424 
  0x0000022f263e4c84: 384c 8954 | 2428 4c8b | 5424 404c | 8954 2430 | 4c8b 5424 | 684c 8954 | 2440 4c8b | 9424 8000 
  0x0000022f263e4ca4: 0000 4c89 | 5424 504c | 8b54 2470 | 4c89 5424 | 5844 8b9c | 2488 0000 | 0044 895c | 2460 4c8b 
  0x0000022f263e4cc4: 9424 9000 | 0000 4c89 | 5424 6844 | 8b94 24a0 | 0000 0044 | 8954 2464 | 4c8b 9424 | 9800 0000 
  0x0000022f263e4ce4: 4c89 9424 | 8000 0000 

  0x0000022f263e4cec: ;   {runtime_call UncommonTrapBlob}
  0x0000022f263e4cec: 6666 90e8 

  0x0000022f263e4cf0: ; ImmutableOopMap {rbp=Oop [32]=Oop [40]=Oop [48]=Oop [64]=Oop [80]=Oop [88]=Oop [100]=NarrowOop [104]=Oop [176]=Oop [184]=Oop [192]=Oop }
                      ;*invokeinterface rem {reexecute=0 rethrow=0 return_oop=0}
                      ; - it.unimi.dsi.fastutil.longs.LongSets$SynchronizedSet::remove@12 (line 219)
                      ; - org.gradle.internal.operations.DefaultBuildOperationListenerManager$ProgressShieldingBuildOperationListener::finished@17 (line 123)
                      ; - org.gradle.internal.operations.DefaultBuildOperationListenerManager$1::finished@36 (line 55)
                      ; - org.gradle.internal.operations.BuildOperationProgressEventListenerAdapter::stop@86 (line 78)
                      ; - org.gradle.internal.operations.DefaultBuildOperationRunner$BuildOperationTrackingListener::stop@9 (line 251)
                      ; - org.gradle.internal.operations.DefaultBuildOperationRunner$2::execute@62 (line 74)
                      ; - org.gradle.internal.operations.DefaultBuildOperationRunner$2::execute@8 (line 60)
                      ; - org.gradle.internal.operations.DefaultBuildOperationRunner::execute@141 (line 167)
                      ; - org.gradle.internal.operations.DefaultBuildOperationRunner::execute@17 (line 60)
  0x0000022f263e4cf0: ec37 adff 

  0x0000022f263e4cf4: ;   {post_call_nop}
  0x0000022f263e4cf4: 0f1f 8400 | 6c43 0083 | baf6 ffff | ff48 8b6c | 2478 4c8b | 5424 604c | 8954 2420 | 4c8b 5424 
  0x0000022f263e4d14: 384c 8954 | 2428 4c8b | 5424 404c | 8954 2430 | 4c8b 5424 | 684c 8954 | 2440 4c8b | 9424 8000 
  0x0000022f263e4d34: 0000 4c89 | 5424 504c | 8b54 2470 | 4c89 5424 | 5844 8b9c | 2488 0000 | 0044 895c | 2460 4c8b 
  0x0000022f263e4d54: 9424 9000 | 0000 4c89 | 5424 6844 | 8b94 24a0 | 0000 0045 | 8bda 4489 | 9c24 8000 | 0000 898c 
  0x0000022f263e4d74: 2484 0000 

  0x0000022f263e4d78: ;   {runtime_call UncommonTrapBlob}
  0x0000022f263e4d78: 0066 90e8 

  0x0000022f263e4d7c: ; ImmutableOopMap {rbp=Oop [32]=Oop [40]=Oop [48]=Oop [64]=Oop [80]=Oop [88]=Oop [104]=Oop [128]=NarrowOop [160]=NarrowOop [176]=Oop [184]=Oop [192]=Oop }
                      ;*laload {reexecute=0 rethrow=0 return_oop=0}
                      ; - it.unimi.dsi.fastutil.longs.LongOpenHashSet::remove@41 (line 488)
                      ; - it.unimi.dsi.fastutil.longs.AbstractLongSet::rem@2 (line 83)
                      ; - it.unimi.dsi.fastutil.longs.LongSets$SynchronizedSet::remove@12 (line 219)
                      ; - org.gradle.internal.operations.DefaultBuildOperationListenerManager$ProgressShieldingBuildOperationListener::finished@17 (line 123)
                      ; - org.gradle.internal.operations.DefaultBuildOperationListenerManager$1::finished@36 (line 55)
                      ; - org.gradle.internal.operations.BuildOperationProgressEventListenerAdapter::stop@86 (line 78)
                      ; - org.gradle.internal.operations.DefaultBuildOperationRunner$BuildOperationTrackingListener::stop@9 (line 251)
                      ; - org.gradle.internal.operations.DefaultBuildOperationRunner$2::execute@62 (line 74)
                      ; - org.gradle.internal.operations.DefaultBuildOperationRunner$2::execute@8 (line 60)
                      ; - org.gradle.internal.operations.DefaultBuildOperationRunner::execute@141 (line 167)
                      ; - org.gradle.internal.operations.DefaultBuildOperationRunner::execute@17 (line 60)
  0x0000022f263e4d7c: 6037 adff 

  0x0000022f263e4d80: ;   {post_call_nop}
  0x0000022f263e4d80: 0f1f 8400 | f843 0084 | ba45 ffff | ff48 8b7c | 2460 4889 | 7c24 2048 | 8b7c 2438 | 4889 7c24 
  0x0000022f263e4da0: 2848 8b7c | 2440 4889 | 7c24 3048 | ff74 2478 | 488f 4424 | 3848 8b7c | 2468 4889 | 7c24 4048 
  0x0000022f263e4dc0: ff74 2478 | 488f 4424 | 484c 894c | 2458 894c | 2460 4c89 | 4424 684c | 8954 2478 | 4489 9c24 
  0x0000022f263e4de0: 8000 0000 

  0x0000022f263e4de4: ;   {runtime_call UncommonTrapBlob}
  0x0000022f263e4de4: 6666 90e8 

  0x0000022f263e4de8: ; ImmutableOopMap {[32]=Oop [40]=Oop [48]=Oop [56]=Oop [64]=Oop [72]=Oop [88]=Oop [104]=Oop [120]=Oop [128]=NarrowOop [176]=Oop [184]=Oop [192]=Oop }
                      ;*ifnull {reexecute=1 rethrow=0 return_oop=0}
                      ; - (reexecute) org.gradle.internal.operations.DefaultBuildOperationListenerManager$ProgressShieldingBuildOperationListener::finished@6 (line 122)
                      ; - org.gradle.internal.operations.DefaultBuildOperationListenerManager$1::finished@36 (line 55)
                      ; - org.gradle.internal.operations.BuildOperationProgressEventListenerAdapter::stop@86 (line 78)
                      ; - org.gradle.internal.operations.DefaultBuildOperationRunner$BuildOperationTrackingListener::stop@9 (line 251)
                      ; - org.gradle.internal.operations.DefaultBuildOperationRunner$2::execute@62 (line 74)
                      ; - org.gradle.internal.operations.DefaultBuildOperationRunner$2::execute@8 (line 60)
                      ; - org.gradle.internal.operations.DefaultBuildOperationRunner::execute@141 (line 167)
                      ; - org.gradle.internal.operations.DefaultBuildOperationRunner::execute@17 (line 60)
  0x0000022f263e4de8: f436 adff 

  0x0000022f263e4dec: ;   {post_call_nop}
  0x0000022f263e4dec: 0f1f 8400 | 6444 0085 | baf6 ffff 

  0x0000022f263e4df8: ;   {runtime_call UncommonTrapBlob}
  0x0000022f263e4df8: ff66 90e8 

  0x0000022f263e4dfc: ; ImmutableOopMap {}
                      ;*invokevirtual getParentState {reexecute=0 rethrow=0 return_oop=0}
                      ; - org.gradle.internal.operations.DefaultBuildOperationRunner::execute@1 (line 156)
                      ; - org.gradle.internal.operations.DefaultBuildOperationRunner::execute@17 (line 60)
  0x0000022f263e4dfc: e036 adff 

  0x0000022f263e4e00: ;   {post_call_nop}
  0x0000022f263e4e00: 0f1f 8400 | 7844 0086 | baf6 ffff 

  0x0000022f263e4e0c: ;   {runtime_call UncommonTrapBlob}
  0x0000022f263e4e0c: ff66 90e8 

  0x0000022f263e4e10: ; ImmutableOopMap {}
                      ;*invokeinterface nextId {reexecute=0 rethrow=0 return_oop=0}
                      ; - org.gradle.internal.operations.DefaultBuildOperationRunner::execute@30 (line 158)
                      ; - org.gradle.internal.operations.DefaultBuildOperationRunner::execute@17 (line 60)
  0x0000022f263e4e10: cc36 adff 

  0x0000022f263e4e14: ;   {post_call_nop}
  0x0000022f263e4e14: 0f1f 8400 | 8c44 0087 | baf6 ffff 

  0x0000022f263e4e20: ;   {runtime_call UncommonTrapBlob}
  0x0000022f263e4e20: ff66 90e8 

  0x0000022f263e4e24: ; ImmutableOopMap {}
                      ;*invokeinterface getCurrentTime {reexecute=0 rethrow=0 return_oop=0}
                      ; - org.gradle.internal.operations.DefaultBuildOperationRunner::execute@84 (line 164)
                      ; - org.gradle.internal.operations.DefaultBuildOperationRunner::execute@17 (line 60)
  0x0000022f263e4e24: b836 adff 

  0x0000022f263e4e28: ;   {post_call_nop}
  0x0000022f263e4e28: 0f1f 8400 | a044 0088 | baf6 ffff 

  0x0000022f263e4e34: ;   {runtime_call UncommonTrapBlob}
  0x0000022f263e4e34: ff66 90e8 

  0x0000022f263e4e38: ; ImmutableOopMap {}
                      ;*invokeinterface nanoTime {reexecute=0 rethrow=0 return_oop=0}
                      ; - org.gradle.internal.time.MonotonicClock::getCurrentTime@4 (line 77)
                      ; - org.gradle.internal.operations.DefaultBuildOperationRunner::execute@84 (line 164)
                      ; - org.gradle.internal.operations.DefaultBuildOperationRunner::execute@17 (line 60)
  0x0000022f263e4e38: a436 adff 

  0x0000022f263e4e3c: ;   {post_call_nop}
  0x0000022f263e4e3c: 0f1f 8400 | b444 0089 | baf6 ffff 

  0x0000022f263e4e48: ;   {runtime_call UncommonTrapBlob}
  0x0000022f263e4e48: ff66 90e8 

  0x0000022f263e4e4c: ; ImmutableOopMap {}
                      ;*invokevirtual get {reexecute=0 rethrow=0 return_oop=0}
                      ; - org.gradle.internal.time.MonotonicClock::getCurrentTime@14 (line 78)
                      ; - org.gradle.internal.operations.DefaultBuildOperationRunner::execute@84 (line 164)
                      ; - org.gradle.internal.operations.DefaultBuildOperationRunner::execute@17 (line 60)
  0x0000022f263e4e4c: 9036 adff 

  0x0000022f263e4e50: ;   {post_call_nop}
  0x0000022f263e4e50: 0f1f 8400 | c844 008a | baf6 ffff 

  0x0000022f263e4e5c: ;   {runtime_call UncommonTrapBlob}
  0x0000022f263e4e5c: ff66 90e8 

  0x0000022f263e4e60: ; ImmutableOopMap {}
                      ;*invokevirtual get {reexecute=0 rethrow=0 return_oop=0}
                      ; - org.gradle.internal.time.MonotonicClock::getCurrentTime@22 (line 79)
                      ; - org.gradle.internal.operations.DefaultBuildOperationRunner::execute@84 (line 164)
                      ; - org.gradle.internal.operations.DefaultBuildOperationRunner::execute@17 (line 60)
  0x0000022f263e4e60: 7c36 adff 

  0x0000022f263e4e64: ;   {post_call_nop}
  0x0000022f263e4e64: 0f1f 8400 | dc44 008b | baf6 ffff 

  0x0000022f263e4e70: ;   {runtime_call UncommonTrapBlob}
  0x0000022f263e4e70: ff66 90e8 

  0x0000022f263e4e74: ; ImmutableOopMap {}
                      ;*invokeinterface createListener {reexecute=0 rethrow=0 return_oop=0}
                      ; - org.gradle.internal.operations.DefaultBuildOperationRunner::execute@106 (line 165)
                      ; - org.gradle.internal.operations.DefaultBuildOperationRunner::execute@17 (line 60)
  0x0000022f263e4e74: 6836 adff 

  0x0000022f263e4e78: ;   {post_call_nop}
  0x0000022f263e4e78: 0f1f 8400 | f044 008c | baf6 ffff | ff4c 8b5c | 2478 4c89 | 5c24 204c | 8b5c 2460 | 4c89 5424 
  0x0000022f263e4e98: 304c 8944 | 2438 4c89 | 5c24 484c | 8b54 2468 | 4c89 5424 

  0x0000022f263e4eac: ;   {runtime_call UncommonTrapBlob}
  0x0000022f263e4eac: 5066 90e8 

  0x0000022f263e4eb0: ; ImmutableOopMap {rbp=Oop [32]=Oop [48]=Oop [56]=Oop [72]=Oop [80]=Oop [176]=Oop [184]=Oop [192]=Oop }
                      ;*invokeinterface stop {reexecute=0 rethrow=0 return_oop=0}
                      ; - org.gradle.internal.operations.DefaultBuildOperationRunner$BuildOperationTrackingListener::stop@9 (line 251)
                      ; - org.gradle.internal.operations.DefaultBuildOperationRunner$2::execute@62 (line 74)
                      ; - org.gradle.internal.operations.DefaultBuildOperationRunner$2::execute@8 (line 60)
                      ; - org.gradle.internal.operations.DefaultBuildOperationRunner::execute@141 (line 167)
                      ; - org.gradle.internal.operations.DefaultBuildOperationRunner::execute@17 (line 60)
  0x0000022f263e4eb0: 2c36 adff 

  0x0000022f263e4eb4: ;   {post_call_nop}
  0x0000022f263e4eb4: 0f1f 8400 | 2c45 008d | baf6 ffff | ff48 8b6c | 2478 4c89 | 5424 284c | 8944 2430 | 895c 2438 
  0x0000022f263e4ed4: 4489 4c24 

  0x0000022f263e4ed8: ;   {runtime_call UncommonTrapBlob}
  0x0000022f263e4ed8: 3c66 90e8 

  0x0000022f263e4edc: ; ImmutableOopMap {rbp=Oop [40]=Oop [48]=Oop [56]=NarrowOop [96]=Oop [176]=Oop [184]=Oop [192]=Oop }
                      ;*invokeinterface completed {reexecute=0 rethrow=0 return_oop=0}
                      ; - org.gradle.internal.operations.BuildOperationProgressEventListenerAdapter::stop@42 (line 77)
                      ; - org.gradle.internal.operations.DefaultBuildOperationRunner$BuildOperationTrackingListener::stop@9 (line 251)
                      ; - org.gradle.internal.operations.DefaultBuildOperationRunner$2::execute@62 (line 74)
                      ; - org.gradle.internal.operations.DefaultBuildOperationRunner$2::execute@8 (line 60)
                      ; - org.gradle.internal.operations.DefaultBuildOperationRunner::execute@141 (line 167)
                      ; - org.gradle.internal.operations.DefaultBuildOperationRunner::execute@17 (line 60)
  0x0000022f263e4edc: 0036 adff 

  0x0000022f263e4ee0: ;   {post_call_nop}
  0x0000022f263e4ee0: 0f1f 8400 | 5845 008e | baf6 ffff | ff48 8b6c | 2478 4c8b | 5424 384c | 8954 2428 | 4c8b 5424 
  0x0000022f263e4f00: 404c 8954 

  0x0000022f263e4f04: ;   {runtime_call UncommonTrapBlob}
  0x0000022f263e4f04: 2430 90e8 

  0x0000022f263e4f08: ; ImmutableOopMap {rbp=Oop [40]=Oop [48]=Oop [96]=Oop [176]=Oop [184]=Oop [192]=Oop }
                      ;*getfield current {reexecute=1 rethrow=0 return_oop=0}
                      ; - (reexecute) org.gradle.internal.logging.progress.DefaultProgressLoggerFactory::access$200@1 (line 33)
                      ; - org.gradle.internal.logging.progress.DefaultProgressLoggerFactory$ProgressLoggerImpl::completed@15 (line 249)
                      ; - org.gradle.internal.operations.BuildOperationProgressEventListenerAdapter::stop@42 (line 77)
                      ; - org.gradle.internal.operations.DefaultBuildOperationRunner$BuildOperationTrackingListener::stop@9 (line 251)
                      ; - org.gradle.internal.operations.DefaultBuildOperationRunner$2::execute@62 (line 74)
                      ; - org.gradle.internal.operations.DefaultBuildOperationRunner$2::execute@8 (line 60)
                      ; - org.gradle.internal.operations.DefaultBuildOperationRunner::execute@141 (line 167)
                      ; - org.gradle.internal.operations.DefaultBuildOperationRunner::execute@17 (line 60)
  0x0000022f263e4f08: d435 adff 

  0x0000022f263e4f0c: ;   {post_call_nop}
  0x0000022f263e4f0c: 0f1f 8400 | 8445 008f | baf6 ffff | ff48 8b6c | 2478 4c8b | 5424 384c | 8954 2428 | 4c8b 5424 
  0x0000022f263e4f2c: 404c 8954 | 2430 4489 

  0x0000022f263e4f34: ;   {runtime_call UncommonTrapBlob}
  0x0000022f263e4f34: 4424 38e8 

  0x0000022f263e4f38: ; ImmutableOopMap {rbp=Oop [40]=Oop [48]=Oop [56]=NarrowOop [96]=Oop [176]=Oop [184]=Oop [192]=Oop }
                      ;*invokevirtual set {reexecute=0 rethrow=0 return_oop=0}
                      ; - org.gradle.internal.logging.progress.DefaultProgressLoggerFactory$ProgressLoggerImpl::completed@22 (line 249)
                      ; - org.gradle.internal.operations.BuildOperationProgressEventListenerAdapter::stop@42 (line 77)
                      ; - org.gradle.internal.operations.DefaultBuildOperationRunner$BuildOperationTrackingListener::stop@9 (line 251)
                      ; - org.gradle.internal.operations.DefaultBuildOperationRunner$2::execute@62 (line 74)
                      ; - org.gradle.internal.operations.DefaultBuildOperationRunner$2::execute@8 (line 60)
                      ; - org.gradle.internal.operations.DefaultBuildOperationRunner::execute@141 (line 167)
                      ; - org.gradle.internal.operations.DefaultBuildOperationRunner::execute@17 (line 60)
  0x0000022f263e4f38: a435 adff 

  0x0000022f263e4f3c: ;   {post_call_nop}
  0x0000022f263e4f3c: 0f1f 8400 | b445 0090 | baf6 ffff | ff48 8b6c | 2478 4c8b | 5424 384c | 8954 2428 | 4c8b 5424 
  0x0000022f263e4f5c: 404c 8954 

  0x0000022f263e4f60: ;   {runtime_call UncommonTrapBlob}
  0x0000022f263e4f60: 2430 90e8 

  0x0000022f263e4f64: ; ImmutableOopMap {rbp=Oop [40]=Oop [48]=Oop [96]=Oop [176]=Oop [184]=Oop [192]=Oop }
                      ;*invokeinterface getCurrentTime {reexecute=0 rethrow=0 return_oop=0}
                      ; - org.gradle.internal.logging.progress.DefaultProgressLoggerFactory$ProgressLoggerImpl::completed@41 (line 250)
                      ; - org.gradle.internal.operations.BuildOperationProgressEventListenerAdapter::stop@42 (line 77)
                      ; - org.gradle.internal.operations.DefaultBuildOperationRunner$BuildOperationTrackingListener::stop@9 (line 251)
                      ; - org.gradle.internal.operations.DefaultBuildOperationRunner$2::execute@62 (line 74)
                      ; - org.gradle.internal.operations.DefaultBuildOperationRunner$2::execute@8 (line 60)
                      ; - org.gradle.internal.operations.DefaultBuildOperationRunner::execute@141 (line 167)
                      ; - org.gradle.internal.operations.DefaultBuildOperationRunner::execute@17 (line 60)
  0x0000022f263e4f64: 7835 adff 

  0x0000022f263e4f68: ;   {post_call_nop}
  0x0000022f263e4f68: 0f1f 8400 | e045 0091 | baf6 ffff | ff48 8b6c | 2478 4c8b | 5424 384c | 8954 2428 | 4c8b 5424 
  0x0000022f263e4f88: 404c 8954 

  0x0000022f263e4f8c: ;   {runtime_call UncommonTrapBlob}
  0x0000022f263e4f8c: 2430 90e8 

  0x0000022f263e4f90: ; ImmutableOopMap {rbp=Oop [40]=Oop [48]=Oop [96]=Oop [176]=Oop [184]=Oop [192]=Oop }
                      ;*invokeinterface nanoTime {reexecute=0 rethrow=0 return_oop=0}
                      ; - org.gradle.internal.time.MonotonicClock::getCurrentTime@4 (line 77)
                      ; - org.gradle.internal.logging.progress.DefaultProgressLoggerFactory$ProgressLoggerImpl::completed@41 (line 250)
                      ; - org.gradle.internal.operations.BuildOperationProgressEventListenerAdapter::stop@42 (line 77)
                      ; - org.gradle.internal.operations.DefaultBuildOperationRunner$BuildOperationTrackingListener::stop@9 (line 251)
                      ; - org.gradle.internal.operations.DefaultBuildOperationRunner$2::execute@62 (line 74)
                      ; - org.gradle.internal.operations.DefaultBuildOperationRunner$2::execute@8 (line 60)
                      ; - org.gradle.internal.operations.DefaultBuildOperationRunner::execute@141 (line 167)
                      ; - org.gradle.internal.operations.DefaultBuildOperationRunner::execute@17 (line 60)
  0x0000022f263e4f90: 4c35 adff 

  0x0000022f263e4f94: ;   {post_call_nop}
  0x0000022f263e4f94: 0f1f 8400 | 0c46 0092 | baf6 ffff | ff48 8b6c | 2478 4c8b | 5424 384c | 8954 2428 | 4c8b 5424 
  0x0000022f263e4fb4: 404c 8954 

  0x0000022f263e4fb8: ;   {runtime_call UncommonTrapBlob}
  0x0000022f263e4fb8: 2430 90e8 

  0x0000022f263e4fbc: ; ImmutableOopMap {rbp=Oop [40]=Oop [48]=Oop [96]=Oop [176]=Oop [184]=Oop [192]=Oop }
                      ;*invokevirtual get {reexecute=0 rethrow=0 return_oop=0}
                      ; - org.gradle.internal.time.MonotonicClock::getCurrentTime@14 (line 78)
                      ; - org.gradle.internal.logging.progress.DefaultProgressLoggerFactory$ProgressLoggerImpl::completed@41 (line 250)
                      ; - org.gradle.internal.operations.BuildOperationProgressEventListenerAdapter::stop@42 (line 77)
                      ; - org.gradle.internal.operations.DefaultBuildOperationRunner$BuildOperationTrackingListener::stop@9 (line 251)
                      ; - org.gradle.internal.operations.DefaultBuildOperationRunner$2::execute@62 (line 74)
                      ; - org.gradle.internal.operations.DefaultBuildOperationRunner$2::execute@8 (line 60)
                      ; - org.gradle.internal.operations.DefaultBuildOperationRunner::execute@141 (line 167)
                      ; - org.gradle.internal.operations.DefaultBuildOperationRunner::execute@17 (line 60)
  0x0000022f263e4fbc: 2035 adff 

  0x0000022f263e4fc0: ;   {post_call_nop}
  0x0000022f263e4fc0: 0f1f 8400 | 3846 0093 | baf6 ffff | ff48 8b6c | 2478 4c8b | 5424 384c | 8954 2428 | 4c8b 5424 
  0x0000022f263e4fe0: 404c 8954 

  0x0000022f263e4fe4: ;   {runtime_call UncommonTrapBlob}
  0x0000022f263e4fe4: 2430 90e8 

  0x0000022f263e4fe8: ; ImmutableOopMap {rbp=Oop [40]=Oop [48]=Oop [96]=Oop [176]=Oop [184]=Oop [192]=Oop }
                      ;*invokevirtual get {reexecute=0 rethrow=0 return_oop=0}
                      ; - org.gradle.internal.time.MonotonicClock::getCurrentTime@22 (line 79)
                      ; - org.gradle.internal.logging.progress.DefaultProgressLoggerFactory$ProgressLoggerImpl::completed@41 (line 250)
                      ; - org.gradle.internal.operations.BuildOperationProgressEventListenerAdapter::stop@42 (line 77)
                      ; - org.gradle.internal.operations.DefaultBuildOperationRunner$BuildOperationTrackingListener::stop@9 (line 251)
                      ; - org.gradle.internal.operations.DefaultBuildOperationRunner$2::execute@62 (line 74)
                      ; - org.gradle.internal.operations.DefaultBuildOperationRunner$2::execute@8 (line 60)
                      ; - org.gradle.internal.operations.DefaultBuildOperationRunner::execute@141 (line 167)
                      ; - org.gradle.internal.operations.DefaultBuildOperationRunner::execute@17 (line 60)
  0x0000022f263e4fe8: f434 adff 

  0x0000022f263e4fec: ;   {post_call_nop}
  0x0000022f263e4fec: 0f1f 8400 | 6446 0094 | baf6 ffff | ff48 8b6c | 2478 4c8b | 5424 384c | 8954 2428 | 4c8b 5424 
  0x0000022f263e500c: 404c 8954 

  0x0000022f263e5010: ;   {runtime_call UncommonTrapBlob}
  0x0000022f263e5010: 2430 90e8 

  0x0000022f263e5014: ; ImmutableOopMap {rbp=Oop [40]=Oop [48]=Oop [96]=Oop [152]=Oop [176]=Oop [184]=Oop [192]=Oop }
                      ;*invokeinterface completed {reexecute=0 rethrow=0 return_oop=0}
                      ; - org.gradle.internal.logging.progress.DefaultProgressLoggerFactory$ProgressLoggerImpl::completed@55 (line 250)
                      ; - org.gradle.internal.operations.BuildOperationProgressEventListenerAdapter::stop@42 (line 77)
                      ; - org.gradle.internal.operations.DefaultBuildOperationRunner$BuildOperationTrackingListener::stop@9 (line 251)
                      ; - org.gradle.internal.operations.DefaultBuildOperationRunner$2::execute@62 (line 74)
                      ; - org.gradle.internal.operations.DefaultBuildOperationRunner$2::execute@8 (line 60)
                      ; - org.gradle.internal.operations.DefaultBuildOperationRunner::execute@141 (line 167)
                      ; - org.gradle.internal.operations.DefaultBuildOperationRunner::execute@17 (line 60)
  0x0000022f263e5014: c834 adff 

  0x0000022f263e5018: ;   {post_call_nop}
  0x0000022f263e5018: 0f1f 8400 | 9046 0095 | baf6 ffff | ff48 8b6c | 2478 4c8b | 5424 384c | 8954 2428 | 4c8b 5424 
  0x0000022f263e5038: 404c 8954 

  0x0000022f263e503c: ;   {runtime_call UncommonTrapBlob}
  0x0000022f263e503c: 2430 90e8 

  0x0000022f263e5040: ; ImmutableOopMap {rbp=Oop [40]=Oop [48]=Oop [96]=Oop [152]=Oop [176]=Oop [184]=Oop [192]=Oop }
                      ;*invokeinterface onOutput {reexecute=0 rethrow=0 return_oop=0}
                      ; - org.gradle.internal.logging.services.ProgressLoggingBridge::completed@5 (line 34)
                      ; - org.gradle.internal.logging.progress.DefaultProgressLoggerFactory$ProgressLoggerImpl::completed@55 (line 250)
                      ; - org.gradle.internal.operations.BuildOperationProgressEventListenerAdapter::stop@42 (line 77)
                      ; - org.gradle.internal.operations.DefaultBuildOperationRunner$BuildOperationTrackingListener::stop@9 (line 251)
                      ; - org.gradle.internal.operations.DefaultBuildOperationRunner$2::execute@62 (line 74)
                      ; - org.gradle.internal.operations.DefaultBuildOperationRunner$2::execute@8 (line 60)
                      ; - org.gradle.internal.operations.DefaultBuildOperationRunner::execute@141 (line 167)
                      ; - org.gradle.internal.operations.DefaultBuildOperationRunner::execute@17 (line 60)
  0x0000022f263e5040: 9c34 adff 

  0x0000022f263e5044: ;   {post_call_nop}
  0x0000022f263e5044: 0f1f 8400 | bc46 0096 | baf6 ffff | ff48 8b6c | 2478 4c8b | 5424 384c | 8954 2428 | 4c8b 5424 
  0x0000022f263e5064: 404c 8954 

  0x0000022f263e5068: ;   {runtime_call UncommonTrapBlob}
  0x0000022f263e5068: 2430 90e8 

  0x0000022f263e506c: ; ImmutableOopMap {rbp=Oop [40]=Oop [48]=Oop [96]=Oop [176]=Oop [184]=Oop [192]=Oop }
                      ;*getfield renderer {reexecute=1 rethrow=0 return_oop=0}
                      ; - (reexecute) org.gradle.internal.logging.sink.OutputEventListenerManager::access$000@1 (line 29)
                      ; - org.gradle.internal.logging.sink.OutputEventListenerManager$1::onOutput@4 (line 36)
                      ; - org.gradle.internal.logging.services.ProgressLoggingBridge::completed@5 (line 34)
                      ; - org.gradle.internal.logging.progress.DefaultProgressLoggerFactory$ProgressLoggerImpl::completed@55 (line 250)
                      ; - org.gradle.internal.operations.BuildOperationProgressEventListenerAdapter::stop@42 (line 77)
                      ; - org.gradle.internal.operations.DefaultBuildOperationRunner$BuildOperationTrackingListener::stop@9 (line 251)
                      ; - org.gradle.internal.operations.DefaultBuildOperationRunner$2::execute@62 (line 74)
                      ; - org.gradle.internal.operations.DefaultBuildOperationRunner$2::execute@8 (line 60)
                      ; - org.gradle.internal.operations.DefaultBuildOperationRunner::execute@141 (line 167)
                      ; - org.gradle.internal.operations.DefaultBuildOperationRunner::execute@17 (line 60)
  0x0000022f263e506c: 7034 adff 

  0x0000022f263e5070: ;   {post_call_nop}
  0x0000022f263e5070: 0f1f 8400 | e846 0097 | baf6 ffff | ff48 8b6c | 2478 4c8b | 5424 384c | 8954 2428 | 4c8b 5424 
  0x0000022f263e5090: 404c 8954 

  0x0000022f263e5094: ;   {runtime_call UncommonTrapBlob}
  0x0000022f263e5094: 2430 90e8 

  0x0000022f263e5098: ; ImmutableOopMap {rbp=Oop [40]=Oop [48]=Oop [96]=Oop [152]=Oop [176]=Oop [184]=Oop [192]=Oop }
                      ;*invokeinterface onOutput {reexecute=0 rethrow=0 return_oop=0}
                      ; - org.gradle.internal.logging.sink.OutputEventListenerManager$1::onOutput@8 (line 36)
                      ; - org.gradle.internal.logging.services.ProgressLoggingBridge::completed@5 (line 34)
                      ; - org.gradle.internal.logging.progress.DefaultProgressLoggerFactory$ProgressLoggerImpl::completed@55 (line 250)
                      ; - org.gradle.internal.operations.BuildOperationProgressEventListenerAdapter::stop@42 (line 77)
                      ; - org.gradle.internal.operations.DefaultBuildOperationRunner$BuildOperationTrackingListener::stop@9 (line 251)
                      ; - org.gradle.internal.operations.DefaultBuildOperationRunner$2::execute@62 (line 74)
                      ; - org.gradle.internal.operations.DefaultBuildOperationRunner$2::execute@8 (line 60)
                      ; - org.gradle.internal.operations.DefaultBuildOperationRunner::execute@141 (line 167)
                      ; - org.gradle.internal.operations.DefaultBuildOperationRunner::execute@17 (line 60)
  0x0000022f263e5098: 4434 adff 

  0x0000022f263e509c: ;   {post_call_nop}
  0x0000022f263e509c: 0f1f 8400 | 1447 0098 | baf6 ffff | ff48 8b6c | 2478 4c8b | 5424 384c | 8954 2428 | 4c8b 5424 
  0x0000022f263e50bc: 404c 8954 

  0x0000022f263e50c0: ;   {runtime_call UncommonTrapBlob}
  0x0000022f263e50c0: 2430 90e8 

  0x0000022f263e50c4: ; ImmutableOopMap {rbp=Oop [40]=Oop [48]=Oop [96]=Oop [176]=Oop [184]=Oop [192]=Oop }
                      ;*invokevirtual get {reexecute=0 rethrow=0 return_oop=0}
                      ; - org.gradle.internal.logging.sink.OutputEventRenderer::onOutput@15 (line 476)
                      ; - org.gradle.internal.logging.sink.OutputEventListenerManager$1::onOutput@8 (line 36)
                      ; - org.gradle.internal.logging.services.ProgressLoggingBridge::completed@5 (line 34)
                      ; - org.gradle.internal.logging.progress.DefaultProgressLoggerFactory$ProgressLoggerImpl::completed@55 (line 250)
                      ; - org.gradle.internal.operations.BuildOperationProgressEventListenerAdapter::stop@42 (line 77)
                      ; - org.gradle.internal.operations.DefaultBuildOperationRunner$BuildOperationTrackingListener::stop@9 (line 251)
                      ; - org.gradle.internal.operations.DefaultBuildOperationRunner$2::execute@62 (line 74)
                      ; - org.gradle.internal.operations.DefaultBuildOperationRunner$2::execute@8 (line 60)
                      ; - org.gradle.internal.operations.DefaultBuildOperationRunner::execute@141 (line 167)
                      ; - org.gradle.internal.operations.DefaultBuildOperationRunner::execute@17 (line 60)
  0x0000022f263e50c4: 1834 adff 

  0x0000022f263e50c8: ;   {post_call_nop}
  0x0000022f263e50c8: 0f1f 8400 | 4047 0099 | baf4 ffff | ff4c 8b54 | 2478 4c89 | 5424 204c | 8b54 2438 | 4c89 5424 
  0x0000022f263e50e8: 304c 8b54 | 2440 4c89 | 5424 384c | 8b54 2468 | 4c89 5424 | 484c 8b54 | 2470 4c89 | 5424 684c 
  0x0000022f263e5108: 895c 2478 | 4889 8c24 | 8000 0000 

  0x0000022f263e5114: ;   {runtime_call UncommonTrapBlob}
  0x0000022f263e5114: 6666 90e8 

  0x0000022f263e5118: ; ImmutableOopMap {rbp=Oop [32]=Oop [48]=Oop [56]=Oop [72]=Oop [80]=Oop [96]=Oop [104]=Oop [120]=Oop [128]=Oop [176]=Oop [184]=Oop [192]=Oop }
                      ;*checkcast {reexecute=0 rethrow=0 return_oop=0}
                      ; - org.gradle.internal.logging.sink.OutputEventRenderer::onOutput@18 (line 476)
                      ; - org.gradle.internal.logging.sink.OutputEventListenerManager$1::onOutput@8 (line 36)
                      ; - org.gradle.internal.logging.services.ProgressLoggingBridge::completed@5 (line 34)
                      ; - org.gradle.internal.logging.progress.DefaultProgressLoggerFactory$ProgressLoggerImpl::completed@55 (line 250)
                      ; - org.gradle.internal.operations.BuildOperationProgressEventListenerAdapter::stop@42 (line 77)
                      ; - org.gradle.internal.operations.DefaultBuildOperationRunner$BuildOperationTrackingListener::stop@9 (line 251)
                      ; - org.gradle.internal.operations.DefaultBuildOperationRunner$2::execute@62 (line 74)
                      ; - org.gradle.internal.operations.DefaultBuildOperationRunner$2::execute@8 (line 60)
                      ; - org.gradle.internal.operations.DefaultBuildOperationRunner::execute@141 (line 167)
                      ; - org.gradle.internal.operations.DefaultBuildOperationRunner::execute@17 (line 60)
  0x0000022f263e5118: c433 adff 

  0x0000022f263e511c: ;   {post_call_nop}
  0x0000022f263e511c: 0f1f 8400 | 9447 009a | baf6 ffff | ff48 8b6c | 2420 4c8b | 5424 384c | 8954 2428 | 4c8b 5424 
  0x0000022f263e513c: 404c 8954 

  0x0000022f263e5140: ;   {runtime_call UncommonTrapBlob}
  0x0000022f263e5140: 2430 90e8 

  0x0000022f263e5144: ; ImmutableOopMap {rbp=Oop [40]=Oop [48]=Oop [96]=Oop [176]=Oop [184]=Oop [192]=Oop }
                      ;*getfield other {reexecute=1 rethrow=0 return_oop=0}
                      ; - (reexecute) org.gradle.internal.logging.sink.OutputEventListenerManager::access$100@1 (line 29)
                      ; - org.gradle.internal.logging.sink.OutputEventListenerManager$1::onOutput@17 (line 38)
                      ; - org.gradle.internal.logging.services.ProgressLoggingBridge::completed@5 (line 34)
                      ; - org.gradle.internal.logging.progress.DefaultProgressLoggerFactory$ProgressLoggerImpl::completed@55 (line 250)
                      ; - org.gradle.internal.operations.BuildOperationProgressEventListenerAdapter::stop@42 (line 77)
                      ; - org.gradle.internal.operations.DefaultBuildOperationRunner$BuildOperationTrackingListener::stop@9 (line 251)
                      ; - org.gradle.internal.operations.DefaultBuildOperationRunner$2::execute@62 (line 74)
                      ; - org.gradle.internal.operations.DefaultBuildOperationRunner$2::execute@8 (line 60)
                      ; - org.gradle.internal.operations.DefaultBuildOperationRunner::execute@141 (line 167)
                      ; - org.gradle.internal.operations.DefaultBuildOperationRunner::execute@17 (line 60)
  0x0000022f263e5144: 9833 adff 

  0x0000022f263e5148: ;   {post_call_nop}
  0x0000022f263e5148: 0f1f 8400 | c047 009b | baf6 ffff | ff48 8b6c | 2478 4c8b | 5424 384c | 8954 2428 | 4c8b 5424 
  0x0000022f263e5168: 404c 8954 

  0x0000022f263e516c: ;   {runtime_call UncommonTrapBlob}
  0x0000022f263e516c: 2430 90e8 

  0x0000022f263e5170: ; ImmutableOopMap {rbp=Oop [40]=Oop [48]=Oop [96]=Oop [176]=Oop [184]=Oop [192]=Oop }
                      ;*invokeinterface getCurrentTime {reexecute=0 rethrow=0 return_oop=0}
                      ; - org.gradle.internal.operations.BuildOperationProgressEventListenerAdapter::stop@64 (line 78)
                      ; - org.gradle.internal.operations.DefaultBuildOperationRunner$BuildOperationTrackingListener::stop@9 (line 251)
                      ; - org.gradle.internal.operations.DefaultBuildOperationRunner$2::execute@62 (line 74)
                      ; - org.gradle.internal.operations.DefaultBuildOperationRunner$2::execute@8 (line 60)
                      ; - org.gradle.internal.operations.DefaultBuildOperationRunner::execute@141 (line 167)
                      ; - org.gradle.internal.operations.DefaultBuildOperationRunner::execute@17 (line 60)
  0x0000022f263e5170: 6c33 adff 

  0x0000022f263e5174: ;   {post_call_nop}
  0x0000022f263e5174: 0f1f 8400 | ec47 009c | baf6 ffff | ff48 8b6c | 2478 4c8b | 5424 384c | 8954 2428 | 4c8b 5424 
  0x0000022f263e5194: 404c 8954 

  0x0000022f263e5198: ;   {runtime_call UncommonTrapBlob}
  0x0000022f263e5198: 2430 90e8 

  0x0000022f263e519c: ; ImmutableOopMap {rbp=Oop [40]=Oop [48]=Oop [96]=Oop [176]=Oop [184]=Oop [192]=Oop }
                      ;*invokeinterface nanoTime {reexecute=0 rethrow=0 return_oop=0}
                      ; - org.gradle.internal.time.MonotonicClock::getCurrentTime@4 (line 77)
                      ; - org.gradle.internal.operations.BuildOperationProgressEventListenerAdapter::stop@64 (line 78)
                      ; - org.gradle.internal.operations.DefaultBuildOperationRunner$BuildOperationTrackingListener::stop@9 (line 251)
                      ; - org.gradle.internal.operations.DefaultBuildOperationRunner$2::execute@62 (line 74)
                      ; - org.gradle.internal.operations.DefaultBuildOperationRunner$2::execute@8 (line 60)
                      ; - org.gradle.internal.operations.DefaultBuildOperationRunner::execute@141 (line 167)
                      ; - org.gradle.internal.operations.DefaultBuildOperationRunner::execute@17 (line 60)
  0x0000022f263e519c: 4033 adff 

  0x0000022f263e51a0: ;   {post_call_nop}
  0x0000022f263e51a0: 0f1f 8400 | 1848 009d | baf6 ffff | ff48 8b6c | 2478 4c8b | 5424 384c | 8954 2428 | 4c8b 5424 
  0x0000022f263e51c0: 404c 8954 

  0x0000022f263e51c4: ;   {runtime_call UncommonTrapBlob}
  0x0000022f263e51c4: 2430 90e8 

  0x0000022f263e51c8: ; ImmutableOopMap {rbp=Oop [40]=Oop [48]=Oop [96]=Oop [176]=Oop [184]=Oop [192]=Oop }
                      ;*invokevirtual get {reexecute=0 rethrow=0 return_oop=0}
                      ; - org.gradle.internal.time.MonotonicClock::getCurrentTime@14 (line 78)
                      ; - org.gradle.internal.operations.BuildOperationProgressEventListenerAdapter::stop@64 (line 78)
                      ; - org.gradle.internal.operations.DefaultBuildOperationRunner$BuildOperationTrackingListener::stop@9 (line 251)
                      ; - org.gradle.internal.operations.DefaultBuildOperationRunner$2::execute@62 (line 74)
                      ; - org.gradle.internal.operations.DefaultBuildOperationRunner$2::execute@8 (line 60)
                      ; - org.gradle.internal.operations.DefaultBuildOperationRunner::execute@141 (line 167)
                      ; - org.gradle.internal.operations.DefaultBuildOperationRunner::execute@17 (line 60)
  0x0000022f263e51c8: 1433 adff 

  0x0000022f263e51cc: ;   {post_call_nop}
  0x0000022f263e51cc: 0f1f 8400 | 4448 009e | baf6 ffff | ff48 8b6c | 2478 4c8b | 5424 384c | 8954 2428 | 4c8b 5424 
  0x0000022f263e51ec: 404c 8954 

  0x0000022f263e51f0: ;   {runtime_call UncommonTrapBlob}
  0x0000022f263e51f0: 2430 90e8 

  0x0000022f263e51f4: ; ImmutableOopMap {rbp=Oop [40]=Oop [48]=Oop [96]=Oop [176]=Oop [184]=Oop [192]=Oop }
                      ;*invokevirtual get {reexecute=0 rethrow=0 return_oop=0}
                      ; - org.gradle.internal.time.MonotonicClock::getCurrentTime@22 (line 79)
                      ; - org.gradle.internal.operations.BuildOperationProgressEventListenerAdapter::stop@64 (line 78)
                      ; - org.gradle.internal.operations.DefaultBuildOperationRunner$BuildOperationTrackingListener::stop@9 (line 251)
                      ; - org.gradle.internal.operations.DefaultBuildOperationRunner$2::execute@62 (line 74)
                      ; - org.gradle.internal.operations.DefaultBuildOperationRunner$2::execute@8 (line 60)
                      ; - org.gradle.internal.operations.DefaultBuildOperationRunner::execute@141 (line 167)
                      ; - org.gradle.internal.operations.DefaultBuildOperationRunner::execute@17 (line 60)
  0x0000022f263e51f4: e832 adff 

  0x0000022f263e51f8: ;   {post_call_nop}
  0x0000022f263e51f8: 0f1f 8400 | 7048 009f | baf6 ffff | ff48 8b6c | 2478 4c8b | 5c24 384c | 895c 2428 | 4c8b 5c24 
  0x0000022f263e5218: 404c 895c | 2430 4c89 

  0x0000022f263e5220: ;   {runtime_call UncommonTrapBlob}
  0x0000022f263e5220: 5424 40e8 

  0x0000022f263e5224: ; ImmutableOopMap {rbp=Oop [40]=Oop [48]=Oop [64]=Oop [96]=Oop [176]=Oop [184]=Oop [192]=Oop }
                      ;*invokeinterface finished {reexecute=0 rethrow=0 return_oop=0}
                      ; - org.gradle.internal.operations.BuildOperationProgressEventListenerAdapter::stop@86 (line 78)
                      ; - org.gradle.internal.operations.DefaultBuildOperationRunner$BuildOperationTrackingListener::stop@9 (line 251)
                      ; - org.gradle.internal.operations.DefaultBuildOperationRunner$2::execute@62 (line 74)
                      ; - org.gradle.internal.operations.DefaultBuildOperationRunner$2::execute@8 (line 60)
                      ; - org.gradle.internal.operations.DefaultBuildOperationRunner::execute@141 (line 167)
                      ; - org.gradle.internal.operations.DefaultBuildOperationRunner::execute@17 (line 60)
  0x0000022f263e5224: b832 adff 

  0x0000022f263e5228: ;   {post_call_nop}
  0x0000022f263e5228: 0f1f 8400 | a048 00a0 | baf6 ffff | ff48 8b6c | 2478 4c8b | 5424 384c | 8954 2428 | 4c8b 5424 
  0x0000022f263e5248: 404c 8954 

  0x0000022f263e524c: ;   {runtime_call UncommonTrapBlob}
  0x0000022f263e524c: 2430 90e8 

  0x0000022f263e5250: ; ImmutableOopMap {rbp=Oop [40]=Oop [48]=Oop [96]=Oop [176]=Oop [184]=Oop [192]=Oop }
                      ;*invokespecial getListeners {reexecute=0 rethrow=0 return_oop=0}
                      ; - org.gradle.internal.operations.DefaultBuildOperationListenerManager::access$000@1 (line 27)
                      ; - org.gradle.internal.operations.DefaultBuildOperationListenerManager$1::finished@4 (line 53)
                      ; - org.gradle.internal.operations.BuildOperationProgressEventListenerAdapter::stop@86 (line 78)
                      ; - org.gradle.internal.operations.DefaultBuildOperationRunner$BuildOperationTrackingListener::stop@9 (line 251)
                      ; - org.gradle.internal.operations.DefaultBuildOperationRunner$2::execute@62 (line 74)
                      ; - org.gradle.internal.operations.DefaultBuildOperationRunner$2::execute@8 (line 60)
                      ; - org.gradle.internal.operations.DefaultBuildOperationRunner::execute@141 (line 167)
                      ; - org.gradle.internal.operations.DefaultBuildOperationRunner::execute@17 (line 60)
  0x0000022f263e5250: 8c32 adff 

  0x0000022f263e5254: ;   {post_call_nop}
  0x0000022f263e5254: 0f1f 8400 | cc48 00a1 | baf6 ffff | ff48 8b6c | 2478 4c8b | 5424 384c | 8954 2428 | 4c8b 5424 
  0x0000022f263e5274: 404c 8954 

  0x0000022f263e5278: ;   {runtime_call UncommonTrapBlob}
  0x0000022f263e5278: 2430 90e8 

  0x0000022f263e527c: ; ImmutableOopMap {rbp=Oop [40]=Oop [48]=Oop [96]=Oop [176]=Oop [184]=Oop [192]=Oop }
                      ;*invokevirtual get {reexecute=0 rethrow=0 return_oop=0}
                      ; - org.gradle.internal.operations.DefaultBuildOperationListenerManager::getListeners@4 (line 62)
                      ; - org.gradle.internal.operations.DefaultBuildOperationListenerManager::access$000@1 (line 27)
                      ; - org.gradle.internal.operations.DefaultBuildOperationListenerManager$1::finished@4 (line 53)
                      ; - org.gradle.internal.operations.BuildOperationProgressEventListenerAdapter::stop@86 (line 78)
                      ; - org.gradle.internal.operations.DefaultBuildOperationRunner$BuildOperationTrackingListener::stop@9 (line 251)
                      ; - org.gradle.internal.operations.DefaultBuildOperationRunner$2::execute@62 (line 74)
                      ; - org.gradle.internal.operations.DefaultBuildOperationRunner$2::execute@8 (line 60)
                      ; - org.gradle.internal.operations.DefaultBuildOperationRunner::execute@141 (line 167)
                      ; - org.gradle.internal.operations.DefaultBuildOperationRunner::execute@17 (line 60)
  0x0000022f263e527c: 6032 adff 

  0x0000022f263e5280: ;   {post_call_nop}
  0x0000022f263e5280: 0f1f 8400 | f848 00a2 | baf4 ffff | ff48 8b6c | 2478 4c8b | 5c24 604c | 895c 2420 | 4c8b 5c24 
  0x0000022f263e52a0: 384c 895c | 2428 4c8b | 5c24 404c | 895c 2430 | 4c8b 5c24 | 684c 895c | 2440 4c89 

  0x0000022f263e52bc: ;   {runtime_call UncommonTrapBlob}
  0x0000022f263e52bc: 5424 50e8 

  0x0000022f263e52c0: ; ImmutableOopMap {rbp=Oop [32]=Oop [40]=Oop [48]=Oop [64]=Oop [80]=Oop [176]=Oop [184]=Oop [192]=Oop }
                      ;*checkcast {reexecute=0 rethrow=0 return_oop=0}
                      ; - org.gradle.internal.operations.DefaultBuildOperationListenerManager::getListeners@7 (line 62)
                      ; - org.gradle.internal.operations.DefaultBuildOperationListenerManager::access$000@1 (line 27)
                      ; - org.gradle.internal.operations.DefaultBuildOperationListenerManager$1::finished@4 (line 53)
                      ; - org.gradle.internal.operations.BuildOperationProgressEventListenerAdapter::stop@86 (line 78)
                      ; - org.gradle.internal.operations.DefaultBuildOperationRunner$BuildOperationTrackingListener::stop@9 (line 251)
                      ; - org.gradle.internal.operations.DefaultBuildOperationRunner$2::execute@62 (line 74)
                      ; - org.gradle.internal.operations.DefaultBuildOperationRunner$2::execute@8 (line 60)
                      ; - org.gradle.internal.operations.DefaultBuildOperationRunner::execute@141 (line 167)
                      ; - org.gradle.internal.operations.DefaultBuildOperationRunner::execute@17 (line 60)
  0x0000022f263e52c0: 1c32 adff 

  0x0000022f263e52c4: ;   {post_call_nop}
  0x0000022f263e52c4: 0f1f 8400 | 3c49 00a3 | baf6 ffff | ff48 8b6c | 2478 4c8b | 5424 384c | 8954 2428 | 4c8b 5424 
  0x0000022f263e52e4: 404c 8954 

  0x0000022f263e52e8: ;   {runtime_call UncommonTrapBlob}
  0x0000022f263e52e8: 2430 90e8 

  0x0000022f263e52ec: ; ImmutableOopMap {rbp=Oop [40]=Oop [48]=Oop [96]=Oop [176]=Oop [184]=Oop [192]=Oop }
                      ;*arraylength {reexecute=0 rethrow=0 return_oop=0}
                      ; - com.google.common.collect.RegularImmutableList::size@4 (line 47)
                      ; - org.gradle.internal.operations.DefaultBuildOperationListenerManager$1::finished@9 (line 54)
                      ; - org.gradle.internal.operations.BuildOperationProgressEventListenerAdapter::stop@86 (line 78)
                      ; - org.gradle.internal.operations.DefaultBuildOperationRunner$BuildOperationTrackingListener::stop@9 (line 251)
                      ; - org.gradle.internal.operations.DefaultBuildOperationRunner$2::execute@62 (line 74)
                      ; - org.gradle.internal.operations.DefaultBuildOperationRunner$2::execute@8 (line 60)
                      ; - org.gradle.internal.operations.DefaultBuildOperationRunner::execute@141 (line 167)
                      ; - org.gradle.internal.operations.DefaultBuildOperationRunner::execute@17 (line 60)
  0x0000022f263e52ec: f031 adff 

  0x0000022f263e52f0: ;   {post_call_nop}
  0x0000022f263e52f0: 0f1f 8400 | 6849 00a4 | baf6 ffff | ff4c 8b54 | 2438 4c89 | 5424 284c | 8b54 2440 | 4c89 5424 
  0x0000022f263e5310: ;   {runtime_call UncommonTrapBlob}
  0x0000022f263e5310: 3066 90e8 

  0x0000022f263e5314: ; ImmutableOopMap {[40]=Oop [48]=Oop [96]=Oop [120]=Oop [176]=Oop [184]=Oop [192]=Oop }
                      ;*invokevirtual getLevel {reexecute=0 rethrow=0 return_oop=0}
                      ; - org.gradle.internal.logging.slf4j.OutputEventListenerBackedLogger::isLevelAtMost@5 (line 44)
                      ; - org.gradle.internal.logging.slf4j.BuildOperationAwareLogger::isDebugEnabled@4 (line 51)
                      ; - org.gradle.internal.logging.slf4j.OutputEventListenerBackedLogger::isDebugEnabled@1 (line 25)
                      ; - org.gradle.internal.logging.slf4j.BuildOperationAwareLogger::debug@1 (line 166)
                      ; - org.gradle.internal.logging.slf4j.OutputEventListenerBackedLogger::debug@3 (line 25)
                      ; - org.gradle.internal.operations.DefaultBuildOperationRunner$BuildOperationTrackingListener::stop@23 (line 252)
                      ; - org.gradle.internal.operations.DefaultBuildOperationRunner$2::execute@62 (line 74)
                      ; - org.gradle.internal.operations.DefaultBuildOperationRunner$2::execute@8 (line 60)
                      ; - org.gradle.internal.operations.DefaultBuildOperationRunner::execute@141 (line 167)
                      ; - org.gradle.internal.operations.DefaultBuildOperationRunner::execute@17 (line 60)
  0x0000022f263e5314: c831 adff 

  0x0000022f263e5318: ;   {post_call_nop}
  0x0000022f263e5318: 0f1f 8400 | 9049 00a5 | baf6 ffff | ff4c 8b54 | 2438 4c89 | 5424 284c | 8b54 2440 | 4c89 5424 
  0x0000022f263e5338: ;   {runtime_call UncommonTrapBlob}
  0x0000022f263e5338: 3066 90e8 

  0x0000022f263e533c: ; ImmutableOopMap {[40]=Oop [48]=Oop [96]=Oop [120]=Oop [176]=Oop [184]=Oop [192]=Oop }
                      ;*invokevirtual get {reexecute=0 rethrow=0 return_oop=0}
                      ; - org.gradle.internal.logging.slf4j.OutputEventListenerBackedLoggerContext::getLevel@4 (line 99)
                      ; - org.gradle.internal.logging.slf4j.OutputEventListenerBackedLogger::isLevelAtMost@5 (line 44)
                      ; - org.gradle.internal.logging.slf4j.BuildOperationAwareLogger::isDebugEnabled@4 (line 51)
                      ; - org.gradle.internal.logging.slf4j.OutputEventListenerBackedLogger::isDebugEnabled@1 (line 25)
                      ; - org.gradle.internal.logging.slf4j.BuildOperationAwareLogger::debug@1 (line 166)
                      ; - org.gradle.internal.logging.slf4j.OutputEventListenerBackedLogger::debug@3 (line 25)
                      ; - org.gradle.internal.operations.DefaultBuildOperationRunner$BuildOperationTrackingListener::stop@23 (line 252)
                      ; - org.gradle.internal.operations.DefaultBuildOperationRunner$2::execute@62 (line 74)
                      ; - org.gradle.internal.operations.DefaultBuildOperationRunner$2::execute@8 (line 60)
                      ; - org.gradle.internal.operations.DefaultBuildOperationRunner::execute@141 (line 167)
                      ; - org.gradle.internal.operations.DefaultBuildOperationRunner::execute@17 (line 60)
  0x0000022f263e533c: a031 adff 

  0x0000022f263e5340: ;   {post_call_nop}
  0x0000022f263e5340: 0f1f 8400 | b849 00a6 | baf4 ffff | ff4c 8b54 | 2460 4c89 | 5424 284c | 8b54 2438 | 4c89 5424 
  0x0000022f263e5360: 304c 8b54 | 2440 4c89 

  0x0000022f263e5368: ;   {runtime_call UncommonTrapBlob}
  0x0000022f263e5368: 5424 38e8 

  0x0000022f263e536c: ; ImmutableOopMap {rbp=NarrowOop [40]=Oop [48]=Oop [56]=Oop [104]=Oop [120]=Oop [176]=Oop [184]=Oop [192]=Oop }
                      ;*checkcast {reexecute=0 rethrow=0 return_oop=0}
                      ; - org.gradle.internal.logging.slf4j.OutputEventListenerBackedLoggerContext::getLevel@7 (line 99)
                      ; - org.gradle.internal.logging.slf4j.OutputEventListenerBackedLogger::isLevelAtMost@5 (line 44)
                      ; - org.gradle.internal.logging.slf4j.BuildOperationAwareLogger::isDebugEnabled@4 (line 51)
                      ; - org.gradle.internal.logging.slf4j.OutputEventListenerBackedLogger::isDebugEnabled@1 (line 25)
                      ; - org.gradle.internal.logging.slf4j.BuildOperationAwareLogger::debug@1 (line 166)
                      ; - org.gradle.internal.logging.slf4j.OutputEventListenerBackedLogger::debug@3 (line 25)
                      ; - org.gradle.internal.operations.DefaultBuildOperationRunner$BuildOperationTrackingListener::stop@23 (line 252)
                      ; - org.gradle.internal.operations.DefaultBuildOperationRunner$2::execute@62 (line 74)
                      ; - org.gradle.internal.operations.DefaultBuildOperationRunner$2::execute@8 (line 60)
                      ; - org.gradle.internal.operations.DefaultBuildOperationRunner::execute@141 (line 167)
                      ; - org.gradle.internal.operations.DefaultBuildOperationRunner::execute@17 (line 60)
  0x0000022f263e536c: 7031 adff 

  0x0000022f263e5370: ;   {post_call_nop}
  0x0000022f263e5370: 0f1f 8400 | e849 00a7 | baf6 ffff 

  0x0000022f263e537c: ;   {runtime_call UncommonTrapBlob}
  0x0000022f263e537c: ff66 90e8 

  0x0000022f263e5380: ; ImmutableOopMap {}
                      ;*invokevirtual get {reexecute=0 rethrow=0 return_oop=0}
                      ; - org.gradle.internal.operations.BuildOperationState::isRunning@4 (line 39)
                      ; - org.gradle.internal.operations.DefaultBuildOperationRunner::assertParentRunning@5 (line 177)
                      ; - org.gradle.internal.operations.DefaultBuildOperationRunner::execute@71 (line 162)
                      ; - org.gradle.internal.operations.DefaultBuildOperationRunner::execute@17 (line 60)
  0x0000022f263e5380: 5c31 adff 

  0x0000022f263e5384: ;   {post_call_nop}
  0x0000022f263e5384: 0f1f 8400 | fc49 00a8 | baf6 ffff | ff48 8b6c | 2478 4c8b | 5424 384c | 8954 2428 | 4c8b 5424 
  0x0000022f263e53a4: 404c 8954 

  0x0000022f263e53a8: ;   {runtime_call UncommonTrapBlob}
  0x0000022f263e53a8: 2430 90e8 

  0x0000022f263e53ac: ; ImmutableOopMap {rbp=Oop [40]=Oop [48]=Oop [96]=Oop [176]=Oop [184]=Oop [192]=Oop }
                      ;*arraylength {reexecute=0 rethrow=0 return_oop=0}
                      ; - java.lang.ThreadLocal$ThreadLocalMap::set@6
                      ; - java.lang.ThreadLocal::set@13
                      ; - java.lang.ThreadLocal::set@5
                      ; - org.gradle.internal.logging.progress.DefaultProgressLoggerFactory$ProgressLoggerImpl::completed@22 (line 249)
                      ; - org.gradle.internal.operations.BuildOperationProgressEventListenerAdapter::stop@42 (line 77)
                      ; - org.gradle.internal.operations.DefaultBuildOperationRunner$BuildOperationTrackingListener::stop@9 (line 251)
                      ; - org.gradle.internal.operations.DefaultBuildOperationRunner$2::execute@62 (line 74)
                      ; - org.gradle.internal.operations.DefaultBuildOperationRunner$2::execute@8 (line 60)
                      ; - org.gradle.internal.operations.DefaultBuildOperationRunner::execute@141 (line 167)
                      ; - org.gradle.internal.operations.DefaultBuildOperationRunner::execute@17 (line 60)
  0x0000022f263e53ac: 3031 adff 

  0x0000022f263e53b0: ;   {post_call_nop}
  0x0000022f263e53b0: 0f1f 8400 | 284a 00a9 | baf6 ffff 

  0x0000022f263e53bc: ;   {runtime_call UncommonTrapBlob}
  0x0000022f263e53bc: ff66 90e8 

  0x0000022f263e53c0: ; ImmutableOopMap {}
                      ;*invokevirtual getId {reexecute=0 rethrow=0 return_oop=0}
                      ; - org.gradle.internal.operations.DefaultBuildOperationRunner::execute@57 (line 161)
                      ; - org.gradle.internal.operations.DefaultBuildOperationRunner::execute@17 (line 60)
  0x0000022f263e53c0: 1c31 adff 

  0x0000022f263e53c4: ;   {post_call_nop}
  0x0000022f263e53c4: 0f1f 8400 | 3c4a 00aa | baf6 ffff | ff4c 8b54 | 2438 4c89 | 5424 284c | 8b54 2440 | 4c89 5424 
  0x0000022f263e53e4: ;   {runtime_call UncommonTrapBlob}
  0x0000022f263e53e4: 3066 90e8 

  0x0000022f263e53e8: ; ImmutableOopMap {[40]=Oop [48]=Oop [96]=Oop [120]=Oop [176]=Oop [184]=Oop [192]=Oop }
                      ;*invokevirtual get {reexecute=0 rethrow=0 return_oop=0}
                      ; - org.gradle.internal.operations.BuildOperationState::isRunning@4 (line 39)
                      ; - org.gradle.internal.operations.DefaultBuildOperationRunner::assertParentRunning@5 (line 177)
                      ; - org.gradle.internal.operations.DefaultBuildOperationRunner::access$400@3 (line 25)
                      ; - org.gradle.internal.operations.DefaultBuildOperationRunner$BuildOperationTrackingListener::stop@32 (line 253)
                      ; - org.gradle.internal.operations.DefaultBuildOperationRunner$2::execute@62 (line 74)
                      ; - org.gradle.internal.operations.DefaultBuildOperationRunner$2::execute@8 (line 60)
                      ; - org.gradle.internal.operations.DefaultBuildOperationRunner::execute@141 (line 167)
                      ; - org.gradle.internal.operations.DefaultBuildOperationRunner::execute@17 (line 60)
  0x0000022f263e53e8: f430 adff 

  0x0000022f263e53ec: ;   {post_call_nop}
  0x0000022f263e53ec: 0f1f 8400 | 644a 00ab | baf6 ffff 

  0x0000022f263e53f8: ;   {runtime_call UncommonTrapBlob}
  0x0000022f263e53f8: ff66 90e8 

  0x0000022f263e53fc: ; ImmutableOopMap {}
                      ;*invokevirtual get {reexecute=0 rethrow=0 return_oop=0}
                      ; - org.gradle.internal.time.MonotonicClock::advance@4 (line 111)
                      ; - org.gradle.internal.time.MonotonicClock::getCurrentTime@66 (line 86)
                      ; - org.gradle.internal.operations.DefaultBuildOperationRunner::execute@84 (line 164)
                      ; - org.gradle.internal.operations.DefaultBuildOperationRunner::execute@17 (line 60)
  0x0000022f263e53fc: e030 adff 

  0x0000022f263e5400: ;   {post_call_nop}
  0x0000022f263e5400: 0f1f 8400 | 784a 00ac | baf6 ffff | ff48 8b6c | 2478 4c8b | 5424 384c | 8954 2428 | 4c8b 5424 
  0x0000022f263e5420: 404c 8954 

  0x0000022f263e5424: ;   {runtime_call UncommonTrapBlob}
  0x0000022f263e5424: 2430 90e8 

  0x0000022f263e5428: ; ImmutableOopMap {rbp=Oop [40]=Oop [48]=Oop [96]=Oop [176]=Oop [184]=Oop [192]=Oop }
                      ;*invokevirtual get {reexecute=0 rethrow=0 return_oop=0}
                      ; - org.gradle.internal.time.MonotonicClock::advance@4 (line 111)
                      ; - org.gradle.internal.time.MonotonicClock::getCurrentTime@66 (line 86)
                      ; - org.gradle.internal.logging.progress.DefaultProgressLoggerFactory$ProgressLoggerImpl::completed@41 (line 250)
                      ; - org.gradle.internal.operations.BuildOperationProgressEventListenerAdapter::stop@42 (line 77)
                      ; - org.gradle.internal.operations.DefaultBuildOperationRunner$BuildOperationTrackingListener::stop@9 (line 251)
                      ; - org.gradle.internal.operations.DefaultBuildOperationRunner$2::execute@62 (line 74)
                      ; - org.gradle.internal.operations.DefaultBuildOperationRunner$2::execute@8 (line 60)
                      ; - org.gradle.internal.operations.DefaultBuildOperationRunner::execute@141 (line 167)
                      ; - org.gradle.internal.operations.DefaultBuildOperationRunner::execute@17 (line 60)
  0x0000022f263e5428: b430 adff 

  0x0000022f263e542c: ;   {post_call_nop}
  0x0000022f263e542c: 0f1f 8400 | a44a 00ad | baf6 ffff | ff48 8b6c | 2478 4c8b | 5424 384c | 8954 2428 | 4c8b 5424 
  0x0000022f263e544c: 404c 8954 

  0x0000022f263e5450: ;   {runtime_call UncommonTrapBlob}
  0x0000022f263e5450: 2430 90e8 

  0x0000022f263e5454: ; ImmutableOopMap {rbp=Oop [40]=Oop [48]=Oop [96]=Oop [176]=Oop [184]=Oop [192]=Oop }
                      ;*invokevirtual get {reexecute=0 rethrow=0 return_oop=0}
                      ; - org.gradle.internal.time.MonotonicClock::advance@4 (line 111)
                      ; - org.gradle.internal.time.MonotonicClock::getCurrentTime@66 (line 86)
                      ; - org.gradle.internal.operations.BuildOperationProgressEventListenerAdapter::stop@64 (line 78)
                      ; - org.gradle.internal.operations.DefaultBuildOperationRunner$BuildOperationTrackingListener::stop@9 (line 251)
                      ; - org.gradle.internal.operations.DefaultBuildOperationRunner$2::execute@62 (line 74)
                      ; - org.gradle.internal.operations.DefaultBuildOperationRunner$2::execute@8 (line 60)
                      ; - org.gradle.internal.operations.DefaultBuildOperationRunner::execute@141 (line 167)
                      ; - org.gradle.internal.operations.DefaultBuildOperationRunner::execute@17 (line 60)
  0x0000022f263e5454: 8830 adff 

  0x0000022f263e5458: ;   {post_call_nop}
  0x0000022f263e5458: 0f1f 8400 | d04a 00ae | baf6 ffff | ff48 8bac | 24b8 0000 

  0x0000022f263e546c: ;   {runtime_call UncommonTrapBlob}
  0x0000022f263e546c: 0066 90e8 

  0x0000022f263e5470: ; ImmutableOopMap {rbp=Oop [96]=Oop [120]=Oop }
                      ;*invokeinterface close {reexecute=0 rethrow=0 return_oop=0}
                      ; - org.gradle.internal.operations.DefaultBuildOperationRunner$BuildOperationTrackingListener::close@6 (line 258)
                      ; - org.gradle.internal.operations.DefaultBuildOperationRunner$2::execute@88 (line 80)
                      ; - org.gradle.internal.operations.DefaultBuildOperationRunner$2::execute@8 (line 60)
                      ; - org.gradle.internal.operations.DefaultBuildOperationRunner::execute@141 (line 167)
                      ; - org.gradle.internal.operations.DefaultBuildOperationRunner::execute@17 (line 60)
  0x0000022f263e5470: 6c30 adff 

  0x0000022f263e5474: ;   {post_call_nop}
  0x0000022f263e5474: 0f1f 8400 | ec4a 00af | baf6 ffff | ff48 8bac | 24b8 0000 | 0044 895c 

  0x0000022f263e548c: ;   {runtime_call UncommonTrapBlob}
  0x0000022f263e548c: 2420 90e8 

  0x0000022f263e5490: ; ImmutableOopMap {rbp=Oop [32]=NarrowOop }
                      ;*invokevirtual set {reexecute=0 rethrow=0 return_oop=0}
                      ; - org.gradle.internal.operations.DefaultBuildOperationRunner$BuildOperationTrackingListener::close@19 (line 259)
                      ; - org.gradle.internal.operations.DefaultBuildOperationRunner$2::execute@88 (line 80)
                      ; - org.gradle.internal.operations.DefaultBuildOperationRunner$2::execute@8 (line 60)
                      ; - org.gradle.internal.operations.DefaultBuildOperationRunner::execute@141 (line 167)
                      ; - org.gradle.internal.operations.DefaultBuildOperationRunner::execute@17 (line 60)
  0x0000022f263e5490: 4c30 adff 

  0x0000022f263e5494: ;   {post_call_nop}
  0x0000022f263e5494: 0f1f 8400 | 0c4b 00b0 | baf6 ffff | ff48 8bac | 24b8 0000 

  0x0000022f263e54a8: ;   {runtime_call UncommonTrapBlob}
  0x0000022f263e54a8: 0066 90e8 

  0x0000022f263e54ac: ; ImmutableOopMap {rbp=Oop }
                      ;*invokevirtual getLevel {reexecute=0 rethrow=0 return_oop=0}
                      ; - org.gradle.internal.logging.slf4j.OutputEventListenerBackedLogger::isLevelAtMost@5 (line 44)
                      ; - org.gradle.internal.logging.slf4j.BuildOperationAwareLogger::isDebugEnabled@4 (line 51)
                      ; - org.gradle.internal.logging.slf4j.OutputEventListenerBackedLogger::isDebugEnabled@1 (line 25)
                      ; - org.gradle.internal.logging.slf4j.BuildOperationAwareLogger::debug@1 (line 166)
                      ; - org.gradle.internal.logging.slf4j.OutputEventListenerBackedLogger::debug@3 (line 25)
                      ; - org.gradle.internal.operations.DefaultBuildOperationRunner$BuildOperationTrackingListener::close@36 (line 261)
                      ; - org.gradle.internal.operations.DefaultBuildOperationRunner$2::execute@88 (line 80)
                      ; - org.gradle.internal.operations.DefaultBuildOperationRunner$2::execute@8 (line 60)
                      ; - org.gradle.internal.operations.DefaultBuildOperationRunner::execute@141 (line 167)
                      ; - org.gradle.internal.operations.DefaultBuildOperationRunner::execute@17 (line 60)
  0x0000022f263e54ac: 3030 adff 

  0x0000022f263e54b0: ;   {post_call_nop}
  0x0000022f263e54b0: 0f1f 8400 | 284b 00b1 | baf6 ffff | ff48 8bac | 24b8 0000 

  0x0000022f263e54c4: ;   {runtime_call UncommonTrapBlob}
  0x0000022f263e54c4: 0066 90e8 

  0x0000022f263e54c8: ; ImmutableOopMap {rbp=Oop }
                      ;*invokevirtual get {reexecute=0 rethrow=0 return_oop=0}
                      ; - org.gradle.internal.logging.slf4j.OutputEventListenerBackedLoggerContext::getLevel@4 (line 99)
                      ; - org.gradle.internal.logging.slf4j.OutputEventListenerBackedLogger::isLevelAtMost@5 (line 44)
                      ; - org.gradle.internal.logging.slf4j.BuildOperationAwareLogger::isDebugEnabled@4 (line 51)
                      ; - org.gradle.internal.logging.slf4j.OutputEventListenerBackedLogger::isDebugEnabled@1 (line 25)
                      ; - org.gradle.internal.logging.slf4j.BuildOperationAwareLogger::debug@1 (line 166)
                      ; - org.gradle.internal.logging.slf4j.OutputEventListenerBackedLogger::debug@3 (line 25)
                      ; - org.gradle.internal.operations.DefaultBuildOperationRunner$BuildOperationTrackingListener::close@36 (line 261)
                      ; - org.gradle.internal.operations.DefaultBuildOperationRunner$2::execute@88 (line 80)
                      ; - org.gradle.internal.operations.DefaultBuildOperationRunner$2::execute@8 (line 60)
                      ; - org.gradle.internal.operations.DefaultBuildOperationRunner::execute@141 (line 167)
                      ; - org.gradle.internal.operations.DefaultBuildOperationRunner::execute@17 (line 60)
  0x0000022f263e54c8: 1430 adff 

  0x0000022f263e54cc: ;   {post_call_nop}
  0x0000022f263e54cc: 0f1f 8400 | 444b 00b2 | baf4 ffff 

  0x0000022f263e54d8: ;   {runtime_call UncommonTrapBlob}
  0x0000022f263e54d8: ff66 90e8 

  0x0000022f263e54dc: ; ImmutableOopMap {rbp=NarrowOop [184]=Oop }
                      ;*checkcast {reexecute=0 rethrow=0 return_oop=0}
                      ; - org.gradle.internal.logging.slf4j.OutputEventListenerBackedLoggerContext::getLevel@7 (line 99)
                      ; - org.gradle.internal.logging.slf4j.OutputEventListenerBackedLogger::isLevelAtMost@5 (line 44)
                      ; - org.gradle.internal.logging.slf4j.BuildOperationAwareLogger::isDebugEnabled@4 (line 51)
                      ; - org.gradle.internal.logging.slf4j.OutputEventListenerBackedLogger::isDebugEnabled@1 (line 25)
                      ; - org.gradle.internal.logging.slf4j.BuildOperationAwareLogger::debug@1 (line 166)
                      ; - org.gradle.internal.logging.slf4j.OutputEventListenerBackedLogger::debug@3 (line 25)
                      ; - org.gradle.internal.operations.DefaultBuildOperationRunner$BuildOperationTrackingListener::close@36 (line 261)
                      ; - org.gradle.internal.operations.DefaultBuildOperationRunner$2::execute@88 (line 80)
                      ; - org.gradle.internal.operations.DefaultBuildOperationRunner$2::execute@8 (line 60)
                      ; - org.gradle.internal.operations.DefaultBuildOperationRunner::execute@141 (line 167)
                      ; - org.gradle.internal.operations.DefaultBuildOperationRunner::execute@17 (line 60)
  0x0000022f263e54dc: 0030 adff 

  0x0000022f263e54e0: ;   {post_call_nop}
  0x0000022f263e54e0: 0f1f 8400 | 584b 00b3 | baf6 ffff | ff48 8bac | 24b8 0000 | 0044 895c 

  0x0000022f263e54f8: ;   {runtime_call UncommonTrapBlob}
  0x0000022f263e54f8: 2420 90e8 

  0x0000022f263e54fc: ; ImmutableOopMap {rbp=Oop [32]=NarrowOop }
                      ;*invokevirtual set {reexecute=0 rethrow=0 return_oop=0}
                      ; - org.gradle.internal.operations.CurrentBuildOperationRef::set@16 (line 55)
                      ; - org.gradle.internal.operations.DefaultBuildOperationRunner$BuildOperationTrackingListener::close@19 (line 259)
                      ; - org.gradle.internal.operations.DefaultBuildOperationRunner$2::execute@88 (line 80)
                      ; - org.gradle.internal.operations.DefaultBuildOperationRunner$2::execute@8 (line 60)
                      ; - org.gradle.internal.operations.DefaultBuildOperationRunner::execute@141 (line 167)
                      ; - org.gradle.internal.operations.DefaultBuildOperationRunner::execute@17 (line 60)
  0x0000022f263e54fc: e02f adff 

  0x0000022f263e5500: ;   {post_call_nop}
  0x0000022f263e5500: 0f1f 8400 | 784b 00b4 | baf6 ffff | ff48 8bac | 24b8 0000 

  0x0000022f263e5514: ;   {runtime_call UncommonTrapBlob}
  0x0000022f263e5514: 0066 90e8 

  0x0000022f263e5518: ; ImmutableOopMap {rbp=Oop }
                      ;*arraylength {reexecute=0 rethrow=0 return_oop=0}
                      ; - java.lang.ThreadLocal$ThreadLocalMap::set@6
                      ; - java.lang.ThreadLocal::set@13
                      ; - java.lang.ThreadLocal::set@5
                      ; - org.gradle.internal.operations.CurrentBuildOperationRef::set@16 (line 55)
                      ; - org.gradle.internal.operations.DefaultBuildOperationRunner$BuildOperationTrackingListener::close@19 (line 259)
                      ; - org.gradle.internal.operations.DefaultBuildOperationRunner$2::execute@88 (line 80)
                      ; - org.gradle.internal.operations.DefaultBuildOperationRunner$2::execute@8 (line 60)
                      ; - org.gradle.internal.operations.DefaultBuildOperationRunner::execute@141 (line 167)
                      ; - org.gradle.internal.operations.DefaultBuildOperationRunner::execute@17 (line 60)
  0x0000022f263e5518: c42f adff 

  0x0000022f263e551c: ;   {post_call_nop}
  0x0000022f263e551c: 0f1f 8400 | 944b 00b5 | baf6 ffff | ff48 8b6c | 2478 4c8b | 5424 384c | 8954 2428 | 4c8b 5424 
  0x0000022f263e553c: 404c 8954 

  0x0000022f263e5540: ;   {runtime_call UncommonTrapBlob}
  0x0000022f263e5540: 2430 90e8 

  0x0000022f263e5544: ; ImmutableOopMap {rbp=Oop [40]=Oop [48]=Oop [96]=Oop [176]=Oop [184]=Oop [192]=Oop }
                      ;*arraylength {reexecute=0 rethrow=0 return_oop=0}
                      ; - java.lang.ThreadLocal$ThreadLocalMap::cleanSomeSlots@10
                      ; - java.lang.ThreadLocal$ThreadLocalMap::set@113
                      ; - java.lang.ThreadLocal::set@13
                      ; - java.lang.ThreadLocal::set@5
                      ; - org.gradle.internal.logging.progress.DefaultProgressLoggerFactory$ProgressLoggerImpl::completed@22 (line 249)
                      ; - org.gradle.internal.operations.BuildOperationProgressEventListenerAdapter::stop@42 (line 77)
                      ; - org.gradle.internal.operations.DefaultBuildOperationRunner$BuildOperationTrackingListener::stop@9 (line 251)
                      ; - org.gradle.internal.operations.DefaultBuildOperationRunner$2::execute@62 (line 74)
                      ; - org.gradle.internal.operations.DefaultBuildOperationRunner$2::execute@8 (line 60)
                      ; - org.gradle.internal.operations.DefaultBuildOperationRunner::execute@141 (line 167)
                      ; - org.gradle.internal.operations.DefaultBuildOperationRunner::execute@17 (line 60)
  0x0000022f263e5544: 982f adff 

  0x0000022f263e5548: ;   {post_call_nop}
  0x0000022f263e5548: 0f1f 8400 | c04b 00b6 | baf6 ffff | ff48 8bac | 24b8 0000 

  0x0000022f263e555c: ;   {runtime_call UncommonTrapBlob}
  0x0000022f263e555c: 0066 90e8 

  0x0000022f263e5560: ; ImmutableOopMap {rbp=Oop }
                      ;*arraylength {reexecute=0 rethrow=0 return_oop=0}
                      ; - java.lang.ThreadLocal$ThreadLocalMap::cleanSomeSlots@10
                      ; - java.lang.ThreadLocal$ThreadLocalMap::set@113
                      ; - java.lang.ThreadLocal::set@13
                      ; - java.lang.ThreadLocal::set@5
                      ; - org.gradle.internal.operations.CurrentBuildOperationRef::set@16 (line 55)
                      ; - org.gradle.internal.operations.DefaultBuildOperationRunner$BuildOperationTrackingListener::close@19 (line 259)
                      ; - org.gradle.internal.operations.DefaultBuildOperationRunner$2::execute@88 (line 80)
                      ; - org.gradle.internal.operations.DefaultBuildOperationRunner$2::execute@8 (line 60)
                      ; - org.gradle.internal.operations.DefaultBuildOperationRunner::execute@141 (line 167)
                      ; - org.gradle.internal.operations.DefaultBuildOperationRunner::execute@17 (line 60)
  0x0000022f263e5560: 7c2f adff 

  0x0000022f263e5564: ;   {post_call_nop}
  0x0000022f263e5564: 0f1f 8400 | dc4b 00b7 | 488b e8e9 | d4d3 ffff | 488b e8e9 | b0d3 ffff | 488b e890 | e9c3 d3ff 
  0x0000022f263e5584: ff48 8be8 | e9bb d3ff | ff48 8be8 | e9b3 d3ff | ffba f6ff 

  0x0000022f263e5598: ;   {runtime_call UncommonTrapBlob}
  0x0000022f263e5598: ffff 90e8 

  0x0000022f263e559c: ; ImmutableOopMap {}
                      ;*invokevirtual get {reexecute=0 rethrow=0 return_oop=0}
                      ; - org.gradle.internal.time.MonotonicClock::advance@4 (line 111)
                      ; - org.gradle.internal.time.MonotonicClock::getCurrentTime@66 (line 86)
                      ; - org.gradle.internal.operations.DefaultBuildOperationRunner::execute@84 (line 164)
                      ; - org.gradle.internal.operations.DefaultBuildOperationRunner::execute@17 (line 60)
  0x0000022f263e559c: 402f adff 

  0x0000022f263e55a0: ;   {post_call_nop}
  0x0000022f263e55a0: 0f1f 8400 | 184c 00b8 | baf6 ffff | ff48 8b6c | 2478 4c8b | 5424 384c | 8954 2428 | 4c8b 5424 
  0x0000022f263e55c0: 404c 8954 

  0x0000022f263e55c4: ;   {runtime_call UncommonTrapBlob}
  0x0000022f263e55c4: 2430 90e8 

  0x0000022f263e55c8: ; ImmutableOopMap {rbp=Oop [40]=Oop [48]=Oop [96]=Oop [176]=Oop [184]=Oop [192]=Oop }
                      ;*invokevirtual get {reexecute=0 rethrow=0 return_oop=0}
                      ; - org.gradle.internal.time.MonotonicClock::advance@4 (line 111)
                      ; - org.gradle.internal.time.MonotonicClock::getCurrentTime@66 (line 86)
                      ; - org.gradle.internal.logging.progress.DefaultProgressLoggerFactory$ProgressLoggerImpl::completed@41 (line 250)
                      ; - org.gradle.internal.operations.BuildOperationProgressEventListenerAdapter::stop@42 (line 77)
                      ; - org.gradle.internal.operations.DefaultBuildOperationRunner$BuildOperationTrackingListener::stop@9 (line 251)
                      ; - org.gradle.internal.operations.DefaultBuildOperationRunner$2::execute@62 (line 74)
                      ; - org.gradle.internal.operations.DefaultBuildOperationRunner$2::execute@8 (line 60)
                      ; - org.gradle.internal.operations.DefaultBuildOperationRunner::execute@141 (line 167)
                      ; - org.gradle.internal.operations.DefaultBuildOperationRunner::execute@17 (line 60)
  0x0000022f263e55c8: 142f adff 

  0x0000022f263e55cc: ;   {post_call_nop}
  0x0000022f263e55cc: 0f1f 8400 | 444c 00b9 | baf6 ffff | ff48 8b6c | 2478 4c8b | 5424 384c | 8954 2428 | 4c8b 5424 
  0x0000022f263e55ec: 404c 8954 

  0x0000022f263e55f0: ;   {runtime_call UncommonTrapBlob}
  0x0000022f263e55f0: 2430 90e8 

  0x0000022f263e55f4: ; ImmutableOopMap {rbp=Oop [40]=Oop [48]=Oop [96]=Oop [176]=Oop [184]=Oop [192]=Oop }
                      ;*invokevirtual get {reexecute=0 rethrow=0 return_oop=0}
                      ; - org.gradle.internal.time.MonotonicClock::advance@4 (line 111)
                      ; - org.gradle.internal.time.MonotonicClock::getCurrentTime@66 (line 86)
                      ; - org.gradle.internal.operations.BuildOperationProgressEventListenerAdapter::stop@64 (line 78)
                      ; - org.gradle.internal.operations.DefaultBuildOperationRunner$BuildOperationTrackingListener::stop@9 (line 251)
                      ; - org.gradle.internal.operations.DefaultBuildOperationRunner$2::execute@62 (line 74)
                      ; - org.gradle.internal.operations.DefaultBuildOperationRunner$2::execute@8 (line 60)
                      ; - org.gradle.internal.operations.DefaultBuildOperationRunner::execute@141 (line 167)
                      ; - org.gradle.internal.operations.DefaultBuildOperationRunner::execute@17 (line 60)
  0x0000022f263e55f4: e82e adff 

  0x0000022f263e55f8: ;   {post_call_nop}
  0x0000022f263e55f8: 0f1f 8400 | 704c 00ba | baf6 ffff 

  0x0000022f263e5604: ;   {runtime_call UncommonTrapBlob}
  0x0000022f263e5604: ff66 90e8 

  0x0000022f263e5608: ; ImmutableOopMap {}
                      ;*invokevirtual get {reexecute=0 rethrow=0 return_oop=0}
                      ; - org.gradle.internal.operations.DefaultBuildOperationRunner::getCurrentBuildOperation@4 (line 185)
                      ; - org.gradle.internal.operations.DefaultBuildOperationRunner::execute@13 (line 157)
                      ; - org.gradle.internal.operations.DefaultBuildOperationRunner::execute@17 (line 60)
  0x0000022f263e5608: d42e adff 

  0x0000022f263e560c: ;   {post_call_nop}
  0x0000022f263e560c: 0f1f 8400 | 844c 00bb | baf6 ffff 

  0x0000022f263e5618: ;   {runtime_call UncommonTrapBlob}
  0x0000022f263e5618: ff66 90e8 

  0x0000022f263e561c: ; ImmutableOopMap {}
                      ;*invokevirtual get {reexecute=0 rethrow=0 return_oop=0}
                      ; - org.gradle.internal.operations.CurrentBuildOperationRef::get@4 (line 36)
                      ; - org.gradle.internal.operations.DefaultBuildOperationRunner::getCurrentBuildOperation@4 (line 185)
                      ; - org.gradle.internal.operations.DefaultBuildOperationRunner::execute@13 (line 157)
                      ; - org.gradle.internal.operations.DefaultBuildOperationRunner::execute@17 (line 60)
  0x0000022f263e561c: c02e adff 

  0x0000022f263e5620: ;   {post_call_nop}
  0x0000022f263e5620: 0f1f 8400 | 984c 00bc | baf6 ffff 

  0x0000022f263e562c: ;   {runtime_call UncommonTrapBlob}
  0x0000022f263e562c: ff66 90e8 

  0x0000022f263e5630: ; ImmutableOopMap {}
                      ;*arraylength {reexecute=0 rethrow=0 return_oop=0}
                      ; - java.lang.ThreadLocal$ThreadLocalMap::getEntry@8
                      ; - java.lang.ThreadLocal::get@12
                      ; - java.lang.ThreadLocal::get@4
                      ; - org.gradle.internal.operations.CurrentBuildOperationRef::get@4 (line 36)
                      ; - org.gradle.internal.operations.DefaultBuildOperationRunner::getCurrentBuildOperation@4 (line 185)
                      ; - org.gradle.internal.operations.DefaultBuildOperationRunner::execute@13 (line 157)
                      ; - org.gradle.internal.operations.DefaultBuildOperationRunner::execute@17 (line 60)
  0x0000022f263e5630: ac2e adff 

  0x0000022f263e5634: ;   {post_call_nop}
  0x0000022f263e5634: 0f1f 8400 | ac4c 00bd | 488b e890 | e903 d3ff | ffeb 0048 | 8be8 e9f9 | d2ff ff48 | 8be8 e9f1 
  0x0000022f263e5654: d2ff ff48 | 8be8 e9e9 | d2ff ff48 | 8be8 e9e1 | d2ff ff48 | 8be8 e9d9 | d2ff ff48 | 8be8 e9d1 
  0x0000022f263e5674: d2ff ffe9 | 3500 0000 | 0f1f 4000 | e92c 0000 | 00e9 2700 | 0000 e922 | 0000 00e9 | 1d00 0000 
  0x0000022f263e5694: e918 0000 | 00e9 1300 | 0000 6690 | e90c 0000 | 00eb 0aeb | 08eb 06eb | 04eb 02eb | 0048 8be8 
  0x0000022f263e56b4: e973 d2ff | ffeb 0beb | 09eb 0790 | eb04 eb02 | eb00 488b | e8e9 7ad2 | ffff 488b | e8e9 72d2 
  0x0000022f263e56d4: ffff 8b07 | 4883 f800 | 0f84 81b5 | ffff 498b | 5738 4885 | d20f 8414 | 0000 0048 | 83ea 0849 
  0x0000022f263e56f4: 8957 3849 | 0357 4048 | 8902 e960 | b5ff ff48 | 83ec 604c | 8954 2458 | 4c89 5c24 | 504c 8944 
  0x0000022f263e5714: 2448 4c89 | 4c24 4048 | 894c 2438 | 4889 7c24 | 3048 8974 | 2428 488b | c849 8bd7 

  0x0000022f263e5730: ;   {runtime_call}
  0x0000022f263e5730: 48b8 50fb | e3dc fd7f | 0000 ffd0 | 488b 7424 | 2848 8b7c | 2430 488b | 4c24 384c | 8b4c 2440 
  0x0000022f263e5750: 4c8b 4424 | 484c 8b5c | 2450 4c8b | 5424 58c5 | f877 4883 | c460 e9f8 | b4ff fff0 | 8344 24c0 
  0x0000022f263e5770: 0080 3a00 | 0f84 26b5 | ffff c602 | 0049 8b47 | 5048 85c0 | 0f84 1400 | 0000 4883 | e808 4989 
  0x0000022f263e5790: 4750 4903 | 4758 4889 | 10e9 02b5 | ffff 4883 | ec50 4c89 | 5424 484c | 895c 2440 | 4c89 4424 
  0x0000022f263e57b0: 3848 894c | 2430 4889 | 7424 2848 | 8bca 498b 

  0x0000022f263e57c0: ;   {runtime_call}
  0x0000022f263e57c0: d748 b830 | fbe3 dcfd | 7f00 00ff | d048 8b74 | 2428 488b | 4c24 304c | 8b44 2438 | 4c8b 5c24 
  0x0000022f263e57e0: 404c 8b54 | 2448 c5f8 | 7748 83c4 | 50e9 aeb4 | ffff 448b | 1649 83fa | 000f 84b0 | b4ff ff4d 
  0x0000022f263e5800: 8b4f 384d | 85c9 0f84 | 1400 0000 | 4983 e908 | 4d89 4f38 | 4d03 4f40 | 4d89 11e9 | 8fb4 ffff 
  0x0000022f263e5820: 4883 ec40 | 4c89 5c24 | 384c 8944 | 2430 4889 | 4c24 2848 | 8974 2420 | 498b ca49 

  0x0000022f263e583c: ;   {runtime_call}
  0x0000022f263e583c: 8bd7 48b8 | 50fb e3dc | fd7f 0000 | ffd0 488b | 7424 2048 | 8b4c 2428 | 4c8b 4424 | 304c 8b5c 
  0x0000022f263e585c: 2438 c5f8 | 7748 83c4 | 40e9 45b4 | ffff f083 | 4424 c000 | 4180 3900 | 0f84 73b4 | ffff 41c6 
  0x0000022f263e587c: 0100 4d8b | 5750 4d85 | d20f 8414 | 0000 0049 | 83ea 084d | 8957 504d | 0357 584d | 890a e94e 
  0x0000022f263e589c: b4ff ff48 | 83ec 304c | 895c 2428 | 4889 4c24 | 2049 8bc9 

  0x0000022f263e58b0: ;   {runtime_call}
  0x0000022f263e58b0: 498b d748 | b830 fbe3 | dcfd 7f00 | 00ff d048 | 8b4c 2420 | 4c8b 5c24 | 28c5 f877 | 4883 c430 
  0x0000022f263e58d0: e918 b4ff | ff45 8b02 | 4983 f800 | 0f84 1fb4 | ffff 4d8b | 4f38 4d85 | c90f 8414 | 0000 0049 
  0x0000022f263e58f0: 83e9 084d | 894f 384d | 034f 404d | 8901 e9fe | b3ff ff48 | 83ec 404c | 8954 2438 | 4c89 5c24 
  0x0000022f263e5910: 3048 894c | 2428 4889 | 5424 2049 | 8bc8 498b 

  0x0000022f263e5920: ;   {runtime_call}
  0x0000022f263e5920: d748 b850 | fbe3 dcfd | 7f00 00ff | d048 8b54 | 2420 488b | 4c24 284c | 8b5c 2430 | 4c8b 5424 
  0x0000022f263e5940: 38c5 f877 | 4883 c440 | e9b4 b3ff | fff0 8344 | 24c0 0041 | 8039 000f | 84d8 b3ff | ff41 c601 
  0x0000022f263e5960: 004d 8b47 | 504d 85c0 | 0f84 1400 | 0000 4983 | e808 4d89 | 4750 4d03 | 4758 4d89 | 08e9 b3b3 
  0x0000022f263e5980: ffff 4883 | ec30 4c89 | 5c24 2848 | 894c 2420 | 498b c949 

  0x0000022f263e5994: ;   {runtime_call}
  0x0000022f263e5994: 8bd7 48b8 | 30fb e3dc | fd7f 0000 | ffd0 488b | 4c24 204c | 8b5c 2428 | c5f8 7748 | 83c4 30e9 
  0x0000022f263e59b4: 7db3 ffff | 458b 0a49 | 83f9 000f | 847f b3ff | ff4d 8b47 | 384d 85c0 | 0f84 1400 | 0000 4983 
  0x0000022f263e59d4: e808 4d89 | 4738 4d03 | 4740 4d89 | 08e9 5eb3 | ffff 4883 | ec40 4c89 | 5424 384c | 895c 2430 
  0x0000022f263e59f4: 4889 4c24 | 2849 8bc9 

  0x0000022f263e59fc: ;   {runtime_call}
  0x0000022f263e59fc: 498b d748 | b850 fbe3 | dcfd 7f00 | 00ff d048 | 8b4c 2428 | 4c8b 5c24 | 304c 8b54 | 2438 c5f8 
  0x0000022f263e5a1c: 7748 83c4 | 40e9 1eb3 | ffff f083 | 4424 c000 | 4180 3800 | 0f84 4cb3 | ffff 41c6 | 0000 4d8b 
  0x0000022f263e5a3c: 4f50 4d85 | c90f 8414 | 0000 0049 | 83e9 084d | 894f 504d | 034f 584d | 8901 e927 | b3ff ff48 
  0x0000022f263e5a5c: 83ec 304c | 895c 2428 | 4889 4c24 | 2049 8bc8 

  0x0000022f263e5a6c: ;   {runtime_call}
  0x0000022f263e5a6c: 498b d748 | b830 fbe3 | dcfd 7f00 | 00ff d048 | 8b4c 2420 | 4c8b 5c24 | 28c5 f877 | 4883 c430 
  0x0000022f263e5a8c: e9f1 b2ff | ff45 8b02 | 4983 f800 | 0f84 f3b2 | ffff 4d8b | 4f38 4d85 | c90f 8414 | 0000 0049 
  0x0000022f263e5aac: 83e9 084d | 894f 384d | 034f 404d | 8901 e9d2 | b2ff ff48 | 83ec 404c | 8954 2438 | 4c89 5c24 
  0x0000022f263e5acc: 3048 894c | 2428 498b | c849 8bd7 

  0x0000022f263e5ad8: ;   {runtime_call}
  0x0000022f263e5ad8: 48b8 50fb | e3dc fd7f | 0000 ffd0 | 488b 4c24 | 284c 8b5c | 2430 4c8b | 5424 38c5 | f877 4883 
  0x0000022f263e5af8: c440 e992 | b2ff fff0 | 8344 24c0 | 0041 8039 | 000f 84c0 | b2ff ff41 | c601 004d | 8b47 504d 
  0x0000022f263e5b18: 85c0 0f84 | 1400 0000 | 4983 e808 | 4d89 4750 | 4d03 4758 | 4d89 08e9 | 9bb2 ffff | 4883 ec30 
  0x0000022f263e5b38: 4889 4c24 | 2849 8bc9 

  0x0000022f263e5b40: ;   {runtime_call}
  0x0000022f263e5b40: 498b d748 | b830 fbe3 | dcfd 7f00 | 00ff d048 | 8b4c 2428 | c5f8 7748 | 83c4 30e9 | 6fb2 ffff 
  0x0000022f263e5b60: 458b 1a49 | 83fb 000f | 8471 b2ff | ff4d 8b47 | 384d 85c0 | 0f84 1400 | 0000 4983 | e808 4d89 
  0x0000022f263e5b80: 4738 4d03 | 4740 4d89 | 18e9 50b2 | ffff 4883 | ec30 4c89 | 5424 2848 | 894c 2420 | 498b cb49 
  0x0000022f263e5ba0: ;   {runtime_call}
  0x0000022f263e5ba0: 8bd7 48b8 | 50fb e3dc | fd7f 0000 | ffd0 488b | 4c24 204c | 8b54 2428 | c5f8 7748 | 83c4 30e9 
  0x0000022f263e5bc0: 1ab2 ffff | f083 4424 | c000 4180 | 3800 0f84 | 48b2 ffff | 41c6 0000 | 4d8b 5f50 | 4d85 db0f 
  0x0000022f263e5be0: 8414 0000 | 0049 83eb | 084d 895f | 504d 035f | 584d 8903 | e923 b2ff | ff48 83ec | 2049 8bc8 
  0x0000022f263e5c00: ;   {runtime_call}
  0x0000022f263e5c00: 498b d748 | b830 fbe3 | dcfd 7f00 | 00ff d0c5 | f877 4883 | c420 e901 | b2ff ff45 | 8b1a 4983 
  0x0000022f263e5c20: fb00 0f84 | 03b2 ffff | 4d8b 4738 | 4d85 c00f | 8414 0000 | 0049 83e8 | 084d 8947 | 384d 0347 
  0x0000022f263e5c40: 404d 8918 | e9e2 b1ff | ff48 83ec | 304c 8954 | 2428 498b | cb49 8bd7 

  0x0000022f263e5c58: ;   {runtime_call}
  0x0000022f263e5c58: 48b8 50fb | e3dc fd7f | 0000 ffd0 | 4c8b 5424 | 28c5 f877 | 4883 c430 | e9b6 b1ff | fff0 8344 
  0x0000022f263e5c78: 24c0 0041 | 8038 000f | 84e4 b1ff | ff41 c600 | 004d 8b5f | 504d 85db | 0f84 1400 | 0000 4983 
  0x0000022f263e5c98: eb08 4d89 | 5f50 4d03 | 5f58 4d89 | 03e9 bfb1 | ffff 4883 | ec20 498b | c849 8bd7 

  0x0000022f263e5cb4: ;   {runtime_call}
  0x0000022f263e5cb4: 48b8 30fb | e3dc fd7f | 0000 ffd0 | c5f8 7748 | 83c4 20e9 | 9db1 ffff | 448b 0249 | 83f8 000f 
  0x0000022f263e5cd4: 848c b3ff | ff4d 8b57 | 384d 85d2 | 0f84 1400 | 0000 4983 | ea08 4d89 | 5738 4d03 | 5740 4d89 
  0x0000022f263e5cf4: 02e9 6bb3 | ffff 4883 | ec60 4c89 | 5c24 584c | 894c 2450 | 4889 4c24 | 4848 897c | 2440 4889 
  0x0000022f263e5d14: 5424 3848 | 8974 2430 | 4889 4424 | 2849 8bc8 

  0x0000022f263e5d24: ;   {runtime_call}
  0x0000022f263e5d24: 498b d748 | b850 fbe3 | dcfd 7f00 | 00ff d048 | 8b44 2428 | 488b 7424 | 3048 8b54 | 2438 488b 
  0x0000022f263e5d44: 7c24 4048 | 8b4c 2448 | 4c8b 4c24 | 504c 8b5c | 2458 c5f8 | 7748 83c4 | 60e9 03b3 | ffff f083 
  0x0000022f263e5d64: 4424 c000 | 4180 3a00 | 0f84 27b3 | ffff 41c6 | 0200 4d8b | 4750 4d85 | c00f 8414 | 0000 0049 
  0x0000022f263e5d84: 83e8 084d | 8947 504d | 0347 584d | 8910 e902 | b3ff ff48 | 83ec 504c | 895c 2448 | 4c89 4c24 
  0x0000022f263e5da4: 4048 894c | 2438 4889 | 7c24 3048 | 8974 2428 | 498b ca49 

  0x0000022f263e5db8: ;   {runtime_call}
  0x0000022f263e5db8: 8bd7 48b8 | 30fb e3dc | fd7f 0000 | ffd0 488b | 7424 2848 | 8b7c 2430 | 488b 4c24 | 384c 8b4c 
  0x0000022f263e5dd8: 2440 4c8b | 5c24 48c5 | f877 4883 | c450 e9ae | b2ff ff8b | 7500 4883 | fe00 0f84 | b0b2 ffff 
  0x0000022f263e5df8: 4d8b 5738 | 4d85 d20f | 8414 0000 | 0049 83ea | 084d 8957 | 384d 0357 | 4049 8932 | e98f b2ff 
  0x0000022f263e5e18: ff48 83ec | 404c 895c | 2438 4c89 | 4c24 3048 | 894c 2428 | 4889 7c24 | 2048 8bce 

  0x0000022f263e5e34: ;   {runtime_call}
  0x0000022f263e5e34: 498b d748 | b850 fbe3 | dcfd 7f00 | 00ff d048 | 8b7c 2420 | 488b 4c24 | 284c 8b4c | 2430 4c8b 
  0x0000022f263e5e54: 5c24 38c5 | f877 4883 | c440 e945 | b2ff fff0 | 8344 24c0 | 0041 803a | 000f 8468 | b2ff ff41 
  0x0000022f263e5e74: c602 0049 | 8b77 5048 | 85f6 0f84 | 1400 0000 | 4883 ee08 | 4989 7750 | 4903 7758 | 4c89 16e9 
  0x0000022f263e5e94: 43b2 ffff | 4883 ec40 | 4c89 5c24 | 384c 894c | 2430 4889 | 4c24 2848 | 897c 2420 | 498b ca49 
  0x0000022f263e5eb4: ;   {runtime_call}
  0x0000022f263e5eb4: 8bd7 48b8 | 30fb e3dc | fd7f 0000 | ffd0 488b | 7c24 2048 | 8b4c 2428 | 4c8b 4c24 | 304c 8b5c 
  0x0000022f263e5ed4: 2438 c5f8 | 7748 83c4 | 40e9 f9b1 | ffff 458b | 0149 83f8 | 000f 84f4 | b2ff ff4d | 8b5f 384d 
  0x0000022f263e5ef4: 85db 0f84 | 1400 0000 | 4983 eb08 | 4d89 5f38 | 4d03 5f40 | 4d89 03e9 | d3b2 ffff | 4883 ec40 
  0x0000022f263e5f14: 4c89 5424 | 384c 894c | 2430 4889 | 4c24 2848 | 8944 2420 | 498b c849 

  0x0000022f263e5f2c: ;   {runtime_call}
  0x0000022f263e5f2c: 8bd7 48b8 | 50fb e3dc | fd7f 0000 | ffd0 488b | 4424 2048 | 8b4c 2428 | 4c8b 4c24 | 304c 8b54 
  0x0000022f263e5f4c: 2438 c5f8 | 7748 83c4 | 40e9 89b2 | ffff f083 | 4424 c000 | 4180 3b00 | 0f84 adb2 | ffff 41c6 
  0x0000022f263e5f6c: 0300 4d8b | 4750 4d85 | c00f 8414 | 0000 0049 | 83e8 084d | 8947 504d | 0347 584d | 8918 e988 
  0x0000022f263e5f8c: b2ff ff48 | 83ec 304c | 8954 2428 | 4889 4c24 | 2049 8bcb 

  0x0000022f263e5fa0: ;   {runtime_call}
  0x0000022f263e5fa0: 498b d748 | b830 fbe3 | dcfd 7f00 | 00ff d048 | 8b4c 2420 | 4c8b 5424 | 28c5 f877 | 4883 c430 
  0x0000022f263e5fc0: e952 b2ff | ff45 8b1a | 4983 fb00 | 0f84 58b2 | ffff 4d8b | 4738 4d85 | c00f 8414 | 0000 0049 
  0x0000022f263e5fe0: 83e8 084d | 8947 384d | 0347 404d | 8918 e937 | b2ff ff48 | 83ec 304c | 8954 2428 | 4889 4c24 
  0x0000022f263e6000: 2049 8bcb 

  0x0000022f263e6004: ;   {runtime_call}
  0x0000022f263e6004: 498b d748 | b850 fbe3 | dcfd 7f00 | 00ff d048 | 8b4c 2420 | 4c8b 5424 | 28c5 f877 | 4883 c430 
  0x0000022f263e6024: e901 b2ff | fff0 8344 | 24c0 0041 | 8038 000f | 842f b2ff | ff41 c600 | 004d 8b5f | 504d 85db 
  0x0000022f263e6044: 0f84 1400 | 0000 4983 | eb08 4d89 | 5f50 4d03 | 5f58 4d89 | 03e9 0ab2 | ffff 4883 | ec30 4889 
  0x0000022f263e6064: 4c24 2849 | 8bc8 498b 

  0x0000022f263e606c: ;   {runtime_call}
  0x0000022f263e606c: d748 b830 | fbe3 dcfd | 7f00 00ff | d048 8b4c | 2428 c5f8 | 7748 83c4 | 30e9 deb1 | ffff 8b19 
  0x0000022f263e608c: 4883 fb00 | 0f84 40b3 | ffff 4d8b | 4f38 4d85 | c90f 8414 | 0000 0049 | 83e9 084d | 894f 384d 
  0x0000022f263e60ac: 034f 4049 | 8919 e91f | b3ff ff48 | 83ec 404c | 895c 2438 | 4c89 4424 | 3048 894c | 2428 4889 
  0x0000022f263e60cc: 7c24 2048 | 8bcb 498b 

  0x0000022f263e60d4: ;   {runtime_call}
  0x0000022f263e60d4: d748 b850 | fbe3 dcfd | 7f00 00ff | d048 8b7c | 2420 488b | 4c24 284c | 8b44 2430 | 4c8b 5c24 
  0x0000022f263e60f4: 38c5 f877 | 4883 c440 | e9d5 b2ff | fff0 8344 | 24c0 0041 | 8039 000f | 8403 b3ff | ff41 c601 
  0x0000022f263e6114: 0049 8b5f | 5048 85db | 0f84 1400 | 0000 4883 | eb08 4989 | 5f50 4903 | 5f58 4c89 | 0be9 deb2 
  0x0000022f263e6134: ffff 4883 | ec30 4c89 | 4424 2848 | 897c 2420 | 498b c949 

  0x0000022f263e6148: ;   {runtime_call}
  0x0000022f263e6148: 8bd7 48b8 | 30fb e3dc | fd7f 0000 | ffd0 488b | 7c24 204c | 8b44 2428 | c5f8 7748 | 83c4 30e9 
  0x0000022f263e6168: a8b2 ffff | 458b 0849 | 83f9 000f | 8480 b4ff | ff4d 8b5f | 384d 85db | 0f84 1400 | 0000 4983 
  0x0000022f263e6188: eb08 4d89 | 5f38 4d03 | 5f40 4d89 | 0be9 5fb4 | ffff 4883 | ec30 4c89 | 4424 2848 | 8944 2420 
  0x0000022f263e61a8: 498b c949 

  0x0000022f263e61ac: ;   {runtime_call}
  0x0000022f263e61ac: 8bd7 48b8 | 50fb e3dc | fd7f 0000 | ffd0 488b | 4424 204c | 8b44 2428 | c5f8 7748 | 83c4 30e9 
  0x0000022f263e61cc: 29b4 ffff | f083 4424 | c000 4180 | 3b00 0f84 | 4db4 ffff | 41c6 0300 | 4d8b 4f50 | 4d85 c90f 
  0x0000022f263e61ec: 8414 0000 | 0049 83e9 | 084d 894f | 504d 034f | 584d 8919 | e928 b4ff | ff48 83ec | 2049 8bcb 
  0x0000022f263e620c: ;   {runtime_call}
  0x0000022f263e620c: 498b d748 | b830 fbe3 | dcfd 7f00 | 00ff d0c5 | f877 4883 | c420 e906 | b4ff ff45 | 8b03 4983 
  0x0000022f263e622c: f800 0f84 | e8b6 ffff | 4d8b 4f38 | 4d85 c90f | 8414 0000 | 0049 83e9 | 084d 894f | 384d 034f 
  0x0000022f263e624c: 404d 8901 | e9c7 b6ff | ff48 83ec | 404c 8954 | 2438 4c89 | 5c24 3048 | 894c 2428 | 498b c849 
  0x0000022f263e626c: ;   {runtime_call}
  0x0000022f263e626c: 8bd7 48b8 | 50fb e3dc | fd7f 0000 | ffd0 488b | 4c24 284c | 8b5c 2430 | 4c8b 5424 | 38c5 f877 
  0x0000022f263e628c: 4883 c440 | e987 b6ff | fff0 8344 | 24c0 0041 | 8039 000f | 84ab b6ff | ff41 c601 | 004d 8b47 
  0x0000022f263e62ac: 504d 85c0 | 0f84 1400 | 0000 4983 | e808 4d89 | 4750 4d03 | 4758 4d89 | 08e9 86b6 | ffff 4883 
  0x0000022f263e62cc: ec30 4c89 | 5424 2848 | 894c 2420 | 498b c949 

  0x0000022f263e62dc: ;   {runtime_call}
  0x0000022f263e62dc: 8bd7 48b8 | 30fb e3dc | fd7f 0000 | ffd0 488b | 4c24 204c | 8b54 2428 | c5f8 7748 | 83c4 30e9 
  0x0000022f263e62fc: 50b6 ffff | 458b 1349 | 83fa 000f | 8459 b6ff | ff4d 8b47 | 384d 85c0 | 0f84 1400 | 0000 4983 
  0x0000022f263e631c: e808 4d89 | 4738 4d03 | 4740 4d89 | 10e9 38b6 | ffff 4883 | ec30 4c89 | 5c24 2848 | 894c 2420 
  0x0000022f263e633c: 498b ca49 

  0x0000022f263e6340: ;   {runtime_call}
  0x0000022f263e6340: 8bd7 48b8 | 50fb e3dc | fd7f 0000 | ffd0 488b | 4c24 204c | 8b5c 2428 | c5f8 7748 | 83c4 30e9 
  0x0000022f263e6360: 02b6 ffff | f083 4424 | c000 4180 | 3800 0f84 | 30b6 ffff | 41c6 0000 | 4d8b 5750 | 4d85 d20f 
  0x0000022f263e6380: 8414 0000 | 0049 83ea | 084d 8957 | 504d 0357 | 584d 8902 | e90b b6ff | ff48 83ec | 3048 894c 
  0x0000022f263e63a0: 2428 498b | c849 8bd7 

  0x0000022f263e63a8: ;   {runtime_call}
  0x0000022f263e63a8: 48b8 30fb | e3dc fd7f | 0000 ffd0 | 488b 4c24 | 28c5 f877 | 4883 c430 | e9df b5ff | ff41 8b0b 
  0x0000022f263e63c8: 4883 f900 | 0f84 6bb8 | ffff 498b | 5f38 4885 | db0f 8414 | 0000 0048 | 83eb 0849 | 895f 3849 
  0x0000022f263e63e8: 035f 4048 | 890b e94a | b8ff ff48 | 83ec 504c | 8954 2448 | 4c89 5c24 | 404c 8944 | 2438 4c89 
  0x0000022f263e6408: 4c24 3048 | 8954 2428 

  0x0000022f263e6410: ;   {runtime_call}
  0x0000022f263e6410: 498b d748 | b850 fbe3 | dcfd 7f00 | 00ff d048 | 8b54 2428 | 4c8b 4c24 | 304c 8b44 | 2438 4c8b 
  0x0000022f263e6430: 5c24 404c | 8b54 2448 | c5f8 7748 | 83c4 50e9 | f9b7 ffff | f083 4424 | c000 803b | 000f 8427 
  0x0000022f263e6450: b8ff ffc6 | 0300 498b | 4f50 4885 | c90f 8414 | 0000 0048 | 83e9 0849 | 894f 5049 | 034f 5848 
  0x0000022f263e6470: 8919 e903 | b8ff ff48 | 83ec 404c | 8954 2438 | 4c89 4c24 | 3048 8954 | 2428 488b | cb49 8bd7 
  0x0000022f263e6490: ;   {runtime_call}
  0x0000022f263e6490: 48b8 30fb | e3dc fd7f | 0000 ffd0 | 488b 5424 | 284c 8b4c | 2430 4c8b | 5424 38c5 | f877 4883 
  0x0000022f263e64b0: c440 e9c3 | b7ff ff45 | 8b18 4983 | fb00 0f84 | c5b7 ffff | 4d8b 4f38 | 4d85 c90f | 8414 0000 
  0x0000022f263e64d0: 0049 83e9 | 084d 894f | 384d 034f | 404d 8919 | e9a4 b7ff | ff48 83ec | 404c 8954 | 2438 4c89 
  0x0000022f263e64f0: 4424 3048 | 8954 2428 | 498b cb49 

  0x0000022f263e64fc: ;   {runtime_call}
  0x0000022f263e64fc: 8bd7 48b8 | 50fb e3dc | fd7f 0000 | ffd0 488b | 5424 284c | 8b44 2430 | 4c8b 5424 | 38c5 f877 
  0x0000022f263e651c: 4883 c440 | e964 b7ff | fff0 8344 | 24c0 0041 | 8039 000f | 8492 b7ff | ff41 c601 | 004d 8b5f 
  0x0000022f263e653c: 504d 85db | 0f84 1400 | 0000 4983 | eb08 4d89 | 5f50 4d03 | 5f58 4d89 | 0be9 6db7 | ffff 4883 
  0x0000022f263e655c: ec30 4c89 | 5424 2849 | 8bc9 498b 

  0x0000022f263e6568: ;   {runtime_call}
  0x0000022f263e6568: d748 b830 | fbe3 dcfd | 7f00 00ff | d04c 8b54 | 2428 c5f8 | 7748 83c4 | 30e9 41b7 | ffff 418b 
  0x0000022f263e6588: 3848 83ff | 000f 8444 | b9ff ff4d | 8b57 384d | 85d2 0f84 | 1400 0000 | 4983 ea08 | 4d89 5738 
  0x0000022f263e65a8: 4d03 5740 | 4989 3ae9 | 23b9 ffff | 4883 ec50 | 4c89 5c24 | 484c 8944 | 2440 4c89 | 4c24 3848 
  0x0000022f263e65c8: 894c 2430 | 4889 4424 | 2848 8bcf 

  0x0000022f263e65d4: ;   {runtime_call}
  0x0000022f263e65d4: 498b d748 | b850 fbe3 | dcfd 7f00 | 00ff d048 | 8b44 2428 | 488b 4c24 | 304c 8b4c | 2438 4c8b 
  0x0000022f263e65f4: 4424 404c | 8b5c 2448 | c5f8 7748 | 83c4 50e9 | cfb8 ffff | f083 4424 | c000 4180 | 3a00 0f84 
  0x0000022f263e6614: f3b8 ffff | 41c6 0200 | 498b 7f50 | 4885 ff0f | 8414 0000 | 0048 83ef | 0849 897f | 5049 037f 
  0x0000022f263e6634: 584c 8917 | e9ce b8ff | ff48 83ec | 404c 895c | 2438 4c89 | 4c24 3048 | 894c 2428 | 498b ca49 
  0x0000022f263e6654: ;   {runtime_call}
  0x0000022f263e6654: 8bd7 48b8 | 30fb e3dc | fd7f 0000 | ffd0 488b | 4c24 284c | 8b4c 2430 | 4c8b 5c24 | 38c5 f877 
  0x0000022f263e6674: 4883 c440 | e98e b8ff | ff45 8b08 | 4983 f900 | 0f84 aeb8 | ffff 4d8b | 5738 4d85 | d20f 8414 
  0x0000022f263e6694: 0000 0049 | 83ea 084d | 8957 384d | 0357 404d | 890a e98d | b8ff ff48 | 83ec 304c | 895c 2428 
  0x0000022f263e66b4: 4c89 4424 | 2049 8bc9 

  0x0000022f263e66bc: ;   {runtime_call}
  0x0000022f263e66bc: 498b d748 | b850 fbe3 | dcfd 7f00 | 00ff d04c | 8b44 2420 | 4c8b 5c24 | 28c5 f877 | 4883 c430 
  0x0000022f263e66dc: e957 b8ff | fff0 8344 | 24c0 0041 | 803a 000f | 847b b8ff | ff41 c602 | 004d 8b4f | 504d 85c9 
  0x0000022f263e66fc: 0f84 1400 | 0000 4983 | e908 4d89 | 4f50 4d03 | 4f58 4d89 | 11e9 56b8 | ffff 4883 | ec20 498b 
  0x0000022f263e671c: ca49 8bd7 

  0x0000022f263e6720: ;   {runtime_call}
  0x0000022f263e6720: 48b8 30fb | e3dc fd7f | 0000 ffd0 | c5f8 7748 | 83c4 20e9 | 34b8 ffff | 458b 0a49 | 83f9 000f 
  0x0000022f263e6740: 84ba beff | ff49 8b4f | 3848 85c9 | 0f84 1400 | 0000 4883 | e908 4989 | 4f38 4903 | 4f40 4c89 
  0x0000022f263e6760: 09e9 99be | ffff 4883 | ec30 4c89 | 5424 284c | 8944 2420 | 498b c949 

  0x0000022f263e6778: ;   {runtime_call}
  0x0000022f263e6778: 8bd7 48b8 | 50fb e3dc | fd7f 0000 | ffd0 4c8b | 4424 204c | 8b54 2428 | c5f8 7748 | 83c4 30e9 
  0x0000022f263e6798: 63be ffff | f083 4424 | c000 8039 | 000f 8491 | beff ffc6 | 0100 4d8b | 4f50 4d85 | c90f 8414 
  0x0000022f263e67b8: 0000 0049 | 83e9 084d | 894f 504d | 034f 5849 | 8909 e96d | beff ff48 | 83ec 2049 

  0x0000022f263e67d4: ;   {runtime_call}
  0x0000022f263e67d4: 8bd7 48b8 | 30fb e3dc | fd7f 0000 | ffd0 c5f8 | 7748 83c4 | 20e9 4ebe | ffff 458b | 0249 83f8 
  0x0000022f263e67f4: 000f 8492 | e3ff ff4d | 8b5f 384d | 85db 0f84 | 1400 0000 | 4983 eb08 | 4d89 5f38 | 4d03 5f40 
  0x0000022f263e6814: 4d89 03e9 | 71e3 ffff | 4883 ec30 | 4c89 5424 | 2848 8944 | 2420 498b | c849 8bd7 

  0x0000022f263e6830: ;   {runtime_call}
  0x0000022f263e6830: 48b8 50fb | e3dc fd7f | 0000 ffd0 | 488b 4424 | 204c 8b54 | 2428 c5f8 | 7748 83c4 | 30e9 3be3 
  0x0000022f263e6850: ffff f083 | 4424 c000 | 4180 3b00 | 0f84 5fe3 | ffff 41c6 | 0300 4d8b | 4750 4d85 | c00f 8414 
  0x0000022f263e6870: 0000 0049 | 83e8 084d | 8947 504d | 0347 584d | 8918 e93a | e3ff ff48 | 83ec 3048 | 8944 2428 
  0x0000022f263e6890: 498b cb49 

  0x0000022f263e6894: ;   {runtime_call}
  0x0000022f263e6894: 8bd7 48b8 | 30fb e3dc | fd7f 0000 | ffd0 488b | 4424 28c5 | f877 4883 | c430 e90e | e3ff ff41 
  0x0000022f263e68b4: 8387 e006 | 0000 08e9 | ccb7 ffff 

  0x0000022f263e68c0: ;   {internal_word}
  0x0000022f263e68c0: 49ba d11f | 3e26 2f02 | 0000 4d89 | 97e0 0400 

  0x0000022f263e68d0: ;   {runtime_call SafepointBlob}
  0x0000022f263e68d0: 00e9 8aa6 

  0x0000022f263e68d4: ;   {runtime_call Stub::method_entry_barrier}
  0x0000022f263e68d4: a0ff e885 | 279f ffe9 | cea1 ffff 
[Stub Code]
  0x0000022f263e68e0: ;   {static_stub}
  0x0000022f263e68e0: 48bb 0000 | 0000 0000 

  0x0000022f263e68e8: ;   {runtime_call nmethod}
  0x0000022f263e68e8: 0000 e9fb 

  0x0000022f263e68ec: ;   {static_stub}
  0x0000022f263e68ec: ffff ff48 | bb08 7682 | 332f 0200 

  0x0000022f263e68f8: ;   {runtime_call I2C/C2I adapters}
  0x0000022f263e68f8: 00e9 38f3 

  0x0000022f263e68fc: ;   {static_stub}
  0x0000022f263e68fc: a0ff 48bb | 0000 0000 | 0000 0000 

  0x0000022f263e6908: ;   {runtime_call nmethod}
  0x0000022f263e6908: e9fb ffff 

  0x0000022f263e690c: ;   {static_stub}
  0x0000022f263e690c: ff48 bb00 | 0000 0000 

  0x0000022f263e6914: ;   {runtime_call nmethod}
  0x0000022f263e6914: 0000 00e9 | fbff ffff 

  0x0000022f263e691c: ;   {static_stub}
  0x0000022f263e691c: 48bb 0000 | 0000 0000 

  0x0000022f263e6924: ;   {runtime_call nmethod}
  0x0000022f263e6924: 0000 e9fb 

  0x0000022f263e6928: ;   {static_stub}
  0x0000022f263e6928: ffff ff48 | bb00 0000 | 0000 0000 

  0x0000022f263e6934: ;   {runtime_call nmethod}
  0x0000022f263e6934: 00e9 fbff 

  0x0000022f263e6938: ;   {static_stub}
  0x0000022f263e6938: ffff 48bb | 0000 0000 | 0000 0000 

  0x0000022f263e6944: ;   {runtime_call nmethod}
  0x0000022f263e6944: e9fb ffff 

  0x0000022f263e6948: ;   {static_stub}
  0x0000022f263e6948: ff48 bb00 | 0000 0000 

  0x0000022f263e6950: ;   {runtime_call nmethod}
  0x0000022f263e6950: 0000 00e9 | fbff ffff 

  0x0000022f263e6958: ;   {static_stub}
  0x0000022f263e6958: 48bb 0000 | 0000 0000 

  0x0000022f263e6960: ;   {runtime_call nmethod}
  0x0000022f263e6960: 0000 e9fb 

  0x0000022f263e6964: ;   {static_stub}
  0x0000022f263e6964: ffff ff48 | bb00 0000 | 0000 0000 

  0x0000022f263e6970: ;   {runtime_call nmethod}
  0x0000022f263e6970: 00e9 fbff 

  0x0000022f263e6974: ;   {static_stub}
  0x0000022f263e6974: ffff 48bb | 0000 0000 | 0000 0000 

  0x0000022f263e6980: ;   {runtime_call nmethod}
  0x0000022f263e6980: e9fb ffff 

  0x0000022f263e6984: ;   {static_stub}
  0x0000022f263e6984: ff48 bb00 | 0000 0000 

  0x0000022f263e698c: ;   {runtime_call nmethod}
  0x0000022f263e698c: 0000 00e9 | fbff ffff 

  0x0000022f263e6994: ;   {static_stub}
  0x0000022f263e6994: 48bb 0000 | 0000 0000 

  0x0000022f263e699c: ;   {runtime_call nmethod}
  0x0000022f263e699c: 0000 e9fb 

  0x0000022f263e69a0: ;   {static_stub}
  0x0000022f263e69a0: ffff ff48 | bb00 0000 | 0000 0000 

  0x0000022f263e69ac: ;   {runtime_call nmethod}
  0x0000022f263e69ac: 00e9 fbff 

  0x0000022f263e69b0: ;   {static_stub}
  0x0000022f263e69b0: ffff 48bb | 0000 0000 | 0000 0000 

  0x0000022f263e69bc: ;   {runtime_call nmethod}
  0x0000022f263e69bc: e9fb ffff 

  0x0000022f263e69c0: ;   {runtime_call ExceptionBlob}
  0x0000022f263e69c0: ffe9 1a1e | adff e800 | 0000 0048 | 832c 2405 

  0x0000022f263e69d0: ;   {runtime_call DeoptimizationBlob}
  0x0000022f263e69d0: e98b a8a0 | fff4 f4f4 
[/MachCode]


---------------  P R O C E S S  ---------------

Threads class SMR info:
_java_thread_list=0x0000022f4727e610, length=64, elements={
0x0000022f1b35fd60, 0x0000022f3262d270, 0x0000022f32664400, 0x0000022f3262f300,
0x0000022f326483f0, 0x0000022f32648fb0, 0x0000022f32649b70, 0x0000022f3264a730,
0x0000022f32664fd0, 0x0000022f3266d810, 0x0000022f32ae9b80, 0x0000022f38c95ab0,
0x0000022f381eb230, 0x0000022f396bf360, 0x0000022f38945180, 0x0000022f38945950,
0x0000022f38940360, 0x0000022f3a3b4040, 0x0000022f3a3b5f80, 0x0000022f3a3b4fe0,
0x0000022f3a3b6750, 0x0000022f3a3b6f20, 0x0000022f3a3b76f0, 0x0000022f374f6910,
0x0000022f3b70c2a0, 0x0000022f45a37b40, 0x0000022f45a38ae0, 0x0000022f46255040,
0x0000022f462538d0, 0x0000022f4c53e4c0, 0x0000022f4c53ec90, 0x0000022f4c53b5e0,
0x0000022f45072a20, 0x0000022f4c53bdb0, 0x0000022f452a5770, 0x0000022f4c53cd50,
0x0000022f4c53dcf0, 0x0000022f45f43f90, 0x0000022f4529f1e0, 0x0000022f4529f9b0,
0x0000022f4c7f1d20, 0x0000022f45f42050, 0x0000022f47196000, 0x0000022f4c8c9ae0,
0x0000022f3bdda770, 0x0000022f3bdd9000, 0x0000022f4c8ca2b0, 0x0000022f4c8c8370,
0x0000022f4c2bfc90, 0x0000022f452a6710, 0x0000022f4d432c90, 0x0000022f4d433c30,
0x0000022f3bcade40, 0x0000022f3bcaf5b0, 0x0000022f3bca9fc0, 0x0000022f3bca9020,
0x0000022f44b8a620, 0x0000022f44b8ec70, 0x0000022f4c7f3490, 0x0000022f4c7f24f0,
0x0000022f4c7f3c60, 0x0000022f467a2710, 0x0000022f3bdd8830, 0x0000022f3bddaf40
}

Java Threads: ( => current thread )
  0x0000022f1b35fd60 JavaThread "main"                              [_thread_blocked, id=8444, stack(0x0000003713c00000,0x0000003713d00000) (1024K)]
  0x0000022f3262d270 JavaThread "Common-Cleaner"             daemon [_thread_blocked, id=5260, stack(0x0000003714400000,0x0000003714500000) (1024K)]
  0x0000022f32664400 JavaThread "Reference Handler"          daemon [_thread_blocked, id=12724, stack(0x0000003714500000,0x0000003714600000) (1024K)]
  0x0000022f3262f300 JavaThread "Finalizer"                  daemon [_thread_blocked, id=17132, stack(0x0000003714600000,0x0000003714700000) (1024K)]
  0x0000022f326483f0 JavaThread "Signal Dispatcher"          daemon [_thread_blocked, id=12672, stack(0x0000003714700000,0x0000003714800000) (1024K)]
  0x0000022f32648fb0 JavaThread "Attach Listener"            daemon [_thread_blocked, id=5704, stack(0x0000003714800000,0x0000003714900000) (1024K)]
  0x0000022f32649b70 JavaThread "Service Thread"             daemon [_thread_blocked, id=11976, stack(0x0000003714900000,0x0000003714a00000) (1024K)]
  0x0000022f3264a730 JavaThread "Monitor Deflation Thread"   daemon [_thread_blocked, id=12160, stack(0x0000003714a00000,0x0000003714b00000) (1024K)]
  0x0000022f32664fd0 JavaThread "C2 CompilerThread0"         daemon [_thread_blocked, id=15732, stack(0x0000003714b00000,0x0000003714c00000) (1024K)]
  0x0000022f3266d810 JavaThread "C1 CompilerThread0"         daemon [_thread_blocked, id=16112, stack(0x0000003714c00000,0x0000003714d00000) (1024K)]
  0x0000022f32ae9b80 JavaThread "Notification Thread"        daemon [_thread_blocked, id=4568, stack(0x0000003714d00000,0x0000003714e00000) (1024K)]
  0x0000022f38c95ab0 JavaThread "Daemon health stats"               [_thread_blocked, id=3096, stack(0x0000003715200000,0x0000003715300000) (1024K)]
  0x0000022f381eb230 JavaThread "Incoming local TCP Connector on port 63984"        [_thread_in_native, id=8316, stack(0x0000003715300000,0x0000003715400000) (1024K)]
  0x0000022f396bf360 JavaThread "Daemon periodic checks"            [_thread_blocked, id=8724, stack(0x0000003715400000,0x0000003715500000) (1024K)]
  0x0000022f38945180 JavaThread "Cache worker for journal cache (C:\Users\adry4\.gradle\caches\journal-1)"        [_thread_blocked, id=8448, stack(0x0000003715c00000,0x0000003715d00000) (1024K)]
  0x0000022f38945950 JavaThread "File lock request listener"        [_thread_in_native, id=8412, stack(0x0000003715d00000,0x0000003715e00000) (1024K)]
  0x0000022f38940360 JavaThread "Cache worker for file hash cache (C:\Users\adry4\.gradle\caches\9.6.0\fileHashes)"        [_thread_blocked, id=11644, stack(0x0000003715e00000,0x0000003715f00000) (1024K)]
  0x0000022f3a3b4040 JavaThread "File watcher server"        daemon [_thread_in_native, id=16960, stack(0x0000003716100000,0x0000003716200000) (1024K)]
  0x0000022f3a3b5f80 JavaThread "File watcher consumer"      daemon [_thread_blocked, id=13732, stack(0x0000003716200000,0x0000003716300000) (1024K)]
  0x0000022f3a3b4fe0 JavaThread "jar transforms"                    [_thread_blocked, id=13980, stack(0x0000003716300000,0x0000003716400000) (1024K)]
  0x0000022f3a3b6750 JavaThread "jar transforms Thread 2"           [_thread_blocked, id=16988, stack(0x0000003716400000,0x0000003716500000) (1024K)]
  0x0000022f3a3b6f20 JavaThread "jar transforms Thread 3"           [_thread_blocked, id=5924, stack(0x0000003716500000,0x0000003716600000) (1024K)]
  0x0000022f3a3b76f0 JavaThread "jar transforms Thread 4"           [_thread_blocked, id=17380, stack(0x0000003716600000,0x0000003716700000) (1024K)]
  0x0000022f374f6910 JavaThread "Cache worker for file content cache (C:\Users\adry4\.gradle\caches\9.6.0\fileContent)"        [_thread_blocked, id=14268, stack(0x0000003716700000,0x0000003716800000) (1024K)]
  0x0000022f3b70c2a0 JavaThread "Memory manager"                    [_thread_blocked, id=15232, stack(0x0000003716e00000,0x0000003716f00000) (1024K)]
  0x0000022f45a37b40 JavaThread "Daemon Thread 3"                   [_thread_blocked, id=9880, stack(0x0000003713900000,0x0000003713a00000) (1024K)]
  0x0000022f45a38ae0 JavaThread "Handler for socket connection from /127.0.0.1:63984 to /127.0.0.1:64177"        [_thread_in_native, id=964, stack(0x0000003713a00000,0x0000003713b00000) (1024K)]
  0x0000022f46255040 JavaThread "Cancel handler"                    [_thread_blocked, id=6140, stack(0x0000003713b00000,0x0000003713c00000) (1024K)]
  0x0000022f462538d0 JavaThread "Daemon worker Thread 3"            [_thread_blocked, id=12736, stack(0x0000003714e00000,0x0000003714f00000) (1024K)]
  0x0000022f4c53e4c0 JavaThread "Asynchronous log dispatcher for DefaultDaemonConnection: socket connection from /127.0.0.1:63984 to /127.0.0.1:64177"        [_thread_blocked, id=13340, stack(0x0000003715500000,0x0000003715600000) (1024K)]
  0x0000022f4c53ec90 JavaThread "Stdin handler"                     [_thread_blocked, id=12804, stack(0x0000003715600000,0x0000003715700000) (1024K)]
  0x0000022f4c53b5e0 JavaThread "Daemon client event forwarder"        [_thread_blocked, id=12344, stack(0x0000003715700000,0x0000003715800000) (1024K)]
  0x0000022f45072a20 JavaThread "Cache worker for file hash cache (C:\Users\adry4\AndroidStudioProjects\ExamenLlibreria\.gradle\9.6.0\fileHashes)"        [_thread_blocked, id=10912, stack(0x0000003715900000,0x0000003715a00000) (1024K)]
  0x0000022f4c53bdb0 JavaThread "Cache worker for checksums cache (C:\Users\adry4\AndroidStudioProjects\ExamenLlibreria\.gradle\9.6.0\checksums)"        [_thread_blocked, id=3532, stack(0x0000003715a00000,0x0000003715b00000) (1024K)]
  0x0000022f452a5770 JavaThread "Cache worker for Build Output Cleanup Cache (C:\Users\adry4\AndroidStudioProjects\ExamenLlibreria\.gradle\buildOutputCleanup)"        [_thread_blocked, id=6476, stack(0x0000003715b00000,0x0000003715c00000) (1024K)]
  0x0000022f4c53cd50 JavaThread "Cache worker for cache directory md-supplier (C:\Users\adry4\.gradle\caches\9.6.0\md-supplier)"        [_thread_blocked, id=2172, stack(0x0000003715800000,0x0000003715900000) (1024K)]
  0x0000022f4c53dcf0 JavaThread "Cache worker for cache directory md-rule (C:\Users\adry4\.gradle\caches\9.6.0\md-rule)"        [_thread_blocked, id=4972, stack(0x0000003715f00000,0x0000003716000000) (1024K)]
  0x0000022f45f43f90 JavaThread "Build operations"                  [_thread_blocked, id=8736, stack(0x0000003716800000,0x0000003716900000) (1024K)]
  0x0000022f4529f1e0 JavaThread "Build operations Thread 2"         [_thread_blocked, id=6208, stack(0x0000003716900000,0x0000003716a00000) (1024K)]
  0x0000022f4529f9b0 JavaThread "Build operations Thread 3"         [_thread_blocked, id=4648, stack(0x0000003716a00000,0x0000003716b00000) (1024K)]
  0x0000022f4c7f1d20 JavaThread "Build operations Thread 4"         [_thread_blocked, id=9320, stack(0x0000003716000000,0x0000003716100000) (1024K)]
  0x0000022f45f42050 JavaThread "Configuration cache report writer"        [_thread_blocked, id=11104, stack(0x0000003716c00000,0x0000003716d00000) (1024K)]
  0x0000022f47196000 JavaThread "build event listener"              [_thread_blocked, id=10616, stack(0x0000003716d00000,0x0000003716e00000) (1024K)]
  0x0000022f4c8c9ae0 JavaThread "build event listener"              [_thread_blocked, id=4372, stack(0x0000003716f00000,0x0000003717000000) (1024K)]
  0x0000022f3bdda770 JavaThread "included builds"                   [_thread_in_vm, id=10796, stack(0x0000003717000000,0x0000003717100000) (1024K)]
  0x0000022f3bdd9000 JavaThread "Execution worker"                  [_thread_blocked, id=17096, stack(0x0000003717100000,0x0000003717200000) (1024K)]
  0x0000022f4c8ca2b0 JavaThread "Execution worker Thread 2"         [_thread_blocked, id=4980, stack(0x0000003717200000,0x0000003717300000) (1024K)]
  0x0000022f4c8c8370 JavaThread "Execution worker Thread 3"         [_thread_blocked, id=11100, stack(0x0000003717300000,0x0000003717400000) (1024K)]
  0x0000022f4c2bfc90 JavaThread "Cache worker for execution history cache (C:\Users\adry4\AndroidStudioProjects\ExamenLlibreria\.gradle\9.6.0\executionHistory)"        [_thread_blocked, id=14668, stack(0x0000003717400000,0x0000003717500000) (1024K)]
  0x0000022f452a6710 JavaThread "WorkerExecutor Queue"              [_thread_blocked, id=17372, stack(0x0000003717500000,0x0000003717600000) (1024K)]
  0x0000022f4d432c90 JavaThread "WorkerExecutor Queue Thread 3"        [_thread_in_native, id=11324, stack(0x0000003717b00000,0x0000003717c00000) (1024K)]
=>0x0000022f4d433c30 JavaThread "WorkerExecutor Queue Thread 4"        [_thread_in_vm, id=12580, stack(0x0000003717d00000,0x0000003717e00000) (1024K)]
  0x0000022f3bcade40 JavaThread "ForkJoinPool-3-worker-1"    daemon [_thread_blocked, id=13968, stack(0x0000003717600000,0x0000003717700000) (1024K)]
  0x0000022f3bcaf5b0 JavaThread "ForkJoinPool-3-worker-2"    daemon [_thread_blocked, id=12056, stack(0x0000003717800000,0x0000003717900000) (1024K)]
  0x0000022f3bca9fc0 JavaThread "ForkJoinPool-3-worker-3"    daemon [_thread_blocked, id=13280, stack(0x0000003717900000,0x0000003717a00000) (1024K)]
  0x0000022f3bca9020 JavaThread "ForkJoinPool-3-worker-4"    daemon [_thread_blocked, id=13808, stack(0x0000003717a00000,0x0000003717b00000) (1024K)]
  0x0000022f44b8a620 JavaThread "RMI Scheduler(0)"           daemon [_thread_blocked, id=13784, stack(0x0000003717c00000,0x0000003717d00000) (1024K)]
  0x0000022f44b8ec70 JavaThread "RMI RenewClean-[127.0.0.1:17354,org.jetbrains.kotlin.daemon.common.LoopbackNetworkInterface$ClientLoopbackSocketFactory@715fccf0]" daemon [_thread_blocked, id=13580, stack(0x0000003717e00000,0x0000003717f00000) (1024K)]
  0x0000022f4c7f3490 JavaThread "RMI GC Daemon"              daemon [_thread_blocked, id=15564, stack(0x0000003717f00000,0x0000003718000000) (1024K)]
  0x0000022f4c7f24f0 JavaThread "RMI TCP Accept-0"           daemon [_thread_in_native, id=8976, stack(0x0000003718000000,0x0000003718100000) (1024K)]
  0x0000022f4c7f3c60 JavaThread "RMI Reaper"                        [_thread_blocked, id=6748, stack(0x0000003718100000,0x0000003718200000) (1024K)]
  0x0000022f467a2710 JavaThread "RMI TCP Connection(idle)"   daemon [_thread_blocked, id=11484, stack(0x0000003718200000,0x0000003718300000) (1024K)]
  0x0000022f3bdd8830 JavaThread "WorkerExecutor Queue Thread 6"        [_thread_blocked, id=14792, stack(0x0000003718300000,0x0000003718400000) (1024K)]
  0x0000022f3bddaf40 JavaThread "WorkerExecutor Queue Thread 7"        [_thread_blocked, id=16556, stack(0x0000003718400000,0x0000003718500000) (1024K)]
Total: 64

Other Threads:
  0x0000022f326092b0 VMThread "VM Thread"                           [id=11476, stack(0x0000003714300000,0x0000003714400000) (1024K)]
  0x0000022f1b41dd10 WatcherThread "VM Periodic Task Thread"        [id=9524, stack(0x0000003714200000,0x0000003714300000) (1024K)]
  0x0000022f1b3bf0d0 WorkerThread "GC Thread#0"                     [id=11580, stack(0x0000003713d00000,0x0000003713e00000) (1024K)]
  0x0000022f37e76a50 WorkerThread "GC Thread#1"                     [id=12348, stack(0x0000003714f00000,0x0000003715000000) (1024K)]
  0x0000022f37e76e80 WorkerThread "GC Thread#2"                     [id=3548, stack(0x0000003715000000,0x0000003715100000) (1024K)]
  0x0000022f37ead080 WorkerThread "GC Thread#3"                     [id=12440, stack(0x0000003715100000,0x0000003715200000) (1024K)]
  0x0000022f1b3d8a30 ConcurrentGCThread "G1 Main Marker"            [id=9768, stack(0x0000003713e00000,0x0000003713f00000) (1024K)]
  0x0000022f1b3d95d0 WorkerThread "G1 Conc#0"                       [id=14616, stack(0x0000003713f00000,0x0000003714000000) (1024K)]
  0x0000022f1b40e760 ConcurrentGCThread "G1 Refine#0"               [id=5940, stack(0x0000003714000000,0x0000003714100000) (1024K)]
  0x0000022f1b40f370 ConcurrentGCThread "G1 Service"                [id=13428, stack(0x0000003714100000,0x0000003714200000) (1024K)]
Total: 10

Threads with active compile tasks:
Total: 0

VM state: not at safepoint (normal execution)

VM Mutex/Monitor currently owned by a thread: None

Heap address: 0x0000000080000000, size: 2048 MB, Compressed Oops mode: 32-bit

CDS archive(s) not mapped
Compressed class space mapped at: 0x0000000038000000-0x0000000078000000, reserved size: 1073741824
UseCompressedClassPointers 1, UseCompactObjectHeaders 0
Narrow klass pointer bits 32, Max shift 3
Narrow klass base: 0x0000000000000000, Narrow klass shift: 0
Encoding Range: [0x0000000000000000 - 0x0000000100000000), (4294967296 bytes)
Klass Range:    [0x0000000038000000 - 0x0000000078000000), (1073741824 bytes)
Klass ID Range:  [939524096 - 2013265913) (1073741817)
No protection zone.

GC Precious Log:
 CardTable entry size: 512
 Card Set container configuration: InlinePtr #cards 5 size 8 Array Of Cards #cards 10 size 36 Howl #buckets 4 coarsen threshold 1843 Howl Bitmap #cards 512 size 80 coarsen threshold 460 Card regions per heap region 1 cards per card region 2048
 CPUs: 4 total, 4 available
 Memory: 8053M
 Large Page Support: Disabled
 NUMA Support: Disabled
 Compressed Oops: Enabled (32-bit)
 Heap Region Size: 1M
 Heap Min Capacity: 8M
 Heap Initial Capacity: 126M
 Heap Max Capacity: 2G
 Pre-touch: Disabled
 Parallel Workers: 4
 Concurrent Workers: 1
 Concurrent Refinement Workers: 4
 Periodic GC: Disabled

Heap:
 garbage-first heap   total reserved 2097152K, committed 919552K, used 615829K [0x0000000080000000, 0x0000000100000000)
  region size 1024K, 73 young (74752K), 11 survivors (11264K)

Heap Regions: E=young(eden), S=young(survivor), O=old, HS=humongous(starts), HC=humongous(continues), CS=collection set, F=free, TAMS=top-at-mark-start, PB=parsable bottom
|   0|0x0000000080000000, 0x0000000080100000, 0x0000000080100000|100%|HS|  |TAMS 0x0000000080000000| PB 0x0000000080000000| Complete |  0
|   1|0x0000000080100000, 0x0000000080200000, 0x0000000080200000|100%|HC|  |TAMS 0x0000000080100000| PB 0x0000000080100000| Complete |  0
|   2|0x0000000080200000, 0x0000000080300000, 0x0000000080300000|100%|HC|  |TAMS 0x0000000080200000| PB 0x0000000080200000| Complete |  0
|   3|0x0000000080300000, 0x0000000080400000, 0x0000000080400000|100%|HC|  |TAMS 0x0000000080300000| PB 0x0000000080300000| Complete |  0
|   4|0x0000000080400000, 0x0000000080500000, 0x0000000080500000|100%| O|  |TAMS 0x0000000080400000| PB 0x0000000080400000| Untracked |  0
|   5|0x0000000080500000, 0x0000000080600000, 0x0000000080600000|100%| O|  |TAMS 0x0000000080500000| PB 0x0000000080500000| Untracked |  0
|   6|0x0000000080600000, 0x0000000080700000, 0x0000000080700000|100%| O|  |TAMS 0x0000000080600000| PB 0x0000000080600000| Untracked |  0
|   7|0x0000000080700000, 0x0000000080800000, 0x0000000080800000|100%|HS|  |TAMS 0x0000000080700000| PB 0x0000000080700000| Complete |  0
|   8|0x0000000080800000, 0x0000000080900000, 0x0000000080900000|100%| O|  |TAMS 0x0000000080800000| PB 0x0000000080800000| Untracked |  0
|   9|0x0000000080900000, 0x0000000080a00000, 0x0000000080a00000|100%| O|  |TAMS 0x0000000080900000| PB 0x0000000080900000| Untracked |  0
|  10|0x0000000080a00000, 0x0000000080b00000, 0x0000000080b00000|100%| O|  |TAMS 0x0000000080a00000| PB 0x0000000080a00000| Untracked |  0
|  11|0x0000000080b00000, 0x0000000080c00000, 0x0000000080c00000|100%| O|  |TAMS 0x0000000080b00000| PB 0x0000000080b00000| Untracked |  0
|  12|0x0000000080c00000, 0x0000000080d00000, 0x0000000080d00000|100%| O|  |TAMS 0x0000000080c00000| PB 0x0000000080c00000| Untracked |  0
|  13|0x0000000080d00000, 0x0000000080e00000, 0x0000000080e00000|100%| O|  |TAMS 0x0000000080d00000| PB 0x0000000080d00000| Untracked |  0
|  14|0x0000000080e00000, 0x0000000080f00000, 0x0000000080f00000|100%| O|  |TAMS 0x0000000080e00000| PB 0x0000000080e00000| Untracked |  0
|  15|0x0000000080f00000, 0x0000000081000000, 0x0000000081000000|100%| O|  |TAMS 0x0000000080f00000| PB 0x0000000080f00000| Untracked |  0
|  16|0x0000000081000000, 0x00000000810e5480, 0x0000000081100000| 89%| O|  |TAMS 0x0000000081000000| PB 0x0000000081000000| Untracked |  0
|  17|0x0000000081100000, 0x0000000081200000, 0x0000000081200000|100%| O|  |TAMS 0x0000000081100000| PB 0x0000000081100000| Untracked |  0
|  18|0x0000000081200000, 0x0000000081300000, 0x0000000081300000|100%| O|  |TAMS 0x0000000081200000| PB 0x0000000081200000| Untracked |  0
|  19|0x0000000081300000, 0x0000000081400000, 0x0000000081400000|100%| O|  |TAMS 0x0000000081300000| PB 0x0000000081300000| Untracked |  0
|  20|0x0000000081400000, 0x0000000081500000, 0x0000000081500000|100%| O|  |TAMS 0x0000000081400000| PB 0x0000000081400000| Untracked |  0
|  21|0x0000000081500000, 0x0000000081600000, 0x0000000081600000|100%| O|  |TAMS 0x0000000081500000| PB 0x0000000081500000| Untracked |  0
|  22|0x0000000081600000, 0x0000000081700000, 0x0000000081700000|100%| O|  |TAMS 0x0000000081600000| PB 0x0000000081600000| Untracked |  0
|  23|0x0000000081700000, 0x0000000081800000, 0x0000000081800000|100%|HS|  |TAMS 0x0000000081700000| PB 0x0000000081700000| Complete |  0
|  24|0x0000000081800000, 0x0000000081900000, 0x0000000081900000|100%|HC|  |TAMS 0x0000000081800000| PB 0x0000000081800000| Complete |  0
|  25|0x0000000081900000, 0x0000000081a00000, 0x0000000081a00000|100%|HC|  |TAMS 0x0000000081900000| PB 0x0000000081900000| Complete |  0
|  26|0x0000000081a00000, 0x0000000081b00000, 0x0000000081b00000|100%|HC|  |TAMS 0x0000000081a00000| PB 0x0000000081a00000| Complete |  0
|  27|0x0000000081b00000, 0x0000000081c00000, 0x0000000081c00000|100%|HC|  |TAMS 0x0000000081b00000| PB 0x0000000081b00000| Complete |  0
|  28|0x0000000081c00000, 0x0000000081d00000, 0x0000000081d00000|100%|HC|  |TAMS 0x0000000081c00000| PB 0x0000000081c00000| Complete |  0
|  29|0x0000000081d00000, 0x0000000081e00000, 0x0000000081e00000|100%|HS|  |TAMS 0x0000000081d00000| PB 0x0000000081d00000| Complete |  0
|  30|0x0000000081e00000, 0x0000000081f00000, 0x0000000081f00000|100%| O|  |TAMS 0x0000000081e00000| PB 0x0000000081e00000| Untracked |  0
|  31|0x0000000081f00000, 0x0000000082000000, 0x0000000082000000|100%| O|  |TAMS 0x0000000081f00000| PB 0x0000000081f00000| Untracked |  0
|  32|0x0000000082000000, 0x0000000082100000, 0x0000000082100000|100%| O|  |TAMS 0x0000000082000000| PB 0x0000000082000000| Untracked |  0
|  33|0x0000000082100000, 0x0000000082200000, 0x0000000082200000|100%| O|  |TAMS 0x0000000082100000| PB 0x0000000082100000| Untracked |  0
|  34|0x0000000082200000, 0x0000000082300000, 0x0000000082300000|100%| O|  |TAMS 0x0000000082200000| PB 0x0000000082200000| Untracked |  0
|  35|0x0000000082300000, 0x0000000082400000, 0x0000000082400000|100%| O|  |TAMS 0x0000000082300000| PB 0x0000000082300000| Untracked |  0
|  36|0x0000000082400000, 0x0000000082500000, 0x0000000082500000|100%|HS|  |TAMS 0x0000000082400000| PB 0x0000000082400000| Complete |  0
|  37|0x0000000082500000, 0x0000000082600000, 0x0000000082600000|100%|HS|  |TAMS 0x0000000082500000| PB 0x0000000082500000| Complete |  0
|  38|0x0000000082600000, 0x0000000082700000, 0x0000000082700000|100%|HC|  |TAMS 0x0000000082600000| PB 0x0000000082600000| Complete |  0
|  39|0x0000000082700000, 0x0000000082800000, 0x0000000082800000|100%|HC|  |TAMS 0x0000000082700000| PB 0x0000000082700000| Complete |  0
|  40|0x0000000082800000, 0x0000000082900000, 0x0000000082900000|100%|HC|  |TAMS 0x0000000082800000| PB 0x0000000082800000| Complete |  0
|  41|0x0000000082900000, 0x0000000082a00000, 0x0000000082a00000|100%|HC|  |TAMS 0x0000000082900000| PB 0x0000000082900000| Complete |  0
|  42|0x0000000082a00000, 0x0000000082b00000, 0x0000000082b00000|100%|HC|  |TAMS 0x0000000082a00000| PB 0x0000000082a00000| Complete |  0
|  43|0x0000000082b00000, 0x0000000082c00000, 0x0000000082c00000|100%|HS|  |TAMS 0x0000000082b00000| PB 0x0000000082b00000| Complete |  0
|  44|0x0000000082c00000, 0x0000000082d00000, 0x0000000082d00000|100%|HS|  |TAMS 0x0000000082c00000| PB 0x0000000082c00000| Complete |  0
|  45|0x0000000082d00000, 0x0000000082e00000, 0x0000000082e00000|100%| O|  |TAMS 0x0000000082d00000| PB 0x0000000082d00000| Untracked |  0
|  46|0x0000000082e00000, 0x0000000082f00000, 0x0000000082f00000|100%| O|  |TAMS 0x0000000082e00000| PB 0x0000000082e00000| Untracked |  0
|  47|0x0000000082f00000, 0x0000000083000000, 0x0000000083000000|100%| O|  |TAMS 0x0000000082f00000| PB 0x0000000082f00000| Untracked |  0
|  48|0x0000000083000000, 0x0000000083100000, 0x0000000083100000|100%| O|  |TAMS 0x0000000083000000| PB 0x0000000083000000| Untracked |  0
|  49|0x0000000083100000, 0x0000000083200000, 0x0000000083200000|100%| O|  |TAMS 0x0000000083100000| PB 0x0000000083100000| Untracked |  0
|  50|0x0000000083200000, 0x0000000083300000, 0x0000000083300000|100%| O|  |TAMS 0x0000000083200000| PB 0x0000000083200000| Untracked |  0
|  51|0x0000000083300000, 0x0000000083400000, 0x0000000083400000|100%| O|  |TAMS 0x0000000083300000| PB 0x0000000083300000| Untracked |  0
|  52|0x0000000083400000, 0x0000000083500000, 0x0000000083500000|100%| O|  |TAMS 0x0000000083400000| PB 0x0000000083400000| Untracked |  0
|  53|0x0000000083500000, 0x0000000083600000, 0x0000000083600000|100%| O|  |TAMS 0x0000000083500000| PB 0x0000000083500000| Untracked |  0
|  54|0x0000000083600000, 0x0000000083700000, 0x0000000083700000|100%| O|  |TAMS 0x0000000083600000| PB 0x0000000083600000| Untracked |  0
|  55|0x0000000083700000, 0x0000000083800000, 0x0000000083800000|100%| O|  |TAMS 0x0000000083700000| PB 0x0000000083700000| Untracked |  0
|  56|0x0000000083800000, 0x0000000083900000, 0x0000000083900000|100%| O|  |TAMS 0x0000000083800000| PB 0x0000000083800000| Untracked |  0
|  57|0x0000000083900000, 0x0000000083a00000, 0x0000000083a00000|100%| O|  |TAMS 0x0000000083900000| PB 0x0000000083900000| Untracked |  0
|  58|0x0000000083a00000, 0x0000000083b00000, 0x0000000083b00000|100%| O|  |TAMS 0x0000000083a00000| PB 0x0000000083a00000| Untracked |  0
|  59|0x0000000083b00000, 0x0000000083c00000, 0x0000000083c00000|100%| O|  |TAMS 0x0000000083b00000| PB 0x0000000083b00000| Untracked |  0
|  60|0x0000000083c00000, 0x0000000083d00000, 0x0000000083d00000|100%| O|  |TAMS 0x0000000083c00000| PB 0x0000000083c00000| Untracked |  0
|  61|0x0000000083d00000, 0x0000000083e00000, 0x0000000083e00000|100%| O|  |TAMS 0x0000000083d00000| PB 0x0000000083d00000| Untracked |  0
|  62|0x0000000083e00000, 0x0000000083f00000, 0x0000000083f00000|100%| O|  |TAMS 0x0000000083e00000| PB 0x0000000083e00000| Untracked |  0
|  63|0x0000000083f00000, 0x0000000084000000, 0x0000000084000000|100%| O|  |TAMS 0x0000000083f00000| PB 0x0000000083f00000| Untracked |  0
|  64|0x0000000084000000, 0x0000000084100000, 0x0000000084100000|100%| O|  |TAMS 0x0000000084000000| PB 0x0000000084000000| Untracked |  0
|  65|0x0000000084100000, 0x0000000084200000, 0x0000000084200000|100%| O|  |TAMS 0x0000000084100000| PB 0x0000000084100000| Untracked |  0
|  66|0x0000000084200000, 0x0000000084300000, 0x0000000084300000|100%| O|  |TAMS 0x0000000084200000| PB 0x0000000084200000| Untracked |  0
|  67|0x0000000084300000, 0x0000000084400000, 0x0000000084400000|100%| O|  |TAMS 0x0000000084300000| PB 0x0000000084300000| Untracked |  0
|  68|0x0000000084400000, 0x0000000084500000, 0x0000000084500000|100%| O|  |TAMS 0x0000000084400000| PB 0x0000000084400000| Untracked |  0
|  69|0x0000000084500000, 0x0000000084600000, 0x0000000084600000|100%| O|  |TAMS 0x0000000084500000| PB 0x0000000084500000| Untracked |  0
|  70|0x0000000084600000, 0x0000000084700000, 0x0000000084700000|100%|HS|  |TAMS 0x0000000084600000| PB 0x0000000084600000| Complete |  0
|  71|0x0000000084700000, 0x0000000084800000, 0x0000000084800000|100%| O|  |TAMS 0x0000000084700000| PB 0x0000000084700000| Untracked |  0
|  72|0x0000000084800000, 0x0000000084900000, 0x0000000084900000|100%| O|  |TAMS 0x0000000084800000| PB 0x0000000084800000| Untracked |  0
|  73|0x0000000084900000, 0x0000000084a00000, 0x0000000084a00000|100%| O|  |TAMS 0x0000000084900000| PB 0x0000000084900000| Untracked |  0
|  74|0x0000000084a00000, 0x0000000084b00000, 0x0000000084b00000|100%| O|  |TAMS 0x0000000084a00000| PB 0x0000000084a00000| Untracked |  0
|  75|0x0000000084b00000, 0x0000000084c00000, 0x0000000084c00000|100%| O|  |TAMS 0x0000000084b00000| PB 0x0000000084b00000| Untracked |  0
|  76|0x0000000084c00000, 0x0000000084d00000, 0x0000000084d00000|100%| O|  |TAMS 0x0000000084c00000| PB 0x0000000084c00000| Untracked |  0
|  77|0x0000000084d00000, 0x0000000084e00000, 0x0000000084e00000|100%| O|  |TAMS 0x0000000084d00000| PB 0x0000000084d00000| Untracked |  0
|  78|0x0000000084e00000, 0x0000000084f00000, 0x0000000084f00000|100%| O|  |TAMS 0x0000000084e00000| PB 0x0000000084e00000| Untracked |  0
|  79|0x0000000084f00000, 0x0000000085000000, 0x0000000085000000|100%| O|  |TAMS 0x0000000084f00000| PB 0x0000000084f00000| Untracked |  0
|  80|0x0000000085000000, 0x0000000085100000, 0x0000000085100000|100%| O|  |TAMS 0x0000000085000000| PB 0x0000000085000000| Untracked |  0
|  81|0x0000000085100000, 0x0000000085200000, 0x0000000085200000|100%| O|  |TAMS 0x0000000085100000| PB 0x0000000085100000| Untracked |  0
|  82|0x0000000085200000, 0x0000000085300000, 0x0000000085300000|100%| O|  |TAMS 0x0000000085200000| PB 0x0000000085200000| Untracked |  0
|  83|0x0000000085300000, 0x0000000085400000, 0x0000000085400000|100%| O|  |TAMS 0x0000000085300000| PB 0x0000000085300000| Untracked |  0
|  84|0x0000000085400000, 0x0000000085500000, 0x0000000085500000|100%| O|  |TAMS 0x0000000085400000| PB 0x0000000085400000| Untracked |  0
|  85|0x0000000085500000, 0x0000000085600000, 0x0000000085600000|100%| O|  |TAMS 0x0000000085500000| PB 0x0000000085500000| Untracked |  0
|  86|0x0000000085600000, 0x0000000085700000, 0x0000000085700000|100%| O|  |TAMS 0x0000000085600000| PB 0x0000000085600000| Untracked |  0
|  87|0x0000000085700000, 0x0000000085800000, 0x0000000085800000|100%| O|  |TAMS 0x0000000085700000| PB 0x0000000085700000| Untracked |  0
|  88|0x0000000085800000, 0x0000000085900000, 0x0000000085900000|100%| O|  |TAMS 0x0000000085800000| PB 0x0000000085800000| Untracked |  0
|  89|0x0000000085900000, 0x0000000085a00000, 0x0000000085a00000|100%| O|  |TAMS 0x0000000085900000| PB 0x0000000085900000| Untracked |  0
|  90|0x0000000085a00000, 0x0000000085b00000, 0x0000000085b00000|100%| O|  |TAMS 0x0000000085a00000| PB 0x0000000085a00000| Untracked |  0
|  91|0x0000000085b00000, 0x0000000085c00000, 0x0000000085c00000|100%| O|  |TAMS 0x0000000085b00000| PB 0x0000000085b00000| Untracked |  0
|  92|0x0000000085c00000, 0x0000000085d00000, 0x0000000085d00000|100%| O|  |TAMS 0x0000000085c00000| PB 0x0000000085c00000| Untracked |  0
|  93|0x0000000085d00000, 0x0000000085e00000, 0x0000000085e00000|100%| O|  |TAMS 0x0000000085d00000| PB 0x0000000085d00000| Untracked |  0
|  94|0x0000000085e00000, 0x0000000085f00000, 0x0000000085f00000|100%| O|  |TAMS 0x0000000085e00000| PB 0x0000000085e00000| Untracked |  0
|  95|0x0000000085f00000, 0x0000000086000000, 0x0000000086000000|100%| O|  |TAMS 0x0000000085f00000| PB 0x0000000085f00000| Untracked |  0
|  96|0x0000000086000000, 0x0000000086100000, 0x0000000086100000|100%| O|  |TAMS 0x0000000086000000| PB 0x0000000086000000| Untracked |  0
|  97|0x0000000086100000, 0x0000000086200000, 0x0000000086200000|100%| O|  |TAMS 0x0000000086100000| PB 0x0000000086100000| Untracked |  0
|  98|0x0000000086200000, 0x0000000086300000, 0x0000000086300000|100%| O|  |TAMS 0x0000000086200000| PB 0x0000000086200000| Untracked |  0
|  99|0x0000000086300000, 0x0000000086400000, 0x0000000086400000|100%| O|  |TAMS 0x0000000086300000| PB 0x0000000086300000| Untracked |  0
| 100|0x0000000086400000, 0x0000000086500000, 0x0000000086500000|100%| O|  |TAMS 0x0000000086400000| PB 0x0000000086400000| Untracked |  0
| 101|0x0000000086500000, 0x0000000086600000, 0x0000000086600000|100%| O|  |TAMS 0x0000000086500000| PB 0x0000000086500000| Untracked |  0
| 102|0x0000000086600000, 0x0000000086700000, 0x0000000086700000|100%| O|  |TAMS 0x0000000086600000| PB 0x0000000086600000| Untracked |  0
| 103|0x0000000086700000, 0x0000000086800000, 0x0000000086800000|100%| O|  |TAMS 0x0000000086700000| PB 0x0000000086700000| Untracked |  0
| 104|0x0000000086800000, 0x0000000086900000, 0x0000000086900000|100%| O|  |TAMS 0x0000000086800000| PB 0x0000000086800000| Untracked |  0
| 105|0x0000000086900000, 0x0000000086a00000, 0x0000000086a00000|100%| O|Cm|TAMS 0x0000000086900000| PB 0x0000000086900000| Complete |  0
| 106|0x0000000086a00000, 0x0000000086b00000, 0x0000000086b00000|100%| O|  |TAMS 0x0000000086a00000| PB 0x0000000086a00000| Untracked |  0
| 107|0x0000000086b00000, 0x0000000086c00000, 0x0000000086c00000|100%| O|  |TAMS 0x0000000086b00000| PB 0x0000000086b00000| Untracked |  0
| 108|0x0000000086c00000, 0x0000000086d00000, 0x0000000086d00000|100%| O|  |TAMS 0x0000000086c00000| PB 0x0000000086c00000| Untracked |  0
| 109|0x0000000086d00000, 0x0000000086e00000, 0x0000000086e00000|100%| O|  |TAMS 0x0000000086d00000| PB 0x0000000086d00000| Untracked |  0
| 110|0x0000000086e00000, 0x0000000086f00000, 0x0000000086f00000|100%| O|  |TAMS 0x0000000086e00000| PB 0x0000000086e00000| Untracked |  0
| 111|0x0000000086f00000, 0x0000000087000000, 0x0000000087000000|100%| O|  |TAMS 0x0000000086f00000| PB 0x0000000086f00000| Untracked |  0
| 112|0x0000000087000000, 0x0000000087100000, 0x0000000087100000|100%| O|  |TAMS 0x0000000087000000| PB 0x0000000087000000| Untracked |  0
| 113|0x0000000087100000, 0x0000000087200000, 0x0000000087200000|100%| O|  |TAMS 0x0000000087100000| PB 0x0000000087100000| Untracked |  0
| 114|0x0000000087200000, 0x0000000087300000, 0x0000000087300000|100%| O|  |TAMS 0x0000000087200000| PB 0x0000000087200000| Untracked |  0
| 115|0x0000000087300000, 0x0000000087400000, 0x0000000087400000|100%| O|  |TAMS 0x0000000087300000| PB 0x0000000087300000| Untracked |  0
| 116|0x0000000087400000, 0x0000000087500000, 0x0000000087500000|100%| O|  |TAMS 0x0000000087400000| PB 0x0000000087400000| Untracked |  0
| 117|0x0000000087500000, 0x0000000087600000, 0x0000000087600000|100%| O|  |TAMS 0x0000000087500000| PB 0x0000000087500000| Untracked |  0
| 118|0x0000000087600000, 0x0000000087700000, 0x0000000087700000|100%| O|  |TAMS 0x0000000087600000| PB 0x0000000087600000| Untracked |  0
| 119|0x0000000087700000, 0x0000000087800000, 0x0000000087800000|100%| O|  |TAMS 0x0000000087700000| PB 0x0000000087700000| Untracked |  0
| 120|0x0000000087800000, 0x0000000087900000, 0x0000000087900000|100%| O|  |TAMS 0x0000000087800000| PB 0x0000000087800000| Untracked |  0
| 121|0x0000000087900000, 0x0000000087a00000, 0x0000000087a00000|100%| O|  |TAMS 0x0000000087900000| PB 0x0000000087900000| Untracked |  0
| 122|0x0000000087a00000, 0x0000000087b00000, 0x0000000087b00000|100%| O|  |TAMS 0x0000000087a00000| PB 0x0000000087a00000| Untracked |  0
| 123|0x0000000087b00000, 0x0000000087c00000, 0x0000000087c00000|100%| O|  |TAMS 0x0000000087b00000| PB 0x0000000087b00000| Untracked |  0
| 124|0x0000000087c00000, 0x0000000087d00000, 0x0000000087d00000|100%| O|  |TAMS 0x0000000087c00000| PB 0x0000000087c00000| Untracked |  0
| 125|0x0000000087d00000, 0x0000000087e00000, 0x0000000087e00000|100%| O|  |TAMS 0x0000000087d00000| PB 0x0000000087d00000| Untracked |  0
| 126|0x0000000087e00000, 0x0000000087f00000, 0x0000000087f00000|100%| O|  |TAMS 0x0000000087e00000| PB 0x0000000087e00000| Untracked |  0
| 127|0x0000000087f00000, 0x0000000088000000, 0x0000000088000000|100%| O|  |TAMS 0x0000000087f00000| PB 0x0000000087f00000| Untracked |  0
| 128|0x0000000088000000, 0x0000000088100000, 0x0000000088100000|100%| O|Cm|TAMS 0x0000000088000000| PB 0x0000000088000000| Complete |  0
| 129|0x0000000088100000, 0x0000000088200000, 0x0000000088200000|100%| O|  |TAMS 0x0000000088100000| PB 0x0000000088100000| Untracked |  0
| 130|0x0000000088200000, 0x0000000088300000, 0x0000000088300000|100%| O|  |TAMS 0x0000000088200000| PB 0x0000000088200000| Untracked |  0
| 131|0x0000000088300000, 0x0000000088400000, 0x0000000088400000|100%| O|  |TAMS 0x0000000088300000| PB 0x0000000088300000| Untracked |  0
| 132|0x0000000088400000, 0x0000000088500000, 0x0000000088500000|100%| O|  |TAMS 0x0000000088400000| PB 0x0000000088400000| Untracked |  0
| 133|0x0000000088500000, 0x0000000088600000, 0x0000000088600000|100%| O|  |TAMS 0x0000000088500000| PB 0x0000000088500000| Untracked |  0
| 134|0x0000000088600000, 0x0000000088700000, 0x0000000088700000|100%| O|  |TAMS 0x0000000088600000| PB 0x0000000088600000| Untracked |  0
| 135|0x0000000088700000, 0x0000000088800000, 0x0000000088800000|100%| O|  |TAMS 0x0000000088700000| PB 0x0000000088700000| Untracked |  0
| 136|0x0000000088800000, 0x0000000088900000, 0x0000000088900000|100%|HS|  |TAMS 0x0000000088800000| PB 0x0000000088800000| Complete |  0
| 137|0x0000000088900000, 0x0000000088a00000, 0x0000000088a00000|100%| O|  |TAMS 0x0000000088900000| PB 0x0000000088900000| Untracked |  0
| 138|0x0000000088a00000, 0x0000000088b00000, 0x0000000088b00000|100%| O|  |TAMS 0x0000000088a00000| PB 0x0000000088a00000| Untracked |  0
| 139|0x0000000088b00000, 0x0000000088c00000, 0x0000000088c00000|100%| O|  |TAMS 0x0000000088b00000| PB 0x0000000088b00000| Untracked |  0
| 140|0x0000000088c00000, 0x0000000088d00000, 0x0000000088d00000|100%| O|  |TAMS 0x0000000088c00000| PB 0x0000000088c00000| Untracked |  0
| 141|0x0000000088d00000, 0x0000000088e00000, 0x0000000088e00000|100%| O|  |TAMS 0x0000000088d00000| PB 0x0000000088d00000| Untracked |  0
| 142|0x0000000088e00000, 0x0000000088f00000, 0x0000000088f00000|100%|HS|  |TAMS 0x0000000088e00000| PB 0x0000000088e00000| Complete |  0
| 143|0x0000000088f00000, 0x0000000089000000, 0x0000000089000000|100%|HS|  |TAMS 0x0000000088f00000| PB 0x0000000088f00000| Complete |  0
| 144|0x0000000089000000, 0x0000000089100000, 0x0000000089100000|100%|HC|  |TAMS 0x0000000089000000| PB 0x0000000089000000| Complete |  0
| 145|0x0000000089100000, 0x0000000089200000, 0x0000000089200000|100%| O|  |TAMS 0x0000000089100000| PB 0x0000000089100000| Untracked |  0
| 146|0x0000000089200000, 0x0000000089300000, 0x0000000089300000|100%| O|  |TAMS 0x0000000089200000| PB 0x0000000089200000| Untracked |  0
| 147|0x0000000089300000, 0x0000000089400000, 0x0000000089400000|100%| O|  |TAMS 0x0000000089300000| PB 0x0000000089300000| Untracked |  0
| 148|0x0000000089400000, 0x0000000089500000, 0x0000000089500000|100%| O|  |TAMS 0x0000000089400000| PB 0x0000000089400000| Untracked |  0
| 149|0x0000000089500000, 0x0000000089600000, 0x0000000089600000|100%| O|  |TAMS 0x0000000089500000| PB 0x0000000089500000| Untracked |  0
| 150|0x0000000089600000, 0x0000000089700000, 0x0000000089700000|100%| O|  |TAMS 0x0000000089600000| PB 0x0000000089600000| Untracked |  0
| 151|0x0000000089700000, 0x0000000089800000, 0x0000000089800000|100%| O|  |TAMS 0x0000000089700000| PB 0x0000000089700000| Untracked |  0
| 152|0x0000000089800000, 0x0000000089900000, 0x0000000089900000|100%| O|  |TAMS 0x0000000089800000| PB 0x0000000089800000| Untracked |  0
| 153|0x0000000089900000, 0x0000000089a00000, 0x0000000089a00000|100%| O|  |TAMS 0x0000000089900000| PB 0x0000000089900000| Untracked |  0
| 154|0x0000000089a00000, 0x0000000089b00000, 0x0000000089b00000|100%| O|  |TAMS 0x0000000089a00000| PB 0x0000000089a00000| Untracked |  0
| 155|0x0000000089b00000, 0x0000000089c00000, 0x0000000089c00000|100%| O|  |TAMS 0x0000000089b00000| PB 0x0000000089b00000| Untracked |  0
| 156|0x0000000089c00000, 0x0000000089d00000, 0x0000000089d00000|100%| O|  |TAMS 0x0000000089c00000| PB 0x0000000089c00000| Untracked |  0
| 157|0x0000000089d00000, 0x0000000089e00000, 0x0000000089e00000|100%| O|  |TAMS 0x0000000089d00000| PB 0x0000000089d00000| Untracked |  0
| 158|0x0000000089e00000, 0x0000000089f00000, 0x0000000089f00000|100%|HS|  |TAMS 0x0000000089e00000| PB 0x0000000089e00000| Complete |  0
| 159|0x0000000089f00000, 0x000000008a000000, 0x000000008a000000|100%| O|  |TAMS 0x0000000089f00000| PB 0x0000000089f00000| Untracked |  0
| 160|0x000000008a000000, 0x000000008a100000, 0x000000008a100000|100%| O|  |TAMS 0x000000008a000000| PB 0x000000008a000000| Untracked |  0
| 161|0x000000008a100000, 0x000000008a200000, 0x000000008a200000|100%| O|  |TAMS 0x000000008a100000| PB 0x000000008a100000| Untracked |  0
| 162|0x000000008a200000, 0x000000008a300000, 0x000000008a300000|100%| O|  |TAMS 0x000000008a200000| PB 0x000000008a200000| Untracked |  0
| 163|0x000000008a300000, 0x000000008a400000, 0x000000008a400000|100%| O|  |TAMS 0x000000008a300000| PB 0x000000008a300000| Untracked |  0
| 164|0x000000008a400000, 0x000000008a500000, 0x000000008a500000|100%| O|  |TAMS 0x000000008a400000| PB 0x000000008a400000| Untracked |  0
| 165|0x000000008a500000, 0x000000008a600000, 0x000000008a600000|100%| O|  |TAMS 0x000000008a500000| PB 0x000000008a500000| Untracked |  0
| 166|0x000000008a600000, 0x000000008a700000, 0x000000008a700000|100%| O|  |TAMS 0x000000008a600000| PB 0x000000008a600000| Untracked |  0
| 167|0x000000008a700000, 0x000000008a800000, 0x000000008a800000|100%| O|  |TAMS 0x000000008a700000| PB 0x000000008a700000| Untracked |  0
| 168|0x000000008a800000, 0x000000008a900000, 0x000000008a900000|100%| O|  |TAMS 0x000000008a800000| PB 0x000000008a800000| Untracked |  0
| 169|0x000000008a900000, 0x000000008aa00000, 0x000000008aa00000|100%|HS|  |TAMS 0x000000008a900000| PB 0x000000008a900000| Complete |  0
| 170|0x000000008aa00000, 0x000000008ab00000, 0x000000008ab00000|100%| O|  |TAMS 0x000000008aa00000| PB 0x000000008aa00000| Untracked |  0
| 171|0x000000008ab00000, 0x000000008ac00000, 0x000000008ac00000|100%|HS|  |TAMS 0x000000008ab00000| PB 0x000000008ab00000| Complete |  0
| 172|0x000000008ac00000, 0x000000008ad00000, 0x000000008ad00000|100%|HS|  |TAMS 0x000000008ac00000| PB 0x000000008ac00000| Complete |  0
| 173|0x000000008ad00000, 0x000000008ae00000, 0x000000008ae00000|100%|HC|  |TAMS 0x000000008ad00000| PB 0x000000008ad00000| Complete |  0
| 174|0x000000008ae00000, 0x000000008af00000, 0x000000008af00000|100%|HC|  |TAMS 0x000000008ae00000| PB 0x000000008ae00000| Complete |  0
| 175|0x000000008af00000, 0x000000008b000000, 0x000000008b000000|100%| O|  |TAMS 0x000000008af00000| PB 0x000000008af00000| Untracked |  0
| 176|0x000000008b000000, 0x000000008b100000, 0x000000008b100000|100%| O|  |TAMS 0x000000008b000000| PB 0x000000008b000000| Untracked |  0
| 177|0x000000008b100000, 0x000000008b200000, 0x000000008b200000|100%| O|  |TAMS 0x000000008b100000| PB 0x000000008b100000| Untracked |  0
| 178|0x000000008b200000, 0x000000008b300000, 0x000000008b300000|100%| O|  |TAMS 0x000000008b200000| PB 0x000000008b200000| Untracked |  0
| 179|0x000000008b300000, 0x000000008b400000, 0x000000008b400000|100%| O|  |TAMS 0x000000008b300000| PB 0x000000008b300000| Untracked |  0
| 180|0x000000008b400000, 0x000000008b500000, 0x000000008b500000|100%| O|  |TAMS 0x000000008b400000| PB 0x000000008b400000| Untracked |  0
| 181|0x000000008b500000, 0x000000008b600000, 0x000000008b600000|100%| O|  |TAMS 0x000000008b500000| PB 0x000000008b500000| Untracked |  0
| 182|0x000000008b600000, 0x000000008b700000, 0x000000008b700000|100%| O|  |TAMS 0x000000008b600000| PB 0x000000008b600000| Untracked |  0
| 183|0x000000008b700000, 0x000000008b800000, 0x000000008b800000|100%|HS|  |TAMS 0x000000008b700000| PB 0x000000008b700000| Complete |  0
| 184|0x000000008b800000, 0x000000008b900000, 0x000000008b900000|100%|HS|  |TAMS 0x000000008b800000| PB 0x000000008b800000| Complete |  0
| 185|0x000000008b900000, 0x000000008ba00000, 0x000000008ba00000|100%|HS|  |TAMS 0x000000008b900000| PB 0x000000008b900000| Complete |  0
| 186|0x000000008ba00000, 0x000000008bb00000, 0x000000008bb00000|100%|HS|  |TAMS 0x000000008ba00000| PB 0x000000008ba00000| Complete |  0
| 187|0x000000008bb00000, 0x000000008bc00000, 0x000000008bc00000|100%|HC|  |TAMS 0x000000008bb00000| PB 0x000000008bb00000| Complete |  0
| 188|0x000000008bc00000, 0x000000008bd00000, 0x000000008bd00000|100%|HS|  |TAMS 0x000000008bc00000| PB 0x000000008bc00000| Complete |  0
| 189|0x000000008bd00000, 0x000000008be00000, 0x000000008be00000|100%|HS|  |TAMS 0x000000008bd00000| PB 0x000000008bd00000| Complete |  0
| 190|0x000000008be00000, 0x000000008bf00000, 0x000000008bf00000|100%|HS|  |TAMS 0x000000008be00000| PB 0x000000008be00000| Complete |  0
| 191|0x000000008bf00000, 0x000000008c000000, 0x000000008c000000|100%| O|  |TAMS 0x000000008bf00000| PB 0x000000008bf00000| Untracked |  0
| 192|0x000000008c000000, 0x000000008c100000, 0x000000008c100000|100%|HS|  |TAMS 0x000000008c000000| PB 0x000000008c000000| Complete |  0
| 193|0x000000008c100000, 0x000000008c200000, 0x000000008c200000|100%|HS|  |TAMS 0x000000008c100000| PB 0x000000008c100000| Complete |  0
| 194|0x000000008c200000, 0x000000008c300000, 0x000000008c300000|100%| O|  |TAMS 0x000000008c200000| PB 0x000000008c200000| Untracked |  0
| 195|0x000000008c300000, 0x000000008c400000, 0x000000008c400000|100%| O|  |TAMS 0x000000008c300000| PB 0x000000008c300000| Untracked |  0
| 196|0x000000008c400000, 0x000000008c500000, 0x000000008c500000|100%| O|  |TAMS 0x000000008c400000| PB 0x000000008c400000| Untracked |  0
| 197|0x000000008c500000, 0x000000008c600000, 0x000000008c600000|100%| O|  |TAMS 0x000000008c500000| PB 0x000000008c500000| Untracked |  0
| 198|0x000000008c600000, 0x000000008c700000, 0x000000008c700000|100%| O|  |TAMS 0x000000008c600000| PB 0x000000008c600000| Untracked |  0
| 199|0x000000008c700000, 0x000000008c800000, 0x000000008c800000|100%| O|  |TAMS 0x000000008c700000| PB 0x000000008c700000| Untracked |  0
| 200|0x000000008c800000, 0x000000008c900000, 0x000000008c900000|100%| O|  |TAMS 0x000000008c800000| PB 0x000000008c800000| Untracked |  0
| 201|0x000000008c900000, 0x000000008ca00000, 0x000000008ca00000|100%| O|  |TAMS 0x000000008c900000| PB 0x000000008c900000| Untracked |  0
| 202|0x000000008ca00000, 0x000000008cb00000, 0x000000008cb00000|100%| O|  |TAMS 0x000000008ca00000| PB 0x000000008ca00000| Untracked |  0
| 203|0x000000008cb00000, 0x000000008cc00000, 0x000000008cc00000|100%| O|  |TAMS 0x000000008cb00000| PB 0x000000008cb00000| Untracked |  0
| 204|0x000000008cc00000, 0x000000008cd00000, 0x000000008cd00000|100%| O|  |TAMS 0x000000008cc00000| PB 0x000000008cc00000| Untracked |  0
| 205|0x000000008cd00000, 0x000000008ce00000, 0x000000008ce00000|100%| O|  |TAMS 0x000000008cd00000| PB 0x000000008cd00000| Untracked |  0
| 206|0x000000008ce00000, 0x000000008cf00000, 0x000000008cf00000|100%| O|  |TAMS 0x000000008ce00000| PB 0x000000008ce00000| Untracked |  0
| 207|0x000000008cf00000, 0x000000008d000000, 0x000000008d000000|100%| O|  |TAMS 0x000000008cf00000| PB 0x000000008cf00000| Untracked |  0
| 208|0x000000008d000000, 0x000000008d100000, 0x000000008d100000|100%| O|  |TAMS 0x000000008d000000| PB 0x000000008d000000| Untracked |  0
| 209|0x000000008d100000, 0x000000008d200000, 0x000000008d200000|100%| O|  |TAMS 0x000000008d100000| PB 0x000000008d100000| Untracked |  0
| 210|0x000000008d200000, 0x000000008d300000, 0x000000008d300000|100%| O|  |TAMS 0x000000008d200000| PB 0x000000008d200000| Untracked |  0
| 211|0x000000008d300000, 0x000000008d400000, 0x000000008d400000|100%| O|  |TAMS 0x000000008d300000| PB 0x000000008d300000| Untracked |  0
| 212|0x000000008d400000, 0x000000008d500000, 0x000000008d500000|100%| O|  |TAMS 0x000000008d400000| PB 0x000000008d400000| Untracked |  0
| 213|0x000000008d500000, 0x000000008d600000, 0x000000008d600000|100%| O|  |TAMS 0x000000008d500000| PB 0x000000008d500000| Untracked |  0
| 214|0x000000008d600000, 0x000000008d700000, 0x000000008d700000|100%| O|  |TAMS 0x000000008d600000| PB 0x000000008d600000| Untracked |  0
| 215|0x000000008d700000, 0x000000008d800000, 0x000000008d800000|100%| O|  |TAMS 0x000000008d700000| PB 0x000000008d700000| Untracked |  0
| 216|0x000000008d800000, 0x000000008d900000, 0x000000008d900000|100%| O|  |TAMS 0x000000008d800000| PB 0x000000008d800000| Untracked |  0
| 217|0x000000008d900000, 0x000000008da00000, 0x000000008da00000|100%|HS|  |TAMS 0x000000008d900000| PB 0x000000008d900000| Complete |  0
| 218|0x000000008da00000, 0x000000008db00000, 0x000000008db00000|100%| O|  |TAMS 0x000000008da00000| PB 0x000000008da00000| Untracked |  0
| 219|0x000000008db00000, 0x000000008dc00000, 0x000000008dc00000|100%| O|  |TAMS 0x000000008db00000| PB 0x000000008db00000| Untracked |  0
| 220|0x000000008dc00000, 0x000000008dd00000, 0x000000008dd00000|100%| O|  |TAMS 0x000000008dc00000| PB 0x000000008dc00000| Untracked |  0
| 221|0x000000008dd00000, 0x000000008de00000, 0x000000008de00000|100%|HS|  |TAMS 0x000000008dd00000| PB 0x000000008dd00000| Complete |  0
| 222|0x000000008de00000, 0x000000008df00000, 0x000000008df00000|100%|HC|  |TAMS 0x000000008de00000| PB 0x000000008de00000| Complete |  0
| 223|0x000000008df00000, 0x000000008e000000, 0x000000008e000000|100%| O|  |TAMS 0x000000008df00000| PB 0x000000008df00000| Untracked |  0
| 224|0x000000008e000000, 0x000000008e100000, 0x000000008e100000|100%|HS|  |TAMS 0x000000008e000000| PB 0x000000008e000000| Complete |  0
| 225|0x000000008e100000, 0x000000008e200000, 0x000000008e200000|100%|HC|  |TAMS 0x000000008e100000| PB 0x000000008e100000| Complete |  0
| 226|0x000000008e200000, 0x000000008e300000, 0x000000008e300000|100%| O|  |TAMS 0x000000008e200000| PB 0x000000008e200000| Untracked |  0
| 227|0x000000008e300000, 0x000000008e400000, 0x000000008e400000|100%| O|  |TAMS 0x000000008e300000| PB 0x000000008e300000| Untracked |  0
| 228|0x000000008e400000, 0x000000008e500000, 0x000000008e500000|100%| O|  |TAMS 0x000000008e400000| PB 0x000000008e400000| Untracked |  0
| 229|0x000000008e500000, 0x000000008e600000, 0x000000008e600000|100%|HS|  |TAMS 0x000000008e500000| PB 0x000000008e500000| Complete |  0
| 230|0x000000008e600000, 0x000000008e700000, 0x000000008e700000|100%|HS|  |TAMS 0x000000008e600000| PB 0x000000008e600000| Complete |  0
| 231|0x000000008e700000, 0x000000008e800000, 0x000000008e800000|100%|HS|  |TAMS 0x000000008e700000| PB 0x000000008e700000| Complete |  0
| 232|0x000000008e800000, 0x000000008e900000, 0x000000008e900000|100%| O|  |TAMS 0x000000008e800000| PB 0x000000008e800000| Untracked |  0
| 233|0x000000008e900000, 0x000000008ea00000, 0x000000008ea00000|100%| O|  |TAMS 0x000000008e900000| PB 0x000000008e900000| Untracked |  0
| 234|0x000000008ea00000, 0x000000008eb00000, 0x000000008eb00000|100%| O|  |TAMS 0x000000008ea00000| PB 0x000000008ea00000| Untracked |  0
| 235|0x000000008eb00000, 0x000000008ec00000, 0x000000008ec00000|100%| O|  |TAMS 0x000000008eb00000| PB 0x000000008eb00000| Untracked |  0
| 236|0x000000008ec00000, 0x000000008ed00000, 0x000000008ed00000|100%| O|  |TAMS 0x000000008ec00000| PB 0x000000008ec00000| Untracked |  0
| 237|0x000000008ed00000, 0x000000008ee00000, 0x000000008ee00000|100%|HS|  |TAMS 0x000000008ed00000| PB 0x000000008ed00000| Complete |  0
| 238|0x000000008ee00000, 0x000000008ef00000, 0x000000008ef00000|100%|HC|  |TAMS 0x000000008ee00000| PB 0x000000008ee00000| Complete |  0
| 239|0x000000008ef00000, 0x000000008f000000, 0x000000008f000000|100%|HC|  |TAMS 0x000000008ef00000| PB 0x000000008ef00000| Complete |  0
| 240|0x000000008f000000, 0x000000008f100000, 0x000000008f100000|100%| O|  |TAMS 0x000000008f000000| PB 0x000000008f000000| Untracked |  0
| 241|0x000000008f100000, 0x000000008f200000, 0x000000008f200000|100%|HS|  |TAMS 0x000000008f100000| PB 0x000000008f100000| Complete |  0
| 242|0x000000008f200000, 0x000000008f300000, 0x000000008f300000|100%| O|  |TAMS 0x000000008f200000| PB 0x000000008f200000| Untracked |  0
| 243|0x000000008f300000, 0x000000008f400000, 0x000000008f400000|100%| O|  |TAMS 0x000000008f300000| PB 0x000000008f300000| Untracked |  0
| 244|0x000000008f400000, 0x000000008f500000, 0x000000008f500000|100%| O|  |TAMS 0x000000008f400000| PB 0x000000008f400000| Untracked |  0
| 245|0x000000008f500000, 0x000000008f600000, 0x000000008f600000|100%| O|  |TAMS 0x000000008f500000| PB 0x000000008f500000| Untracked |  0
| 246|0x000000008f600000, 0x000000008f700000, 0x000000008f700000|100%| O|Cm|TAMS 0x000000008f600000| PB 0x000000008f600000| Complete |  0
| 247|0x000000008f700000, 0x000000008f800000, 0x000000008f800000|100%| O|  |TAMS 0x000000008f700000| PB 0x000000008f700000| Untracked |  0
| 248|0x000000008f800000, 0x000000008f900000, 0x000000008f900000|100%| O|  |TAMS 0x000000008f800000| PB 0x000000008f800000| Untracked |  0
| 249|0x000000008f900000, 0x000000008fa00000, 0x000000008fa00000|100%| O|  |TAMS 0x000000008f900000| PB 0x000000008f900000| Untracked |  0
| 250|0x000000008fa00000, 0x000000008fb00000, 0x000000008fb00000|100%| O|  |TAMS 0x000000008fa00000| PB 0x000000008fa00000| Untracked |  0
| 251|0x000000008fb00000, 0x000000008fc00000, 0x000000008fc00000|100%| O|  |TAMS 0x000000008fb00000| PB 0x000000008fb00000| Untracked |  0
| 252|0x000000008fc00000, 0x000000008fd00000, 0x000000008fd00000|100%| O|  |TAMS 0x000000008fc00000| PB 0x000000008fc00000| Untracked |  0
| 253|0x000000008fd00000, 0x000000008fe00000, 0x000000008fe00000|100%| O|  |TAMS 0x000000008fd00000| PB 0x000000008fd00000| Untracked |  0
| 254|0x000000008fe00000, 0x000000008ff00000, 0x000000008ff00000|100%|HS|  |TAMS 0x000000008fe00000| PB 0x000000008fe00000| Complete |  0
| 255|0x000000008ff00000, 0x0000000090000000, 0x0000000090000000|100%| O|  |TAMS 0x000000008ff00000| PB 0x000000008ff00000| Untracked |  0
| 256|0x0000000090000000, 0x0000000090100000, 0x0000000090100000|100%| O|  |TAMS 0x0000000090000000| PB 0x0000000090000000| Untracked |  0
| 257|0x0000000090100000, 0x0000000090200000, 0x0000000090200000|100%| O|  |TAMS 0x0000000090100000| PB 0x0000000090100000| Untracked |  0
| 258|0x0000000090200000, 0x0000000090300000, 0x0000000090300000|100%| O|  |TAMS 0x0000000090200000| PB 0x0000000090200000| Untracked |  0
| 259|0x0000000090300000, 0x0000000090400000, 0x0000000090400000|100%| O|  |TAMS 0x0000000090300000| PB 0x0000000090300000| Untracked |  0
| 260|0x0000000090400000, 0x0000000090500000, 0x0000000090500000|100%| O|  |TAMS 0x0000000090400000| PB 0x0000000090400000| Untracked |  0
| 261|0x0000000090500000, 0x0000000090600000, 0x0000000090600000|100%|HS|  |TAMS 0x0000000090500000| PB 0x0000000090500000| Complete |  0
| 262|0x0000000090600000, 0x0000000090700000, 0x0000000090700000|100%|HC|  |TAMS 0x0000000090600000| PB 0x0000000090600000| Complete |  0
| 263|0x0000000090700000, 0x0000000090800000, 0x0000000090800000|100%|HC|  |TAMS 0x0000000090700000| PB 0x0000000090700000| Complete |  0
| 264|0x0000000090800000, 0x0000000090900000, 0x0000000090900000|100%|HC|  |TAMS 0x0000000090800000| PB 0x0000000090800000| Complete |  0
| 265|0x0000000090900000, 0x0000000090a00000, 0x0000000090a00000|100%|HC|  |TAMS 0x0000000090900000| PB 0x0000000090900000| Complete |  0
| 266|0x0000000090a00000, 0x0000000090b00000, 0x0000000090b00000|100%|HC|  |TAMS 0x0000000090a00000| PB 0x0000000090a00000| Complete |  0
| 267|0x0000000090b00000, 0x0000000090c00000, 0x0000000090c00000|100%|HC|  |TAMS 0x0000000090b00000| PB 0x0000000090b00000| Complete |  0
| 268|0x0000000090c00000, 0x0000000090d00000, 0x0000000090d00000|100%| O|  |TAMS 0x0000000090c00000| PB 0x0000000090c00000| Untracked |  0
| 269|0x0000000090d00000, 0x0000000090e00000, 0x0000000090e00000|100%| O|  |TAMS 0x0000000090d00000| PB 0x0000000090d00000| Untracked |  0
| 270|0x0000000090e00000, 0x0000000090f00000, 0x0000000090f00000|100%| O|  |TAMS 0x0000000090e00000| PB 0x0000000090e00000| Untracked |  0
| 271|0x0000000090f00000, 0x0000000091000000, 0x0000000091000000|100%| O|  |TAMS 0x0000000090f00000| PB 0x0000000090f00000| Untracked |  0
| 272|0x0000000091000000, 0x0000000091100000, 0x0000000091100000|100%| O|  |TAMS 0x0000000091000000| PB 0x0000000091000000| Untracked |  0
| 273|0x0000000091100000, 0x0000000091200000, 0x0000000091200000|100%| O|  |TAMS 0x0000000091100000| PB 0x0000000091100000| Untracked |  0
| 274|0x0000000091200000, 0x0000000091300000, 0x0000000091300000|100%| O|  |TAMS 0x0000000091200000| PB 0x0000000091200000| Untracked |  0
| 275|0x0000000091300000, 0x0000000091400000, 0x0000000091400000|100%| O|  |TAMS 0x0000000091300000| PB 0x0000000091300000| Untracked |  0
| 276|0x0000000091400000, 0x0000000091500000, 0x0000000091500000|100%| O|  |TAMS 0x0000000091400000| PB 0x0000000091400000| Untracked |  0
| 277|0x0000000091500000, 0x0000000091600000, 0x0000000091600000|100%| O|  |TAMS 0x0000000091500000| PB 0x0000000091500000| Untracked |  0
| 278|0x0000000091600000, 0x0000000091700000, 0x0000000091700000|100%| O|  |TAMS 0x0000000091600000| PB 0x0000000091600000| Untracked |  0
| 279|0x0000000091700000, 0x0000000091800000, 0x0000000091800000|100%| O|  |TAMS 0x0000000091700000| PB 0x0000000091700000| Untracked |  0
| 280|0x0000000091800000, 0x0000000091900000, 0x0000000091900000|100%| O|Cm|TAMS 0x0000000091800000| PB 0x0000000091800000| Complete |  0
| 281|0x0000000091900000, 0x0000000091a00000, 0x0000000091a00000|100%| O|  |TAMS 0x0000000091900000| PB 0x0000000091900000| Untracked |  0
| 282|0x0000000091a00000, 0x0000000091b00000, 0x0000000091b00000|100%| O|  |TAMS 0x0000000091a00000| PB 0x0000000091a00000| Untracked |  0
| 283|0x0000000091b00000, 0x0000000091c00000, 0x0000000091c00000|100%|HS|  |TAMS 0x0000000091b00000| PB 0x0000000091b00000| Complete |  0
| 284|0x0000000091c00000, 0x0000000091d00000, 0x0000000091d00000|100%|HC|  |TAMS 0x0000000091c00000| PB 0x0000000091c00000| Complete |  0
| 285|0x0000000091d00000, 0x0000000091e00000, 0x0000000091e00000|100%|HC|  |TAMS 0x0000000091d00000| PB 0x0000000091d00000| Complete |  0
| 286|0x0000000091e00000, 0x0000000091f00000, 0x0000000091f00000|100%|HC|  |TAMS 0x0000000091e00000| PB 0x0000000091e00000| Complete |  0
| 287|0x0000000091f00000, 0x0000000092000000, 0x0000000092000000|100%|HC|  |TAMS 0x0000000091f00000| PB 0x0000000091f00000| Complete |  0
| 288|0x0000000092000000, 0x0000000092100000, 0x0000000092100000|100%|HC|  |TAMS 0x0000000092000000| PB 0x0000000092000000| Complete |  0
| 289|0x0000000092100000, 0x0000000092200000, 0x0000000092200000|100%|HS|  |TAMS 0x0000000092100000| PB 0x0000000092100000| Complete |  0
| 290|0x0000000092200000, 0x0000000092300000, 0x0000000092300000|100%|HC|  |TAMS 0x0000000092200000| PB 0x0000000092200000| Complete |  0
| 291|0x0000000092300000, 0x0000000092400000, 0x0000000092400000|100%|HC|  |TAMS 0x0000000092300000| PB 0x0000000092300000| Complete |  0
| 292|0x0000000092400000, 0x0000000092500000, 0x0000000092500000|100%|HC|  |TAMS 0x0000000092400000| PB 0x0000000092400000| Complete |  0
| 293|0x0000000092500000, 0x0000000092600000, 0x0000000092600000|100%|HC|  |TAMS 0x0000000092500000| PB 0x0000000092500000| Complete |  0
| 294|0x0000000092600000, 0x0000000092700000, 0x0000000092700000|100%|HS|  |TAMS 0x0000000092600000| PB 0x0000000092600000| Complete |  0
| 295|0x0000000092700000, 0x0000000092800000, 0x0000000092800000|100%|HC|  |TAMS 0x0000000092700000| PB 0x0000000092700000| Complete |  0
| 296|0x0000000092800000, 0x0000000092900000, 0x0000000092900000|100%|HC|  |TAMS 0x0000000092800000| PB 0x0000000092800000| Complete |  0
| 297|0x0000000092900000, 0x0000000092a00000, 0x0000000092a00000|100%|HC|  |TAMS 0x0000000092900000| PB 0x0000000092900000| Complete |  0
| 298|0x0000000092a00000, 0x0000000092b00000, 0x0000000092b00000|100%|HS|  |TAMS 0x0000000092a00000| PB 0x0000000092a00000| Complete |  0
| 299|0x0000000092b00000, 0x0000000092c00000, 0x0000000092c00000|100%|HC|  |TAMS 0x0000000092b00000| PB 0x0000000092b00000| Complete |  0
| 300|0x0000000092c00000, 0x0000000092d00000, 0x0000000092d00000|100%|HS|  |TAMS 0x0000000092c00000| PB 0x0000000092c00000| Complete |  0
| 301|0x0000000092d00000, 0x0000000092e00000, 0x0000000092e00000|100%|HC|  |TAMS 0x0000000092d00000| PB 0x0000000092d00000| Complete |  0
| 302|0x0000000092e00000, 0x0000000092f00000, 0x0000000092f00000|100%|HS|  |TAMS 0x0000000092e00000| PB 0x0000000092e00000| Complete |  0
| 303|0x0000000092f00000, 0x0000000093000000, 0x0000000093000000|100%|HC|  |TAMS 0x0000000092f00000| PB 0x0000000092f00000| Complete |  0
| 304|0x0000000093000000, 0x0000000093100000, 0x0000000093100000|100%|HC|  |TAMS 0x0000000093000000| PB 0x0000000093000000| Complete |  0
| 305|0x0000000093100000, 0x0000000093200000, 0x0000000093200000|100%|HS|  |TAMS 0x0000000093100000| PB 0x0000000093100000| Complete |  0
| 306|0x0000000093200000, 0x0000000093300000, 0x0000000093300000|100%| O|  |TAMS 0x0000000093200000| PB 0x0000000093200000| Untracked |  0
| 307|0x0000000093300000, 0x0000000093400000, 0x0000000093400000|100%| O|  |TAMS 0x0000000093300000| PB 0x0000000093300000| Untracked |  0
| 308|0x0000000093400000, 0x0000000093500000, 0x0000000093500000|100%|HS|  |TAMS 0x0000000093400000| PB 0x0000000093400000| Complete |  0
| 309|0x0000000093500000, 0x0000000093600000, 0x0000000093600000|100%|HS|  |TAMS 0x0000000093500000| PB 0x0000000093500000| Complete |  0
| 310|0x0000000093600000, 0x0000000093700000, 0x0000000093700000|100%|HC|  |TAMS 0x0000000093600000| PB 0x0000000093600000| Complete |  0
| 311|0x0000000093700000, 0x0000000093800000, 0x0000000093800000|100%|HS|  |TAMS 0x0000000093700000| PB 0x0000000093700000| Complete |  0
| 312|0x0000000093800000, 0x0000000093900000, 0x0000000093900000|100%|HC|  |TAMS 0x0000000093800000| PB 0x0000000093800000| Complete |  0
| 313|0x0000000093900000, 0x0000000093a00000, 0x0000000093a00000|100%| O|  |TAMS 0x0000000093900000| PB 0x0000000093900000| Untracked |  0
| 314|0x0000000093a00000, 0x0000000093b00000, 0x0000000093b00000|100%|HS|  |TAMS 0x0000000093a00000| PB 0x0000000093a00000| Complete |  0
| 315|0x0000000093b00000, 0x0000000093c00000, 0x0000000093c00000|100%|HC|  |TAMS 0x0000000093b00000| PB 0x0000000093b00000| Complete |  0
| 316|0x0000000093c00000, 0x0000000093d00000, 0x0000000093d00000|100%|HC|  |TAMS 0x0000000093c00000| PB 0x0000000093c00000| Complete |  0
| 317|0x0000000093d00000, 0x0000000093e00000, 0x0000000093e00000|100%|HC|  |TAMS 0x0000000093d00000| PB 0x0000000093d00000| Complete |  0
| 318|0x0000000093e00000, 0x0000000093f00000, 0x0000000093f00000|100%|HC|  |TAMS 0x0000000093e00000| PB 0x0000000093e00000| Complete |  0
| 319|0x0000000093f00000, 0x0000000094000000, 0x0000000094000000|100%|HS|  |TAMS 0x0000000093f00000| PB 0x0000000093f00000| Complete |  0
| 320|0x0000000094000000, 0x0000000094100000, 0x0000000094100000|100%|HC|  |TAMS 0x0000000094000000| PB 0x0000000094000000| Complete |  0
| 321|0x0000000094100000, 0x0000000094200000, 0x0000000094200000|100%|HC|  |TAMS 0x0000000094100000| PB 0x0000000094100000| Complete |  0
| 322|0x0000000094200000, 0x0000000094300000, 0x0000000094300000|100%|HC|  |TAMS 0x0000000094200000| PB 0x0000000094200000| Complete |  0
| 323|0x0000000094300000, 0x0000000094400000, 0x0000000094400000|100%|HC|  |TAMS 0x0000000094300000| PB 0x0000000094300000| Complete |  0
| 324|0x0000000094400000, 0x0000000094500000, 0x0000000094500000|100%|HC|  |TAMS 0x0000000094400000| PB 0x0000000094400000| Complete |  0
| 325|0x0000000094500000, 0x0000000094600000, 0x0000000094600000|100%| O|  |TAMS 0x0000000094500000| PB 0x0000000094500000| Untracked |  0
| 326|0x0000000094600000, 0x0000000094700000, 0x0000000094700000|100%|HS|  |TAMS 0x0000000094600000| PB 0x0000000094600000| Complete |  0
| 327|0x0000000094700000, 0x0000000094800000, 0x0000000094800000|100%| O|  |TAMS 0x0000000094700000| PB 0x0000000094700000| Untracked |  0
| 328|0x0000000094800000, 0x0000000094900000, 0x0000000094900000|100%|HS|  |TAMS 0x0000000094800000| PB 0x0000000094800000| Complete |  0
| 329|0x0000000094900000, 0x0000000094a00000, 0x0000000094a00000|100%|HC|  |TAMS 0x0000000094900000| PB 0x0000000094900000| Complete |  0
| 330|0x0000000094a00000, 0x0000000094b00000, 0x0000000094b00000|100%| O|  |TAMS 0x0000000094a00000| PB 0x0000000094a00000| Untracked |  0
| 331|0x0000000094b00000, 0x0000000094c00000, 0x0000000094c00000|100%| O|  |TAMS 0x0000000094b00000| PB 0x0000000094b00000| Untracked |  0
| 332|0x0000000094c00000, 0x0000000094d00000, 0x0000000094d00000|100%| O|  |TAMS 0x0000000094c00000| PB 0x0000000094c00000| Untracked |  0
| 333|0x0000000094d00000, 0x0000000094e00000, 0x0000000094e00000|100%| O|  |TAMS 0x0000000094d00000| PB 0x0000000094d00000| Untracked |  0
| 334|0x0000000094e00000, 0x0000000094f00000, 0x0000000094f00000|100%| O|  |TAMS 0x0000000094e00000| PB 0x0000000094e00000| Untracked |  0
| 335|0x0000000094f00000, 0x0000000095000000, 0x0000000095000000|100%|HS|  |TAMS 0x0000000094f00000| PB 0x0000000094f00000| Complete |  0
| 336|0x0000000095000000, 0x0000000095100000, 0x0000000095100000|100%|HC|  |TAMS 0x0000000095000000| PB 0x0000000095000000| Complete |  0
| 337|0x0000000095100000, 0x0000000095200000, 0x0000000095200000|100%|HC|  |TAMS 0x0000000095100000| PB 0x0000000095100000| Complete |  0
| 338|0x0000000095200000, 0x0000000095300000, 0x0000000095300000|100%| O|  |TAMS 0x0000000095200000| PB 0x0000000095200000| Untracked |  0
| 339|0x0000000095300000, 0x0000000095400000, 0x0000000095400000|100%|HS|  |TAMS 0x0000000095300000| PB 0x0000000095300000| Complete |  0
| 340|0x0000000095400000, 0x0000000095500000, 0x0000000095500000|100%| O|  |TAMS 0x0000000095400000| PB 0x0000000095400000| Untracked |  0
| 341|0x0000000095500000, 0x0000000095600000, 0x0000000095600000|100%| O|  |TAMS 0x0000000095500000| PB 0x0000000095500000| Untracked |  0
| 342|0x0000000095600000, 0x0000000095700000, 0x0000000095700000|100%| O|  |TAMS 0x0000000095600000| PB 0x0000000095600000| Untracked |  0
| 343|0x0000000095700000, 0x0000000095800000, 0x0000000095800000|100%|HS|  |TAMS 0x0000000095700000| PB 0x0000000095700000| Complete |  0
| 344|0x0000000095800000, 0x0000000095900000, 0x0000000095900000|100%|HC|  |TAMS 0x0000000095800000| PB 0x0000000095800000| Complete |  0
| 345|0x0000000095900000, 0x0000000095a00000, 0x0000000095a00000|100%| O|  |TAMS 0x0000000095900000| PB 0x0000000095900000| Untracked |  0
| 346|0x0000000095a00000, 0x0000000095b00000, 0x0000000095b00000|100%| O|  |TAMS 0x0000000095a00000| PB 0x0000000095a00000| Untracked |  0
| 347|0x0000000095b00000, 0x0000000095c00000, 0x0000000095c00000|100%| O|  |TAMS 0x0000000095b00000| PB 0x0000000095b00000| Untracked |  0
| 348|0x0000000095c00000, 0x0000000095d00000, 0x0000000095d00000|100%| O|  |TAMS 0x0000000095c00000| PB 0x0000000095c00000| Untracked |  0
| 349|0x0000000095d00000, 0x0000000095e00000, 0x0000000095e00000|100%| O|  |TAMS 0x0000000095d00000| PB 0x0000000095d00000| Untracked |  0
| 350|0x0000000095e00000, 0x0000000095f00000, 0x0000000095f00000|100%| O|  |TAMS 0x0000000095e00000| PB 0x0000000095e00000| Untracked |  0
| 351|0x0000000095f00000, 0x0000000096000000, 0x0000000096000000|100%|HS|  |TAMS 0x0000000095f00000| PB 0x0000000095f00000| Complete |  0
| 352|0x0000000096000000, 0x0000000096100000, 0x0000000096100000|100%|HC|  |TAMS 0x0000000096000000| PB 0x0000000096000000| Complete |  0
| 353|0x0000000096100000, 0x0000000096200000, 0x0000000096200000|100%|HC|  |TAMS 0x0000000096100000| PB 0x0000000096100000| Complete |  0
| 354|0x0000000096200000, 0x0000000096300000, 0x0000000096300000|100%|HC|  |TAMS 0x0000000096200000| PB 0x0000000096200000| Complete |  0
| 355|0x0000000096300000, 0x0000000096400000, 0x0000000096400000|100%| O|  |TAMS 0x0000000096300000| PB 0x0000000096300000| Untracked |  0
| 356|0x0000000096400000, 0x0000000096500000, 0x0000000096500000|100%| O|  |TAMS 0x0000000096400000| PB 0x0000000096400000| Untracked |  0
| 357|0x0000000096500000, 0x0000000096600000, 0x0000000096600000|100%| O|  |TAMS 0x0000000096500000| PB 0x0000000096500000| Untracked |  0
| 358|0x0000000096600000, 0x0000000096700000, 0x0000000096700000|100%|HS|  |TAMS 0x0000000096600000| PB 0x0000000096600000| Complete |  0
| 359|0x0000000096700000, 0x0000000096800000, 0x0000000096800000|100%|HC|  |TAMS 0x0000000096700000| PB 0x0000000096700000| Complete |  0
| 360|0x0000000096800000, 0x0000000096900000, 0x0000000096900000|100%| O|  |TAMS 0x0000000096800000| PB 0x0000000096800000| Untracked |  0
| 361|0x0000000096900000, 0x0000000096a00000, 0x0000000096a00000|100%| O|  |TAMS 0x0000000096900000| PB 0x0000000096900000| Untracked |  0
| 362|0x0000000096a00000, 0x0000000096b00000, 0x0000000096b00000|100%| O|  |TAMS 0x0000000096a00000| PB 0x0000000096a00000| Untracked |  0
| 363|0x0000000096b00000, 0x0000000096c00000, 0x0000000096c00000|100%|HS|  |TAMS 0x0000000096b00000| PB 0x0000000096b00000| Complete |  0
| 364|0x0000000096c00000, 0x0000000096d00000, 0x0000000096d00000|100%|HC|  |TAMS 0x0000000096c00000| PB 0x0000000096c00000| Complete |  0
| 365|0x0000000096d00000, 0x0000000096e00000, 0x0000000096e00000|100%| O|  |TAMS 0x0000000096d00000| PB 0x0000000096d00000| Untracked |  0
| 366|0x0000000096e00000, 0x0000000096f00000, 0x0000000096f00000|100%| O|  |TAMS 0x0000000096e00000| PB 0x0000000096e00000| Untracked |  0
| 367|0x0000000096f00000, 0x0000000097000000, 0x0000000097000000|100%| O|  |TAMS 0x0000000096f00000| PB 0x0000000096f00000| Untracked |  0
| 368|0x0000000097000000, 0x0000000097100000, 0x0000000097100000|100%| O|  |TAMS 0x0000000097000000| PB 0x0000000097000000| Untracked |  0
| 369|0x0000000097100000, 0x0000000097200000, 0x0000000097200000|100%| O|  |TAMS 0x0000000097100000| PB 0x0000000097100000| Untracked |  0
| 370|0x0000000097200000, 0x0000000097300000, 0x0000000097300000|100%| O|  |TAMS 0x0000000097200000| PB 0x0000000097200000| Untracked |  0
| 371|0x0000000097300000, 0x0000000097400000, 0x0000000097400000|100%|HS|  |TAMS 0x0000000097300000| PB 0x0000000097300000| Complete |  0
| 372|0x0000000097400000, 0x0000000097500000, 0x0000000097500000|100%|HC|  |TAMS 0x0000000097400000| PB 0x0000000097400000| Complete |  0
| 373|0x0000000097500000, 0x0000000097600000, 0x0000000097600000|100%|HC|  |TAMS 0x0000000097500000| PB 0x0000000097500000| Complete |  0
| 374|0x0000000097600000, 0x0000000097700000, 0x0000000097700000|100%|HS|  |TAMS 0x0000000097600000| PB 0x0000000097600000| Complete |  0
| 375|0x0000000097700000, 0x0000000097800000, 0x0000000097800000|100%| O|  |TAMS 0x0000000097700000| PB 0x0000000097700000| Untracked |  0
| 376|0x0000000097800000, 0x0000000097900000, 0x0000000097900000|100%| O|  |TAMS 0x0000000097800000| PB 0x0000000097800000| Untracked |  0
| 377|0x0000000097900000, 0x0000000097a00000, 0x0000000097a00000|100%| O|  |TAMS 0x0000000097900000| PB 0x0000000097900000| Untracked |  0
| 378|0x0000000097a00000, 0x0000000097b00000, 0x0000000097b00000|100%| O|  |TAMS 0x0000000097a00000| PB 0x0000000097a00000| Untracked |  0
| 379|0x0000000097b00000, 0x0000000097c00000, 0x0000000097c00000|100%| O|  |TAMS 0x0000000097b00000| PB 0x0000000097b00000| Untracked |  0
| 380|0x0000000097c00000, 0x0000000097d00000, 0x0000000097d00000|100%| O|  |TAMS 0x0000000097c00000| PB 0x0000000097c00000| Untracked |  0
| 381|0x0000000097d00000, 0x0000000097e00000, 0x0000000097e00000|100%| O|  |TAMS 0x0000000097d00000| PB 0x0000000097d00000| Untracked |  0
| 382|0x0000000097e00000, 0x0000000097f00000, 0x0000000097f00000|100%| O|  |TAMS 0x0000000097e00000| PB 0x0000000097e00000| Untracked |  0
| 383|0x0000000097f00000, 0x0000000098000000, 0x0000000098000000|100%| O|  |TAMS 0x0000000097f00000| PB 0x0000000097f00000| Untracked |  0
| 384|0x0000000098000000, 0x0000000098100000, 0x0000000098100000|100%| O|  |TAMS 0x0000000098000000| PB 0x0000000098000000| Untracked |  0
| 385|0x0000000098100000, 0x0000000098200000, 0x0000000098200000|100%| O|  |TAMS 0x0000000098100000| PB 0x0000000098100000| Untracked |  0
| 386|0x0000000098200000, 0x0000000098300000, 0x0000000098300000|100%| O|  |TAMS 0x0000000098200000| PB 0x0000000098200000| Untracked |  0
| 387|0x0000000098300000, 0x0000000098400000, 0x0000000098400000|100%| O|  |TAMS 0x0000000098300000| PB 0x0000000098300000| Untracked |  0
| 388|0x0000000098400000, 0x0000000098500000, 0x0000000098500000|100%| O|  |TAMS 0x0000000098400000| PB 0x0000000098400000| Untracked |  0
| 389|0x0000000098500000, 0x0000000098600000, 0x0000000098600000|100%| O|  |TAMS 0x0000000098500000| PB 0x0000000098500000| Untracked |  0
| 390|0x0000000098600000, 0x0000000098700000, 0x0000000098700000|100%| O|  |TAMS 0x0000000098600000| PB 0x0000000098600000| Untracked |  0
| 391|0x0000000098700000, 0x0000000098800000, 0x0000000098800000|100%| O|  |TAMS 0x0000000098700000| PB 0x0000000098700000| Untracked |  0
| 392|0x0000000098800000, 0x0000000098900000, 0x0000000098900000|100%| O|  |TAMS 0x0000000098800000| PB 0x0000000098800000| Untracked |  0
| 393|0x0000000098900000, 0x0000000098a00000, 0x0000000098a00000|100%| O|  |TAMS 0x0000000098900000| PB 0x0000000098900000| Untracked |  0
| 394|0x0000000098a00000, 0x0000000098b00000, 0x0000000098b00000|100%| O|  |TAMS 0x0000000098a00000| PB 0x0000000098a00000| Untracked |  0
| 395|0x0000000098b00000, 0x0000000098c00000, 0x0000000098c00000|100%| O|  |TAMS 0x0000000098b00000| PB 0x0000000098b00000| Untracked |  0
| 396|0x0000000098c00000, 0x0000000098d00000, 0x0000000098d00000|100%| O|  |TAMS 0x0000000098c00000| PB 0x0000000098c00000| Untracked |  0
| 397|0x0000000098d00000, 0x0000000098e00000, 0x0000000098e00000|100%| O|  |TAMS 0x0000000098d00000| PB 0x0000000098d00000| Untracked |  0
| 398|0x0000000098e00000, 0x0000000098f00000, 0x0000000098f00000|100%| O|  |TAMS 0x0000000098e00000| PB 0x0000000098e00000| Untracked |  0
| 399|0x0000000098f00000, 0x0000000099000000, 0x0000000099000000|100%| O|  |TAMS 0x0000000098f00000| PB 0x0000000098f00000| Untracked |  0
| 400|0x0000000099000000, 0x0000000099100000, 0x0000000099100000|100%| O|  |TAMS 0x0000000099000000| PB 0x0000000099000000| Untracked |  0
| 401|0x0000000099100000, 0x0000000099200000, 0x0000000099200000|100%| O|  |TAMS 0x0000000099100000| PB 0x0000000099100000| Untracked |  0
| 402|0x0000000099200000, 0x0000000099300000, 0x0000000099300000|100%| O|  |TAMS 0x0000000099200000| PB 0x0000000099200000| Untracked |  0
| 403|0x0000000099300000, 0x0000000099400000, 0x0000000099400000|100%| O|  |TAMS 0x0000000099300000| PB 0x0000000099300000| Untracked |  0
| 404|0x0000000099400000, 0x0000000099500000, 0x0000000099500000|100%| O|  |TAMS 0x0000000099400000| PB 0x0000000099400000| Untracked |  0
| 405|0x0000000099500000, 0x0000000099600000, 0x0000000099600000|100%| O|  |TAMS 0x0000000099500000| PB 0x0000000099500000| Untracked |  0
| 406|0x0000000099600000, 0x0000000099700000, 0x0000000099700000|100%| O|  |TAMS 0x0000000099600000| PB 0x0000000099600000| Untracked |  0
| 407|0x0000000099700000, 0x0000000099800000, 0x0000000099800000|100%| O|  |TAMS 0x0000000099700000| PB 0x0000000099700000| Untracked |  0
| 408|0x0000000099800000, 0x0000000099900000, 0x0000000099900000|100%| O|  |TAMS 0x0000000099800000| PB 0x0000000099800000| Untracked |  0
| 409|0x0000000099900000, 0x0000000099a00000, 0x0000000099a00000|100%| O|  |TAMS 0x0000000099900000| PB 0x0000000099900000| Untracked |  0
| 410|0x0000000099a00000, 0x0000000099b00000, 0x0000000099b00000|100%| O|  |TAMS 0x0000000099a00000| PB 0x0000000099a00000| Untracked |  0
| 411|0x0000000099b00000, 0x0000000099c00000, 0x0000000099c00000|100%| O|  |TAMS 0x0000000099b00000| PB 0x0000000099b00000| Untracked |  0
| 412|0x0000000099c00000, 0x0000000099d00000, 0x0000000099d00000|100%| O|  |TAMS 0x0000000099c00000| PB 0x0000000099c00000| Untracked |  0
| 413|0x0000000099d00000, 0x0000000099e00000, 0x0000000099e00000|100%| O|  |TAMS 0x0000000099d00000| PB 0x0000000099d00000| Untracked |  0
| 414|0x0000000099e00000, 0x0000000099f00000, 0x0000000099f00000|100%| O|Cm|TAMS 0x0000000099e00000| PB 0x0000000099e00000| Complete |  0
| 415|0x0000000099f00000, 0x000000009a000000, 0x000000009a000000|100%| O|  |TAMS 0x0000000099f00000| PB 0x0000000099f00000| Untracked |  0
| 416|0x000000009a000000, 0x000000009a100000, 0x000000009a100000|100%| O|  |TAMS 0x000000009a000000| PB 0x000000009a000000| Untracked |  0
| 417|0x000000009a100000, 0x000000009a200000, 0x000000009a200000|100%| O|  |TAMS 0x000000009a100000| PB 0x000000009a100000| Untracked |  0
| 418|0x000000009a200000, 0x000000009a300000, 0x000000009a300000|100%| O|  |TAMS 0x000000009a200000| PB 0x000000009a200000| Untracked |  0
| 419|0x000000009a300000, 0x000000009a400000, 0x000000009a400000|100%|HS|  |TAMS 0x000000009a300000| PB 0x000000009a300000| Complete |  0
| 420|0x000000009a400000, 0x000000009a500000, 0x000000009a500000|100%|HC|  |TAMS 0x000000009a400000| PB 0x000000009a400000| Complete |  0
| 421|0x000000009a500000, 0x000000009a600000, 0x000000009a600000|100%| O|  |TAMS 0x000000009a500000| PB 0x000000009a500000| Untracked |  0
| 422|0x000000009a600000, 0x000000009a700000, 0x000000009a700000|100%| O|  |TAMS 0x000000009a600000| PB 0x000000009a600000| Untracked |  0
| 423|0x000000009a700000, 0x000000009a800000, 0x000000009a800000|100%| O|  |TAMS 0x000000009a700000| PB 0x000000009a700000| Untracked |  0
| 424|0x000000009a800000, 0x000000009a900000, 0x000000009a900000|100%| O|  |TAMS 0x000000009a800000| PB 0x000000009a800000| Untracked |  0
| 425|0x000000009a900000, 0x000000009aa00000, 0x000000009aa00000|100%| O|  |TAMS 0x000000009a900000| PB 0x000000009a900000| Untracked |  0
| 426|0x000000009aa00000, 0x000000009ab00000, 0x000000009ab00000|100%| O|  |TAMS 0x000000009aa00000| PB 0x000000009aa00000| Untracked |  0
| 427|0x000000009ab00000, 0x000000009ac00000, 0x000000009ac00000|100%| O|  |TAMS 0x000000009ab00000| PB 0x000000009ab00000| Untracked |  0
| 428|0x000000009ac00000, 0x000000009ad00000, 0x000000009ad00000|100%| O|  |TAMS 0x000000009ac00000| PB 0x000000009ac00000| Untracked |  0
| 429|0x000000009ad00000, 0x000000009ae00000, 0x000000009ae00000|100%| O|  |TAMS 0x000000009ad00000| PB 0x000000009ad00000| Untracked |  0
| 430|0x000000009ae00000, 0x000000009af00000, 0x000000009af00000|100%| O|  |TAMS 0x000000009ae00000| PB 0x000000009ae00000| Untracked |  0
| 431|0x000000009af00000, 0x000000009b000000, 0x000000009b000000|100%| O|  |TAMS 0x000000009af00000| PB 0x000000009af00000| Untracked |  0
| 432|0x000000009b000000, 0x000000009b100000, 0x000000009b100000|100%| O|  |TAMS 0x000000009b000000| PB 0x000000009b000000| Untracked |  0
| 433|0x000000009b100000, 0x000000009b200000, 0x000000009b200000|100%| O|  |TAMS 0x000000009b100000| PB 0x000000009b100000| Untracked |  0
| 434|0x000000009b200000, 0x000000009b300000, 0x000000009b300000|100%| O|  |TAMS 0x000000009b200000| PB 0x000000009b200000| Untracked |  0
| 435|0x000000009b300000, 0x000000009b400000, 0x000000009b400000|100%| O|  |TAMS 0x000000009b300000| PB 0x000000009b300000| Untracked |  0
| 436|0x000000009b400000, 0x000000009b500000, 0x000000009b500000|100%| O|  |TAMS 0x000000009b400000| PB 0x000000009b400000| Untracked |  0
| 437|0x000000009b500000, 0x000000009b600000, 0x000000009b600000|100%| O|  |TAMS 0x000000009b500000| PB 0x000000009b500000| Untracked |  0
| 438|0x000000009b600000, 0x000000009b700000, 0x000000009b700000|100%| O|  |TAMS 0x000000009b600000| PB 0x000000009b600000| Untracked |  0
| 439|0x000000009b700000, 0x000000009b800000, 0x000000009b800000|100%| O|  |TAMS 0x000000009b700000| PB 0x000000009b700000| Untracked |  0
| 440|0x000000009b800000, 0x000000009b900000, 0x000000009b900000|100%| O|  |TAMS 0x000000009b800000| PB 0x000000009b800000| Untracked |  0
| 441|0x000000009b900000, 0x000000009ba00000, 0x000000009ba00000|100%| O|  |TAMS 0x000000009b900000| PB 0x000000009b900000| Untracked |  0
| 442|0x000000009ba00000, 0x000000009bb00000, 0x000000009bb00000|100%| O|  |TAMS 0x000000009ba00000| PB 0x000000009ba00000| Untracked |  0
| 443|0x000000009bb00000, 0x000000009bc00000, 0x000000009bc00000|100%| O|  |TAMS 0x000000009bb00000| PB 0x000000009bb00000| Untracked |  0
| 444|0x000000009bc00000, 0x000000009bd00000, 0x000000009bd00000|100%| O|  |TAMS 0x000000009bc00000| PB 0x000000009bc00000| Untracked |  0
| 445|0x000000009bd00000, 0x000000009be00000, 0x000000009be00000|100%| O|  |TAMS 0x000000009bd00000| PB 0x000000009bd00000| Untracked |  0
| 446|0x000000009be00000, 0x000000009bf00000, 0x000000009bf00000|100%| O|  |TAMS 0x000000009be00000| PB 0x000000009be00000| Untracked |  0
| 447|0x000000009bf00000, 0x000000009c000000, 0x000000009c000000|100%| O|  |TAMS 0x000000009bf00000| PB 0x000000009bf00000| Untracked |  0
| 448|0x000000009c000000, 0x000000009c100000, 0x000000009c100000|100%| O|  |TAMS 0x000000009c000000| PB 0x000000009c000000| Untracked |  0
| 449|0x000000009c100000, 0x000000009c200000, 0x000000009c200000|100%| O|  |TAMS 0x000000009c100000| PB 0x000000009c100000| Untracked |  0
| 450|0x000000009c200000, 0x000000009c300000, 0x000000009c300000|100%| O|  |TAMS 0x000000009c200000| PB 0x000000009c200000| Untracked |  0
| 451|0x000000009c300000, 0x000000009c400000, 0x000000009c400000|100%| O|  |TAMS 0x000000009c300000| PB 0x000000009c300000| Untracked |  0
| 452|0x000000009c400000, 0x000000009c500000, 0x000000009c500000|100%| O|  |TAMS 0x000000009c400000| PB 0x000000009c400000| Untracked |  0
| 453|0x000000009c500000, 0x000000009c600000, 0x000000009c600000|100%|HS|  |TAMS 0x000000009c500000| PB 0x000000009c500000| Complete |  0
| 454|0x000000009c600000, 0x000000009c700000, 0x000000009c700000|100%|HS|  |TAMS 0x000000009c600000| PB 0x000000009c600000| Complete |  0
| 455|0x000000009c700000, 0x000000009c800000, 0x000000009c800000|100%|HC|  |TAMS 0x000000009c700000| PB 0x000000009c700000| Complete |  0
| 456|0x000000009c800000, 0x000000009c900000, 0x000000009c900000|100%|HS|  |TAMS 0x000000009c800000| PB 0x000000009c800000| Complete |  0
| 457|0x000000009c900000, 0x000000009ca00000, 0x000000009ca00000|100%| O|  |TAMS 0x000000009c900000| PB 0x000000009c900000| Untracked |  0
| 458|0x000000009ca00000, 0x000000009cb00000, 0x000000009cb00000|100%| O|  |TAMS 0x000000009ca00000| PB 0x000000009ca00000| Untracked |  0
| 459|0x000000009cb00000, 0x000000009cc00000, 0x000000009cc00000|100%| O|  |TAMS 0x000000009cb00000| PB 0x000000009cb00000| Untracked |  0
| 460|0x000000009cc00000, 0x000000009cd00000, 0x000000009cd00000|100%| O|  |TAMS 0x000000009cc00000| PB 0x000000009cc00000| Untracked |  0
| 461|0x000000009cd00000, 0x000000009ce00000, 0x000000009ce00000|100%| O|  |TAMS 0x000000009cd00000| PB 0x000000009cd00000| Untracked |  0
| 462|0x000000009ce00000, 0x000000009cf00000, 0x000000009cf00000|100%| O|  |TAMS 0x000000009ce00000| PB 0x000000009ce00000| Untracked |  0
| 463|0x000000009cf00000, 0x000000009d000000, 0x000000009d000000|100%| O|  |TAMS 0x000000009cf00000| PB 0x000000009cf00000| Untracked |  0
| 464|0x000000009d000000, 0x000000009d100000, 0x000000009d100000|100%| O|  |TAMS 0x000000009d000000| PB 0x000000009d000000| Untracked |  0
| 465|0x000000009d100000, 0x000000009d200000, 0x000000009d200000|100%| O|  |TAMS 0x000000009d100000| PB 0x000000009d100000| Untracked |  0
| 466|0x000000009d200000, 0x000000009d300000, 0x000000009d300000|100%| O|  |TAMS 0x000000009d200000| PB 0x000000009d200000| Untracked |  0
| 467|0x000000009d300000, 0x000000009d400000, 0x000000009d400000|100%| O|  |TAMS 0x000000009d300000| PB 0x000000009d300000| Untracked |  0
| 468|0x000000009d400000, 0x000000009d500000, 0x000000009d500000|100%| O|  |TAMS 0x000000009d400000| PB 0x000000009d400000| Untracked |  0
| 469|0x000000009d500000, 0x000000009d600000, 0x000000009d600000|100%| O|  |TAMS 0x000000009d500000| PB 0x000000009d500000| Untracked |  0
| 470|0x000000009d600000, 0x000000009d700000, 0x000000009d700000|100%| O|  |TAMS 0x000000009d600000| PB 0x000000009d600000| Untracked |  0
| 471|0x000000009d700000, 0x000000009d800000, 0x000000009d800000|100%| O|  |TAMS 0x000000009d700000| PB 0x000000009d700000| Untracked |  0
| 472|0x000000009d800000, 0x000000009d900000, 0x000000009d900000|100%| O|  |TAMS 0x000000009d800000| PB 0x000000009d800000| Untracked |  0
| 473|0x000000009d900000, 0x000000009da00000, 0x000000009da00000|100%| O|  |TAMS 0x000000009d900000| PB 0x000000009d900000| Untracked |  0
| 474|0x000000009da00000, 0x000000009db00000, 0x000000009db00000|100%| O|  |TAMS 0x000000009da00000| PB 0x000000009da00000| Untracked |  0
| 475|0x000000009db00000, 0x000000009dc00000, 0x000000009dc00000|100%| O|  |TAMS 0x000000009db00000| PB 0x000000009db00000| Untracked |  0
| 476|0x000000009dc00000, 0x000000009dd00000, 0x000000009dd00000|100%| O|  |TAMS 0x000000009dc00000| PB 0x000000009dc00000| Untracked |  0
| 477|0x000000009dd00000, 0x000000009de00000, 0x000000009de00000|100%| O|  |TAMS 0x000000009dd00000| PB 0x000000009dd00000| Untracked |  0
| 478|0x000000009de00000, 0x000000009df00000, 0x000000009df00000|100%| O|  |TAMS 0x000000009de00000| PB 0x000000009de00000| Untracked |  0
| 479|0x000000009df00000, 0x000000009e000000, 0x000000009e000000|100%| O|  |TAMS 0x000000009df00000| PB 0x000000009df00000| Untracked |  0
| 480|0x000000009e000000, 0x000000009e100000, 0x000000009e100000|100%| O|  |TAMS 0x000000009e000000| PB 0x000000009e000000| Untracked |  0
| 481|0x000000009e100000, 0x000000009e200000, 0x000000009e200000|100%| O|  |TAMS 0x000000009e100000| PB 0x000000009e100000| Untracked |  0
| 482|0x000000009e200000, 0x000000009e300000, 0x000000009e300000|100%| O|  |TAMS 0x000000009e200000| PB 0x000000009e200000| Untracked |  0
| 483|0x000000009e300000, 0x000000009e400000, 0x000000009e400000|100%| O|  |TAMS 0x000000009e300000| PB 0x000000009e300000| Untracked |  0
| 484|0x000000009e400000, 0x000000009e500000, 0x000000009e500000|100%| O|  |TAMS 0x000000009e400000| PB 0x000000009e400000| Untracked |  0
| 485|0x000000009e500000, 0x000000009e600000, 0x000000009e600000|100%| O|  |TAMS 0x000000009e500000| PB 0x000000009e500000| Untracked |  0
| 486|0x000000009e600000, 0x000000009e700000, 0x000000009e700000|100%| O|  |TAMS 0x000000009e600000| PB 0x000000009e600000| Untracked |  0
| 487|0x000000009e700000, 0x000000009e800000, 0x000000009e800000|100%| O|  |TAMS 0x000000009e700000| PB 0x000000009e700000| Untracked |  0
| 488|0x000000009e800000, 0x000000009e900000, 0x000000009e900000|100%| O|  |TAMS 0x000000009e800000| PB 0x000000009e800000| Untracked |  0
| 489|0x000000009e900000, 0x000000009ea00000, 0x000000009ea00000|100%| O|  |TAMS 0x000000009e900000| PB 0x000000009e900000| Untracked |  0
| 490|0x000000009ea00000, 0x000000009eb00000, 0x000000009eb00000|100%| O|  |TAMS 0x000000009ea00000| PB 0x000000009ea00000| Untracked |  0
| 491|0x000000009eb00000, 0x000000009ec00000, 0x000000009ec00000|100%| O|  |TAMS 0x000000009eb00000| PB 0x000000009eb00000| Untracked |  0
| 492|0x000000009ec00000, 0x000000009ec80000, 0x000000009ed00000| 50%| O|  |TAMS 0x000000009ec00000| PB 0x000000009ec00000| Untracked |  0
| 493|0x000000009ed00000, 0x000000009ee00000, 0x000000009ee00000|100%|HS|  |TAMS 0x000000009ed00000| PB 0x000000009ed00000| Complete |  0
| 494|0x000000009ee00000, 0x000000009ef00000, 0x000000009ef00000|100%|HS|  |TAMS 0x000000009ee00000| PB 0x000000009ee00000| Complete |  0
| 495|0x000000009ef00000, 0x000000009f000000, 0x000000009f000000|100%|HS|  |TAMS 0x000000009ef00000| PB 0x000000009ef00000| Complete |  0
| 496|0x000000009f000000, 0x000000009f000000, 0x000000009f100000|  0%| F|  |TAMS 0x000000009f000000| PB 0x000000009f000000| Untracked |  0
| 497|0x000000009f100000, 0x000000009f100000, 0x000000009f200000|  0%| F|  |TAMS 0x000000009f100000| PB 0x000000009f100000| Untracked |  0
| 498|0x000000009f200000, 0x000000009f200000, 0x000000009f300000|  0%| F|  |TAMS 0x000000009f200000| PB 0x000000009f200000| Untracked |  0
| 499|0x000000009f300000, 0x000000009f300000, 0x000000009f400000|  0%| F|  |TAMS 0x000000009f300000| PB 0x000000009f300000| Untracked |  0
| 500|0x000000009f400000, 0x000000009f400000, 0x000000009f500000|  0%| F|  |TAMS 0x000000009f400000| PB 0x000000009f400000| Untracked |  0
| 501|0x000000009f500000, 0x000000009f500000, 0x000000009f600000|  0%| F|  |TAMS 0x000000009f500000| PB 0x000000009f500000| Untracked |  0
| 502|0x000000009f600000, 0x000000009f600000, 0x000000009f700000|  0%| F|  |TAMS 0x000000009f600000| PB 0x000000009f600000| Untracked |  0
| 503|0x000000009f700000, 0x000000009f700000, 0x000000009f800000|  0%| F|  |TAMS 0x000000009f700000| PB 0x000000009f700000| Untracked |  0
| 504|0x000000009f800000, 0x000000009f800000, 0x000000009f900000|  0%| F|  |TAMS 0x000000009f800000| PB 0x000000009f800000| Untracked |  0
| 505|0x000000009f900000, 0x000000009f900000, 0x000000009fa00000|  0%| F|  |TAMS 0x000000009f900000| PB 0x000000009f900000| Untracked |  0
| 506|0x000000009fa00000, 0x000000009fa00000, 0x000000009fb00000|  0%| F|  |TAMS 0x000000009fa00000| PB 0x000000009fa00000| Untracked |  0
| 507|0x000000009fb00000, 0x000000009fb00000, 0x000000009fc00000|  0%| F|  |TAMS 0x000000009fb00000| PB 0x000000009fb00000| Untracked |  0
| 508|0x000000009fc00000, 0x000000009fc00000, 0x000000009fd00000|  0%| F|  |TAMS 0x000000009fc00000| PB 0x000000009fc00000| Untracked |  0
| 509|0x000000009fd00000, 0x000000009fd00000, 0x000000009fe00000|  0%| F|  |TAMS 0x000000009fd00000| PB 0x000000009fd00000| Untracked |  0
| 510|0x000000009fe00000, 0x000000009fe00000, 0x000000009ff00000|  0%| F|  |TAMS 0x000000009fe00000| PB 0x000000009fe00000| Untracked |  0
| 511|0x000000009ff00000, 0x000000009ff00000, 0x00000000a0000000|  0%| F|  |TAMS 0x000000009ff00000| PB 0x000000009ff00000| Untracked |  0
| 512|0x00000000a0000000, 0x00000000a0000000, 0x00000000a0100000|  0%| F|  |TAMS 0x00000000a0000000| PB 0x00000000a0000000| Untracked |  0
| 513|0x00000000a0100000, 0x00000000a0100000, 0x00000000a0200000|  0%| F|  |TAMS 0x00000000a0100000| PB 0x00000000a0100000| Untracked |  0
| 514|0x00000000a0200000, 0x00000000a0200000, 0x00000000a0300000|  0%| F|  |TAMS 0x00000000a0200000| PB 0x00000000a0200000| Untracked |  0
| 515|0x00000000a0300000, 0x00000000a0300000, 0x00000000a0400000|  0%| F|  |TAMS 0x00000000a0300000| PB 0x00000000a0300000| Untracked |  0
| 516|0x00000000a0400000, 0x00000000a0400000, 0x00000000a0500000|  0%| F|  |TAMS 0x00000000a0400000| PB 0x00000000a0400000| Untracked |  0
| 517|0x00000000a0500000, 0x00000000a0500000, 0x00000000a0600000|  0%| F|  |TAMS 0x00000000a0500000| PB 0x00000000a0500000| Untracked |  0
| 518|0x00000000a0600000, 0x00000000a0600000, 0x00000000a0700000|  0%| F|  |TAMS 0x00000000a0600000| PB 0x00000000a0600000| Untracked |  0
| 519|0x00000000a0700000, 0x00000000a0700000, 0x00000000a0800000|  0%| F|  |TAMS 0x00000000a0700000| PB 0x00000000a0700000| Untracked |  0
| 520|0x00000000a0800000, 0x00000000a0800000, 0x00000000a0900000|  0%| F|  |TAMS 0x00000000a0800000| PB 0x00000000a0800000| Untracked |  0
| 521|0x00000000a0900000, 0x00000000a0900000, 0x00000000a0a00000|  0%| F|  |TAMS 0x00000000a0900000| PB 0x00000000a0900000| Untracked |  0
| 522|0x00000000a0a00000, 0x00000000a0a00000, 0x00000000a0b00000|  0%| F|  |TAMS 0x00000000a0a00000| PB 0x00000000a0a00000| Untracked |  0
| 523|0x00000000a0b00000, 0x00000000a0b00000, 0x00000000a0c00000|  0%| F|  |TAMS 0x00000000a0b00000| PB 0x00000000a0b00000| Untracked |  0
| 524|0x00000000a0c00000, 0x00000000a0c00000, 0x00000000a0d00000|  0%| F|  |TAMS 0x00000000a0c00000| PB 0x00000000a0c00000| Untracked |  0
| 525|0x00000000a0d00000, 0x00000000a0d00000, 0x00000000a0e00000|  0%| F|  |TAMS 0x00000000a0d00000| PB 0x00000000a0d00000| Untracked |  0
| 526|0x00000000a0e00000, 0x00000000a0e00000, 0x00000000a0f00000|  0%| F|  |TAMS 0x00000000a0e00000| PB 0x00000000a0e00000| Untracked |  0
| 527|0x00000000a0f00000, 0x00000000a0f00000, 0x00000000a1000000|  0%| F|  |TAMS 0x00000000a0f00000| PB 0x00000000a0f00000| Untracked |  0
| 528|0x00000000a1000000, 0x00000000a1000000, 0x00000000a1100000|  0%| F|  |TAMS 0x00000000a1000000| PB 0x00000000a1000000| Untracked |  0
| 529|0x00000000a1100000, 0x00000000a1100000, 0x00000000a1200000|  0%| F|  |TAMS 0x00000000a1100000| PB 0x00000000a1100000| Untracked |  0
| 530|0x00000000a1200000, 0x00000000a1200000, 0x00000000a1300000|  0%| F|  |TAMS 0x00000000a1200000| PB 0x00000000a1200000| Untracked |  0
| 531|0x00000000a1300000, 0x00000000a1300000, 0x00000000a1400000|  0%| F|  |TAMS 0x00000000a1300000| PB 0x00000000a1300000| Untracked |  0
| 532|0x00000000a1400000, 0x00000000a1400000, 0x00000000a1500000|  0%| F|  |TAMS 0x00000000a1400000| PB 0x00000000a1400000| Untracked |  0
| 533|0x00000000a1500000, 0x00000000a1500000, 0x00000000a1600000|  0%| F|  |TAMS 0x00000000a1500000| PB 0x00000000a1500000| Untracked |  0
| 534|0x00000000a1600000, 0x00000000a1600000, 0x00000000a1700000|  0%| F|  |TAMS 0x00000000a1600000| PB 0x00000000a1600000| Untracked |  0
| 535|0x00000000a1700000, 0x00000000a1700000, 0x00000000a1800000|  0%| F|  |TAMS 0x00000000a1700000| PB 0x00000000a1700000| Untracked |  0
| 536|0x00000000a1800000, 0x00000000a1800000, 0x00000000a1900000|  0%| F|  |TAMS 0x00000000a1800000| PB 0x00000000a1800000| Untracked |  0
| 537|0x00000000a1900000, 0x00000000a1900000, 0x00000000a1a00000|  0%| F|  |TAMS 0x00000000a1900000| PB 0x00000000a1900000| Untracked |  0
| 538|0x00000000a1a00000, 0x00000000a1a00000, 0x00000000a1b00000|  0%| F|  |TAMS 0x00000000a1a00000| PB 0x00000000a1a00000| Untracked |  0
| 539|0x00000000a1b00000, 0x00000000a1b00000, 0x00000000a1c00000|  0%| F|  |TAMS 0x00000000a1b00000| PB 0x00000000a1b00000| Untracked |  0
| 540|0x00000000a1c00000, 0x00000000a1c00000, 0x00000000a1d00000|  0%| F|  |TAMS 0x00000000a1c00000| PB 0x00000000a1c00000| Untracked |  0
| 541|0x00000000a1d00000, 0x00000000a1d00000, 0x00000000a1e00000|  0%| F|  |TAMS 0x00000000a1d00000| PB 0x00000000a1d00000| Untracked |  0
| 542|0x00000000a1e00000, 0x00000000a1e00000, 0x00000000a1f00000|  0%| F|  |TAMS 0x00000000a1e00000| PB 0x00000000a1e00000| Untracked |  0
| 543|0x00000000a1f00000, 0x00000000a1f00000, 0x00000000a2000000|  0%| F|  |TAMS 0x00000000a1f00000| PB 0x00000000a1f00000| Untracked |  0
| 544|0x00000000a2000000, 0x00000000a2000000, 0x00000000a2100000|  0%| F|  |TAMS 0x00000000a2000000| PB 0x00000000a2000000| Untracked |  0
| 545|0x00000000a2100000, 0x00000000a2100000, 0x00000000a2200000|  0%| F|  |TAMS 0x00000000a2100000| PB 0x00000000a2100000| Untracked |  0
| 546|0x00000000a2200000, 0x00000000a2200000, 0x00000000a2300000|  0%| F|  |TAMS 0x00000000a2200000| PB 0x00000000a2200000| Untracked |  0
| 547|0x00000000a2300000, 0x00000000a2300000, 0x00000000a2400000|  0%| F|  |TAMS 0x00000000a2300000| PB 0x00000000a2300000| Untracked |  0
| 548|0x00000000a2400000, 0x00000000a2400000, 0x00000000a2500000|  0%| F|  |TAMS 0x00000000a2400000| PB 0x00000000a2400000| Untracked |  0
| 549|0x00000000a2500000, 0x00000000a2500000, 0x00000000a2600000|  0%| F|  |TAMS 0x00000000a2500000| PB 0x00000000a2500000| Untracked |  0
| 550|0x00000000a2600000, 0x00000000a2600000, 0x00000000a2700000|  0%| F|  |TAMS 0x00000000a2600000| PB 0x00000000a2600000| Untracked |  0
| 551|0x00000000a2700000, 0x00000000a2700000, 0x00000000a2800000|  0%| F|  |TAMS 0x00000000a2700000| PB 0x00000000a2700000| Untracked |  0
| 552|0x00000000a2800000, 0x00000000a2800000, 0x00000000a2900000|  0%| F|  |TAMS 0x00000000a2800000| PB 0x00000000a2800000| Untracked |  0
| 553|0x00000000a2900000, 0x00000000a2900000, 0x00000000a2a00000|  0%| F|  |TAMS 0x00000000a2900000| PB 0x00000000a2900000| Untracked |  0
| 554|0x00000000a2a00000, 0x00000000a2a00000, 0x00000000a2b00000|  0%| F|  |TAMS 0x00000000a2a00000| PB 0x00000000a2a00000| Untracked |  0
| 555|0x00000000a2b00000, 0x00000000a2b00000, 0x00000000a2c00000|  0%| F|  |TAMS 0x00000000a2b00000| PB 0x00000000a2b00000| Untracked |  0
| 556|0x00000000a2c00000, 0x00000000a2c00000, 0x00000000a2d00000|  0%| F|  |TAMS 0x00000000a2c00000| PB 0x00000000a2c00000| Untracked |  0
| 557|0x00000000a2d00000, 0x00000000a2d00000, 0x00000000a2e00000|  0%| F|  |TAMS 0x00000000a2d00000| PB 0x00000000a2d00000| Untracked |  0
| 558|0x00000000a2e00000, 0x00000000a2e00000, 0x00000000a2f00000|  0%| F|  |TAMS 0x00000000a2e00000| PB 0x00000000a2e00000| Untracked |  0
| 559|0x00000000a2f00000, 0x00000000a2f00000, 0x00000000a3000000|  0%| F|  |TAMS 0x00000000a2f00000| PB 0x00000000a2f00000| Untracked |  0
| 560|0x00000000a3000000, 0x00000000a3000000, 0x00000000a3100000|  0%| F|  |TAMS 0x00000000a3000000| PB 0x00000000a3000000| Untracked |  0
| 561|0x00000000a3100000, 0x00000000a3100000, 0x00000000a3200000|  0%| F|  |TAMS 0x00000000a3100000| PB 0x00000000a3100000| Untracked |  0
| 562|0x00000000a3200000, 0x00000000a3200000, 0x00000000a3300000|  0%| F|  |TAMS 0x00000000a3200000| PB 0x00000000a3200000| Untracked |  0
| 563|0x00000000a3300000, 0x00000000a3300000, 0x00000000a3400000|  0%| F|  |TAMS 0x00000000a3300000| PB 0x00000000a3300000| Untracked |  0
| 564|0x00000000a3400000, 0x00000000a3400000, 0x00000000a3500000|  0%| F|  |TAMS 0x00000000a3400000| PB 0x00000000a3400000| Untracked |  0
| 565|0x00000000a3500000, 0x00000000a3500000, 0x00000000a3600000|  0%| F|  |TAMS 0x00000000a3500000| PB 0x00000000a3500000| Untracked |  0
| 566|0x00000000a3600000, 0x00000000a3600000, 0x00000000a3700000|  0%| F|  |TAMS 0x00000000a3600000| PB 0x00000000a3600000| Untracked |  0
| 567|0x00000000a3700000, 0x00000000a3700000, 0x00000000a3800000|  0%| F|  |TAMS 0x00000000a3700000| PB 0x00000000a3700000| Untracked |  0
| 568|0x00000000a3800000, 0x00000000a3800000, 0x00000000a3900000|  0%| F|  |TAMS 0x00000000a3800000| PB 0x00000000a3800000| Untracked |  0
| 569|0x00000000a3900000, 0x00000000a3900000, 0x00000000a3a00000|  0%| F|  |TAMS 0x00000000a3900000| PB 0x00000000a3900000| Untracked |  0
| 570|0x00000000a3a00000, 0x00000000a3a00000, 0x00000000a3b00000|  0%| F|  |TAMS 0x00000000a3a00000| PB 0x00000000a3a00000| Untracked |  0
| 571|0x00000000a3b00000, 0x00000000a3b00000, 0x00000000a3c00000|  0%| F|  |TAMS 0x00000000a3b00000| PB 0x00000000a3b00000| Untracked |  0
| 572|0x00000000a3c00000, 0x00000000a3c00000, 0x00000000a3d00000|  0%| F|  |TAMS 0x00000000a3c00000| PB 0x00000000a3c00000| Untracked |  0
| 573|0x00000000a3d00000, 0x00000000a3d00000, 0x00000000a3e00000|  0%| F|  |TAMS 0x00000000a3d00000| PB 0x00000000a3d00000| Untracked |  0
| 574|0x00000000a3e00000, 0x00000000a3e00000, 0x00000000a3f00000|  0%| F|  |TAMS 0x00000000a3e00000| PB 0x00000000a3e00000| Untracked |  0
| 575|0x00000000a3f00000, 0x00000000a3f00000, 0x00000000a4000000|  0%| F|  |TAMS 0x00000000a3f00000| PB 0x00000000a3f00000| Untracked |  0
| 576|0x00000000a4000000, 0x00000000a4000000, 0x00000000a4100000|  0%| F|  |TAMS 0x00000000a4000000| PB 0x00000000a4000000| Untracked |  0
| 577|0x00000000a4100000, 0x00000000a4100000, 0x00000000a4200000|  0%| F|  |TAMS 0x00000000a4100000| PB 0x00000000a4100000| Untracked |  0
| 578|0x00000000a4200000, 0x00000000a4200000, 0x00000000a4300000|  0%| F|  |TAMS 0x00000000a4200000| PB 0x00000000a4200000| Untracked |  0
| 579|0x00000000a4300000, 0x00000000a4300000, 0x00000000a4400000|  0%| F|  |TAMS 0x00000000a4300000| PB 0x00000000a4300000| Untracked |  0
| 580|0x00000000a4400000, 0x00000000a4400000, 0x00000000a4500000|  0%| F|  |TAMS 0x00000000a4400000| PB 0x00000000a4400000| Untracked |  0
| 581|0x00000000a4500000, 0x00000000a4500000, 0x00000000a4600000|  0%| F|  |TAMS 0x00000000a4500000| PB 0x00000000a4500000| Untracked |  0
| 582|0x00000000a4600000, 0x00000000a4600000, 0x00000000a4700000|  0%| F|  |TAMS 0x00000000a4600000| PB 0x00000000a4600000| Untracked |  0
| 583|0x00000000a4700000, 0x00000000a4700000, 0x00000000a4800000|  0%| F|  |TAMS 0x00000000a4700000| PB 0x00000000a4700000| Untracked |  0
| 584|0x00000000a4800000, 0x00000000a4800000, 0x00000000a4900000|  0%| F|  |TAMS 0x00000000a4800000| PB 0x00000000a4800000| Untracked |  0
| 585|0x00000000a4900000, 0x00000000a4900000, 0x00000000a4a00000|  0%| F|  |TAMS 0x00000000a4900000| PB 0x00000000a4900000| Untracked |  0
| 586|0x00000000a4a00000, 0x00000000a4a00000, 0x00000000a4b00000|  0%| F|  |TAMS 0x00000000a4a00000| PB 0x00000000a4a00000| Untracked |  0
| 587|0x00000000a4b00000, 0x00000000a4b00000, 0x00000000a4c00000|  0%| F|  |TAMS 0x00000000a4b00000| PB 0x00000000a4b00000| Untracked |  0
| 588|0x00000000a4c00000, 0x00000000a4c00000, 0x00000000a4d00000|  0%| F|  |TAMS 0x00000000a4c00000| PB 0x00000000a4c00000| Untracked |  0
| 589|0x00000000a4d00000, 0x00000000a4d00000, 0x00000000a4e00000|  0%| F|  |TAMS 0x00000000a4d00000| PB 0x00000000a4d00000| Untracked |  0
| 590|0x00000000a4e00000, 0x00000000a4e00000, 0x00000000a4f00000|  0%| F|  |TAMS 0x00000000a4e00000| PB 0x00000000a4e00000| Untracked |  0
| 591|0x00000000a4f00000, 0x00000000a4f00000, 0x00000000a5000000|  0%| F|  |TAMS 0x00000000a4f00000| PB 0x00000000a4f00000| Untracked |  0
| 592|0x00000000a5000000, 0x00000000a5000000, 0x00000000a5100000|  0%| F|  |TAMS 0x00000000a5000000| PB 0x00000000a5000000| Untracked |  0
| 593|0x00000000a5100000, 0x00000000a5100000, 0x00000000a5200000|  0%| F|  |TAMS 0x00000000a5100000| PB 0x00000000a5100000| Untracked |  0
| 594|0x00000000a5200000, 0x00000000a5200000, 0x00000000a5300000|  0%| F|  |TAMS 0x00000000a5200000| PB 0x00000000a5200000| Untracked |  0
| 595|0x00000000a5300000, 0x00000000a5300000, 0x00000000a5400000|  0%| F|  |TAMS 0x00000000a5300000| PB 0x00000000a5300000| Untracked |  0
| 596|0x00000000a5400000, 0x00000000a5400000, 0x00000000a5500000|  0%| F|  |TAMS 0x00000000a5400000| PB 0x00000000a5400000| Untracked |  0
| 597|0x00000000a5500000, 0x00000000a5500000, 0x00000000a5600000|  0%| F|  |TAMS 0x00000000a5500000| PB 0x00000000a5500000| Untracked |  0
| 598|0x00000000a5600000, 0x00000000a5600000, 0x00000000a5700000|  0%| F|  |TAMS 0x00000000a5600000| PB 0x00000000a5600000| Untracked |  0
| 599|0x00000000a5700000, 0x00000000a5700000, 0x00000000a5800000|  0%| F|  |TAMS 0x00000000a5700000| PB 0x00000000a5700000| Untracked |  0
| 600|0x00000000a5800000, 0x00000000a5800000, 0x00000000a5900000|  0%| F|  |TAMS 0x00000000a5800000| PB 0x00000000a5800000| Untracked |  0
| 601|0x00000000a5900000, 0x00000000a5900000, 0x00000000a5a00000|  0%| F|  |TAMS 0x00000000a5900000| PB 0x00000000a5900000| Untracked |  0
| 602|0x00000000a5a00000, 0x00000000a5a00000, 0x00000000a5b00000|  0%| F|  |TAMS 0x00000000a5a00000| PB 0x00000000a5a00000| Untracked |  0
| 603|0x00000000a5b00000, 0x00000000a5b00000, 0x00000000a5c00000|  0%| F|  |TAMS 0x00000000a5b00000| PB 0x00000000a5b00000| Untracked |  0
| 604|0x00000000a5c00000, 0x00000000a5c00000, 0x00000000a5d00000|  0%| F|  |TAMS 0x00000000a5c00000| PB 0x00000000a5c00000| Untracked |  0
| 605|0x00000000a5d00000, 0x00000000a5d00000, 0x00000000a5e00000|  0%| F|  |TAMS 0x00000000a5d00000| PB 0x00000000a5d00000| Untracked |  0
| 606|0x00000000a5e00000, 0x00000000a5e00000, 0x00000000a5f00000|  0%| F|  |TAMS 0x00000000a5e00000| PB 0x00000000a5e00000| Untracked |  0
| 607|0x00000000a5f00000, 0x00000000a5f00000, 0x00000000a6000000|  0%| F|  |TAMS 0x00000000a5f00000| PB 0x00000000a5f00000| Untracked |  0
| 608|0x00000000a6000000, 0x00000000a6000000, 0x00000000a6100000|  0%| F|  |TAMS 0x00000000a6000000| PB 0x00000000a6000000| Untracked |  0
| 609|0x00000000a6100000, 0x00000000a6100000, 0x00000000a6200000|  0%| F|  |TAMS 0x00000000a6100000| PB 0x00000000a6100000| Untracked |  0
| 610|0x00000000a6200000, 0x00000000a6200000, 0x00000000a6300000|  0%| F|  |TAMS 0x00000000a6200000| PB 0x00000000a6200000| Untracked |  0
| 611|0x00000000a6300000, 0x00000000a6300000, 0x00000000a6400000|  0%| F|  |TAMS 0x00000000a6300000| PB 0x00000000a6300000| Untracked |  0
| 612|0x00000000a6400000, 0x00000000a6400000, 0x00000000a6500000|  0%| F|  |TAMS 0x00000000a6400000| PB 0x00000000a6400000| Untracked |  0
| 613|0x00000000a6500000, 0x00000000a6500000, 0x00000000a6600000|  0%| F|  |TAMS 0x00000000a6500000| PB 0x00000000a6500000| Untracked |  0
| 614|0x00000000a6600000, 0x00000000a6600000, 0x00000000a6700000|  0%| F|  |TAMS 0x00000000a6600000| PB 0x00000000a6600000| Untracked |  0
| 615|0x00000000a6700000, 0x00000000a6700000, 0x00000000a6800000|  0%| F|  |TAMS 0x00000000a6700000| PB 0x00000000a6700000| Untracked |  0
| 616|0x00000000a6800000, 0x00000000a6800000, 0x00000000a6900000|  0%| F|  |TAMS 0x00000000a6800000| PB 0x00000000a6800000| Untracked |  0
| 617|0x00000000a6900000, 0x00000000a6900000, 0x00000000a6a00000|  0%| F|  |TAMS 0x00000000a6900000| PB 0x00000000a6900000| Untracked |  0
| 618|0x00000000a6a00000, 0x00000000a6a00000, 0x00000000a6b00000|  0%| F|  |TAMS 0x00000000a6a00000| PB 0x00000000a6a00000| Untracked |  0
| 619|0x00000000a6b00000, 0x00000000a6b00000, 0x00000000a6c00000|  0%| F|  |TAMS 0x00000000a6b00000| PB 0x00000000a6b00000| Untracked |  0
| 620|0x00000000a6c00000, 0x00000000a6c00000, 0x00000000a6d00000|  0%| F|  |TAMS 0x00000000a6c00000| PB 0x00000000a6c00000| Untracked |  0
| 621|0x00000000a6d00000, 0x00000000a6d00000, 0x00000000a6e00000|  0%| F|  |TAMS 0x00000000a6d00000| PB 0x00000000a6d00000| Untracked |  0
| 622|0x00000000a6e00000, 0x00000000a6e00000, 0x00000000a6f00000|  0%| F|  |TAMS 0x00000000a6e00000| PB 0x00000000a6e00000| Untracked |  0
| 623|0x00000000a6f00000, 0x00000000a6f00000, 0x00000000a7000000|  0%| F|  |TAMS 0x00000000a6f00000| PB 0x00000000a6f00000| Untracked |  0
| 624|0x00000000a7000000, 0x00000000a7000000, 0x00000000a7100000|  0%| F|  |TAMS 0x00000000a7000000| PB 0x00000000a7000000| Untracked |  0
| 625|0x00000000a7100000, 0x00000000a7100000, 0x00000000a7200000|  0%| F|  |TAMS 0x00000000a7100000| PB 0x00000000a7100000| Untracked |  0
| 626|0x00000000a7200000, 0x00000000a7200000, 0x00000000a7300000|  0%| F|  |TAMS 0x00000000a7200000| PB 0x00000000a7200000| Untracked |  0
| 627|0x00000000a7300000, 0x00000000a7300000, 0x00000000a7400000|  0%| F|  |TAMS 0x00000000a7300000| PB 0x00000000a7300000| Untracked |  0
| 628|0x00000000a7400000, 0x00000000a7400000, 0x00000000a7500000|  0%| F|  |TAMS 0x00000000a7400000| PB 0x00000000a7400000| Untracked |  0
| 629|0x00000000a7500000, 0x00000000a7500000, 0x00000000a7600000|  0%| F|  |TAMS 0x00000000a7500000| PB 0x00000000a7500000| Untracked |  0
| 630|0x00000000a7600000, 0x00000000a7600000, 0x00000000a7700000|  0%| F|  |TAMS 0x00000000a7600000| PB 0x00000000a7600000| Untracked |  0
| 631|0x00000000a7700000, 0x00000000a7700000, 0x00000000a7800000|  0%| F|  |TAMS 0x00000000a7700000| PB 0x00000000a7700000| Untracked |  0
| 632|0x00000000a7800000, 0x00000000a7800000, 0x00000000a7900000|  0%| F|  |TAMS 0x00000000a7800000| PB 0x00000000a7800000| Untracked |  0
| 633|0x00000000a7900000, 0x00000000a7900000, 0x00000000a7a00000|  0%| F|  |TAMS 0x00000000a7900000| PB 0x00000000a7900000| Untracked |  0
| 634|0x00000000a7a00000, 0x00000000a7a00000, 0x00000000a7b00000|  0%| F|  |TAMS 0x00000000a7a00000| PB 0x00000000a7a00000| Untracked |  0
| 635|0x00000000a7b00000, 0x00000000a7b00000, 0x00000000a7c00000|  0%| F|  |TAMS 0x00000000a7b00000| PB 0x00000000a7b00000| Untracked |  0
| 636|0x00000000a7c00000, 0x00000000a7c00000, 0x00000000a7d00000|  0%| F|  |TAMS 0x00000000a7c00000| PB 0x00000000a7c00000| Untracked |  0
| 637|0x00000000a7d00000, 0x00000000a7d00000, 0x00000000a7e00000|  0%| F|  |TAMS 0x00000000a7d00000| PB 0x00000000a7d00000| Untracked |  0
| 638|0x00000000a7e00000, 0x00000000a7e00000, 0x00000000a7f00000|  0%| F|  |TAMS 0x00000000a7e00000| PB 0x00000000a7e00000| Untracked |  0
| 639|0x00000000a7f00000, 0x00000000a7f00000, 0x00000000a8000000|  0%| F|  |TAMS 0x00000000a7f00000| PB 0x00000000a7f00000| Untracked |  0
| 640|0x00000000a8000000, 0x00000000a8000000, 0x00000000a8100000|  0%| F|  |TAMS 0x00000000a8000000| PB 0x00000000a8000000| Untracked |  0
| 641|0x00000000a8100000, 0x00000000a8100000, 0x00000000a8200000|  0%| F|  |TAMS 0x00000000a8100000| PB 0x00000000a8100000| Untracked |  0
| 642|0x00000000a8200000, 0x00000000a8200000, 0x00000000a8300000|  0%| F|  |TAMS 0x00000000a8200000| PB 0x00000000a8200000| Untracked |  0
| 643|0x00000000a8300000, 0x00000000a8300000, 0x00000000a8400000|  0%| F|  |TAMS 0x00000000a8300000| PB 0x00000000a8300000| Untracked |  0
| 644|0x00000000a8400000, 0x00000000a8400000, 0x00000000a8500000|  0%| F|  |TAMS 0x00000000a8400000| PB 0x00000000a8400000| Untracked |  0
| 645|0x00000000a8500000, 0x00000000a8500000, 0x00000000a8600000|  0%| F|  |TAMS 0x00000000a8500000| PB 0x00000000a8500000| Untracked |  0
| 646|0x00000000a8600000, 0x00000000a8600000, 0x00000000a8700000|  0%| F|  |TAMS 0x00000000a8600000| PB 0x00000000a8600000| Untracked |  0
| 647|0x00000000a8700000, 0x00000000a8700000, 0x00000000a8800000|  0%| F|  |TAMS 0x00000000a8700000| PB 0x00000000a8700000| Untracked |  0
| 648|0x00000000a8800000, 0x00000000a8800000, 0x00000000a8900000|  0%| F|  |TAMS 0x00000000a8800000| PB 0x00000000a8800000| Untracked |  0
| 649|0x00000000a8900000, 0x00000000a8900000, 0x00000000a8a00000|  0%| F|  |TAMS 0x00000000a8900000| PB 0x00000000a8900000| Untracked |  0
| 650|0x00000000a8a00000, 0x00000000a8a00000, 0x00000000a8b00000|  0%| F|  |TAMS 0x00000000a8a00000| PB 0x00000000a8a00000| Untracked |  0
| 651|0x00000000a8b00000, 0x00000000a8b00000, 0x00000000a8c00000|  0%| F|  |TAMS 0x00000000a8b00000| PB 0x00000000a8b00000| Untracked |  0
| 652|0x00000000a8c00000, 0x00000000a8c00000, 0x00000000a8d00000|  0%| F|  |TAMS 0x00000000a8c00000| PB 0x00000000a8c00000| Untracked |  0
| 653|0x00000000a8d00000, 0x00000000a8d00000, 0x00000000a8e00000|  0%| F|  |TAMS 0x00000000a8d00000| PB 0x00000000a8d00000| Untracked |  0
| 654|0x00000000a8e00000, 0x00000000a8e00000, 0x00000000a8f00000|  0%| F|  |TAMS 0x00000000a8e00000| PB 0x00000000a8e00000| Untracked |  0
| 655|0x00000000a8f00000, 0x00000000a8f00000, 0x00000000a9000000|  0%| F|  |TAMS 0x00000000a8f00000| PB 0x00000000a8f00000| Untracked |  0
| 656|0x00000000a9000000, 0x00000000a9000000, 0x00000000a9100000|  0%| F|  |TAMS 0x00000000a9000000| PB 0x00000000a9000000| Untracked |  0
| 657|0x00000000a9100000, 0x00000000a9100000, 0x00000000a9200000|  0%| F|  |TAMS 0x00000000a9100000| PB 0x00000000a9100000| Untracked |  0
| 658|0x00000000a9200000, 0x00000000a9200000, 0x00000000a9300000|  0%| F|  |TAMS 0x00000000a9200000| PB 0x00000000a9200000| Untracked |  0
| 659|0x00000000a9300000, 0x00000000a9300000, 0x00000000a9400000|  0%| F|  |TAMS 0x00000000a9300000| PB 0x00000000a9300000| Untracked |  0
| 660|0x00000000a9400000, 0x00000000a9400000, 0x00000000a9500000|  0%| F|  |TAMS 0x00000000a9400000| PB 0x00000000a9400000| Untracked |  0
| 661|0x00000000a9500000, 0x00000000a9500000, 0x00000000a9600000|  0%| F|  |TAMS 0x00000000a9500000| PB 0x00000000a9500000| Untracked |  0
| 662|0x00000000a9600000, 0x00000000a9600000, 0x00000000a9700000|  0%| F|  |TAMS 0x00000000a9600000| PB 0x00000000a9600000| Untracked |  0
| 663|0x00000000a9700000, 0x00000000a9700000, 0x00000000a9800000|  0%| F|  |TAMS 0x00000000a9700000| PB 0x00000000a9700000| Untracked |  0
| 664|0x00000000a9800000, 0x00000000a9800000, 0x00000000a9900000|  0%| F|  |TAMS 0x00000000a9800000| PB 0x00000000a9800000| Untracked |  0
| 665|0x00000000a9900000, 0x00000000a9900000, 0x00000000a9a00000|  0%| F|  |TAMS 0x00000000a9900000| PB 0x00000000a9900000| Untracked |  0
| 666|0x00000000a9a00000, 0x00000000a9a00000, 0x00000000a9b00000|  0%| F|  |TAMS 0x00000000a9a00000| PB 0x00000000a9a00000| Untracked |  0
| 667|0x00000000a9b00000, 0x00000000a9b00000, 0x00000000a9c00000|  0%| F|  |TAMS 0x00000000a9b00000| PB 0x00000000a9b00000| Untracked |  0
| 668|0x00000000a9c00000, 0x00000000a9c00000, 0x00000000a9d00000|  0%| F|  |TAMS 0x00000000a9c00000| PB 0x00000000a9c00000| Untracked |  0
| 669|0x00000000a9d00000, 0x00000000a9d00000, 0x00000000a9e00000|  0%| F|  |TAMS 0x00000000a9d00000| PB 0x00000000a9d00000| Untracked |  0
| 670|0x00000000a9e00000, 0x00000000a9e00000, 0x00000000a9f00000|  0%| F|  |TAMS 0x00000000a9e00000| PB 0x00000000a9e00000| Untracked |  0
| 671|0x00000000a9f00000, 0x00000000a9f00000, 0x00000000aa000000|  0%| F|  |TAMS 0x00000000a9f00000| PB 0x00000000a9f00000| Untracked |  0
| 672|0x00000000aa000000, 0x00000000aa000000, 0x00000000aa100000|  0%| F|  |TAMS 0x00000000aa000000| PB 0x00000000aa000000| Untracked |  0
| 673|0x00000000aa100000, 0x00000000aa100000, 0x00000000aa200000|  0%| F|  |TAMS 0x00000000aa100000| PB 0x00000000aa100000| Untracked |  0
| 674|0x00000000aa200000, 0x00000000aa200000, 0x00000000aa300000|  0%| F|  |TAMS 0x00000000aa200000| PB 0x00000000aa200000| Untracked |  0
| 675|0x00000000aa300000, 0x00000000aa300000, 0x00000000aa400000|  0%| F|  |TAMS 0x00000000aa300000| PB 0x00000000aa300000| Untracked |  0
| 676|0x00000000aa400000, 0x00000000aa400000, 0x00000000aa500000|  0%| F|  |TAMS 0x00000000aa400000| PB 0x00000000aa400000| Untracked |  0
| 677|0x00000000aa500000, 0x00000000aa500000, 0x00000000aa600000|  0%| F|  |TAMS 0x00000000aa500000| PB 0x00000000aa500000| Untracked |  0
| 678|0x00000000aa600000, 0x00000000aa600000, 0x00000000aa700000|  0%| F|  |TAMS 0x00000000aa600000| PB 0x00000000aa600000| Untracked |  0
| 679|0x00000000aa700000, 0x00000000aa700000, 0x00000000aa800000|  0%| F|  |TAMS 0x00000000aa700000| PB 0x00000000aa700000| Untracked |  0
| 680|0x00000000aa800000, 0x00000000aa800000, 0x00000000aa900000|  0%| F|  |TAMS 0x00000000aa800000| PB 0x00000000aa800000| Untracked |  0
| 681|0x00000000aa900000, 0x00000000aa900000, 0x00000000aaa00000|  0%| F|  |TAMS 0x00000000aa900000| PB 0x00000000aa900000| Untracked |  0
| 682|0x00000000aaa00000, 0x00000000aaa00000, 0x00000000aab00000|  0%| F|  |TAMS 0x00000000aaa00000| PB 0x00000000aaa00000| Untracked |  0
| 683|0x00000000aab00000, 0x00000000aab00000, 0x00000000aac00000|  0%| F|  |TAMS 0x00000000aab00000| PB 0x00000000aab00000| Untracked |  0
| 684|0x00000000aac00000, 0x00000000aac00000, 0x00000000aad00000|  0%| F|  |TAMS 0x00000000aac00000| PB 0x00000000aac00000| Untracked |  0
| 685|0x00000000aad00000, 0x00000000aad00000, 0x00000000aae00000|  0%| F|  |TAMS 0x00000000aad00000| PB 0x00000000aad00000| Untracked |  0
| 686|0x00000000aae00000, 0x00000000aae00000, 0x00000000aaf00000|  0%| F|  |TAMS 0x00000000aae00000| PB 0x00000000aae00000| Untracked |  0
| 687|0x00000000aaf00000, 0x00000000aaf00000, 0x00000000ab000000|  0%| F|  |TAMS 0x00000000aaf00000| PB 0x00000000aaf00000| Untracked |  0
| 688|0x00000000ab000000, 0x00000000ab000000, 0x00000000ab100000|  0%| F|  |TAMS 0x00000000ab000000| PB 0x00000000ab000000| Untracked |  0
| 689|0x00000000ab100000, 0x00000000ab100000, 0x00000000ab200000|  0%| F|  |TAMS 0x00000000ab100000| PB 0x00000000ab100000| Untracked |  0
| 690|0x00000000ab200000, 0x00000000ab200000, 0x00000000ab300000|  0%| F|  |TAMS 0x00000000ab200000| PB 0x00000000ab200000| Untracked |  0
| 691|0x00000000ab300000, 0x00000000ab300000, 0x00000000ab400000|  0%| F|  |TAMS 0x00000000ab300000| PB 0x00000000ab300000| Untracked |  0
| 692|0x00000000ab400000, 0x00000000ab400000, 0x00000000ab500000|  0%| F|  |TAMS 0x00000000ab400000| PB 0x00000000ab400000| Untracked |  0
| 693|0x00000000ab500000, 0x00000000ab500000, 0x00000000ab600000|  0%| F|  |TAMS 0x00000000ab500000| PB 0x00000000ab500000| Untracked |  0
| 694|0x00000000ab600000, 0x00000000ab600000, 0x00000000ab700000|  0%| F|  |TAMS 0x00000000ab600000| PB 0x00000000ab600000| Untracked |  0
| 695|0x00000000ab700000, 0x00000000ab700000, 0x00000000ab800000|  0%| F|  |TAMS 0x00000000ab700000| PB 0x00000000ab700000| Untracked |  0
| 696|0x00000000ab800000, 0x00000000ab800000, 0x00000000ab900000|  0%| F|  |TAMS 0x00000000ab800000| PB 0x00000000ab800000| Untracked |  0
| 697|0x00000000ab900000, 0x00000000ab900000, 0x00000000aba00000|  0%| F|  |TAMS 0x00000000ab900000| PB 0x00000000ab900000| Untracked |  0
| 698|0x00000000aba00000, 0x00000000aba00000, 0x00000000abb00000|  0%| F|  |TAMS 0x00000000aba00000| PB 0x00000000aba00000| Untracked |  0
| 699|0x00000000abb00000, 0x00000000abb00000, 0x00000000abc00000|  0%| F|  |TAMS 0x00000000abb00000| PB 0x00000000abb00000| Untracked |  0
| 700|0x00000000abc00000, 0x00000000abc00000, 0x00000000abd00000|  0%| F|  |TAMS 0x00000000abc00000| PB 0x00000000abc00000| Untracked |  0
| 701|0x00000000abd00000, 0x00000000abd00000, 0x00000000abe00000|  0%| F|  |TAMS 0x00000000abd00000| PB 0x00000000abd00000| Untracked |  0
| 702|0x00000000abe00000, 0x00000000abe00000, 0x00000000abf00000|  0%| F|  |TAMS 0x00000000abe00000| PB 0x00000000abe00000| Untracked |  0
| 703|0x00000000abf00000, 0x00000000abf00000, 0x00000000ac000000|  0%| F|  |TAMS 0x00000000abf00000| PB 0x00000000abf00000| Untracked |  0
| 704|0x00000000ac000000, 0x00000000ac000000, 0x00000000ac100000|  0%| F|  |TAMS 0x00000000ac000000| PB 0x00000000ac000000| Untracked |  0
| 705|0x00000000ac100000, 0x00000000ac100000, 0x00000000ac200000|  0%| F|  |TAMS 0x00000000ac100000| PB 0x00000000ac100000| Untracked |  0
| 706|0x00000000ac200000, 0x00000000ac200000, 0x00000000ac300000|  0%| F|  |TAMS 0x00000000ac200000| PB 0x00000000ac200000| Untracked |  0
| 707|0x00000000ac300000, 0x00000000ac300000, 0x00000000ac400000|  0%| F|  |TAMS 0x00000000ac300000| PB 0x00000000ac300000| Untracked |  0
| 708|0x00000000ac400000, 0x00000000ac400000, 0x00000000ac500000|  0%| F|  |TAMS 0x00000000ac400000| PB 0x00000000ac400000| Untracked |  0
| 709|0x00000000ac500000, 0x00000000ac500000, 0x00000000ac600000|  0%| F|  |TAMS 0x00000000ac500000| PB 0x00000000ac500000| Untracked |  0
| 710|0x00000000ac600000, 0x00000000ac600000, 0x00000000ac700000|  0%| F|  |TAMS 0x00000000ac600000| PB 0x00000000ac600000| Untracked |  0
| 711|0x00000000ac700000, 0x00000000ac700000, 0x00000000ac800000|  0%| F|  |TAMS 0x00000000ac700000| PB 0x00000000ac700000| Untracked |  0
| 712|0x00000000ac800000, 0x00000000ac800000, 0x00000000ac900000|  0%| F|  |TAMS 0x00000000ac800000| PB 0x00000000ac800000| Untracked |  0
| 713|0x00000000ac900000, 0x00000000ac900000, 0x00000000aca00000|  0%| F|  |TAMS 0x00000000ac900000| PB 0x00000000ac900000| Untracked |  0
| 714|0x00000000aca00000, 0x00000000aca00000, 0x00000000acb00000|  0%| F|  |TAMS 0x00000000aca00000| PB 0x00000000aca00000| Untracked |  0
| 715|0x00000000acb00000, 0x00000000acb00000, 0x00000000acc00000|  0%| F|  |TAMS 0x00000000acb00000| PB 0x00000000acb00000| Untracked |  0
| 716|0x00000000acc00000, 0x00000000acc00000, 0x00000000acd00000|  0%| F|  |TAMS 0x00000000acc00000| PB 0x00000000acc00000| Untracked |  0
| 717|0x00000000acd00000, 0x00000000acd00000, 0x00000000ace00000|  0%| F|  |TAMS 0x00000000acd00000| PB 0x00000000acd00000| Untracked |  0
| 718|0x00000000ace00000, 0x00000000ace00000, 0x00000000acf00000|  0%| F|  |TAMS 0x00000000ace00000| PB 0x00000000ace00000| Untracked |  0
| 719|0x00000000acf00000, 0x00000000acf00000, 0x00000000ad000000|  0%| F|  |TAMS 0x00000000acf00000| PB 0x00000000acf00000| Untracked |  0
| 720|0x00000000ad000000, 0x00000000ad000000, 0x00000000ad100000|  0%| F|  |TAMS 0x00000000ad000000| PB 0x00000000ad000000| Untracked |  0
| 721|0x00000000ad100000, 0x00000000ad100000, 0x00000000ad200000|  0%| F|  |TAMS 0x00000000ad100000| PB 0x00000000ad100000| Untracked |  0
| 722|0x00000000ad200000, 0x00000000ad200000, 0x00000000ad300000|  0%| F|  |TAMS 0x00000000ad200000| PB 0x00000000ad200000| Untracked |  0
| 723|0x00000000ad300000, 0x00000000ad300000, 0x00000000ad400000|  0%| F|  |TAMS 0x00000000ad300000| PB 0x00000000ad300000| Untracked |  0
| 724|0x00000000ad400000, 0x00000000ad400000, 0x00000000ad500000|  0%| F|  |TAMS 0x00000000ad400000| PB 0x00000000ad400000| Untracked |  0
| 725|0x00000000ad500000, 0x00000000ad500000, 0x00000000ad600000|  0%| F|  |TAMS 0x00000000ad500000| PB 0x00000000ad500000| Untracked |  0
| 726|0x00000000ad600000, 0x00000000ad600000, 0x00000000ad700000|  0%| F|  |TAMS 0x00000000ad600000| PB 0x00000000ad600000| Untracked |  0
| 727|0x00000000ad700000, 0x00000000ad700000, 0x00000000ad800000|  0%| F|  |TAMS 0x00000000ad700000| PB 0x00000000ad700000| Untracked |  0
| 728|0x00000000ad800000, 0x00000000ad800000, 0x00000000ad900000|  0%| F|  |TAMS 0x00000000ad800000| PB 0x00000000ad800000| Untracked |  0
| 729|0x00000000ad900000, 0x00000000ad900000, 0x00000000ada00000|  0%| F|  |TAMS 0x00000000ad900000| PB 0x00000000ad900000| Untracked |  0
| 730|0x00000000ada00000, 0x00000000ada00000, 0x00000000adb00000|  0%| F|  |TAMS 0x00000000ada00000| PB 0x00000000ada00000| Untracked |  0
| 731|0x00000000adb00000, 0x00000000adb00000, 0x00000000adc00000|  0%| F|  |TAMS 0x00000000adb00000| PB 0x00000000adb00000| Untracked |  0
| 732|0x00000000adc00000, 0x00000000adc00000, 0x00000000add00000|  0%| F|  |TAMS 0x00000000adc00000| PB 0x00000000adc00000| Untracked |  0
| 733|0x00000000add00000, 0x00000000add00000, 0x00000000ade00000|  0%| F|  |TAMS 0x00000000add00000| PB 0x00000000add00000| Untracked |  0
| 734|0x00000000ade00000, 0x00000000ade00000, 0x00000000adf00000|  0%| F|  |TAMS 0x00000000ade00000| PB 0x00000000ade00000| Untracked |  0
| 735|0x00000000adf00000, 0x00000000adf00000, 0x00000000ae000000|  0%| F|  |TAMS 0x00000000adf00000| PB 0x00000000adf00000| Untracked |  0
| 736|0x00000000ae000000, 0x00000000ae100000, 0x00000000ae100000|100%| S|CS|TAMS 0x00000000ae000000| PB 0x00000000ae000000| Complete |  0
| 737|0x00000000ae100000, 0x00000000ae200000, 0x00000000ae200000|100%| S|CS|TAMS 0x00000000ae100000| PB 0x00000000ae100000| Complete |  0
| 738|0x00000000ae200000, 0x00000000ae300000, 0x00000000ae300000|100%| S|CS|TAMS 0x00000000ae200000| PB 0x00000000ae200000| Complete |  0
| 739|0x00000000ae300000, 0x00000000ae400000, 0x00000000ae400000|100%| S|CS|TAMS 0x00000000ae300000| PB 0x00000000ae300000| Complete |  0
| 740|0x00000000ae400000, 0x00000000ae500000, 0x00000000ae500000|100%| S|CS|TAMS 0x00000000ae400000| PB 0x00000000ae400000| Complete |  0
| 741|0x00000000ae500000, 0x00000000ae600000, 0x00000000ae600000|100%| S|CS|TAMS 0x00000000ae500000| PB 0x00000000ae500000| Complete |  0
| 742|0x00000000ae600000, 0x00000000ae700000, 0x00000000ae700000|100%| S|CS|TAMS 0x00000000ae600000| PB 0x00000000ae600000| Complete |  0
| 743|0x00000000ae700000, 0x00000000ae800000, 0x00000000ae800000|100%| S|CS|TAMS 0x00000000ae700000| PB 0x00000000ae700000| Complete |  0
| 744|0x00000000ae800000, 0x00000000ae900000, 0x00000000ae900000|100%| S|CS|TAMS 0x00000000ae800000| PB 0x00000000ae800000| Complete |  0
| 745|0x00000000ae900000, 0x00000000aea00000, 0x00000000aea00000|100%| S|CS|TAMS 0x00000000ae900000| PB 0x00000000ae900000| Complete |  0
| 746|0x00000000aea00000, 0x00000000aeb00000, 0x00000000aeb00000|100%| S|CS|TAMS 0x00000000aea00000| PB 0x00000000aea00000| Complete |  0
| 747|0x00000000aeb00000, 0x00000000aeb00000, 0x00000000aec00000|  0%| F|  |TAMS 0x00000000aeb00000| PB 0x00000000aeb00000| Untracked |  0
| 748|0x00000000aec00000, 0x00000000aec00000, 0x00000000aed00000|  0%| F|  |TAMS 0x00000000aec00000| PB 0x00000000aec00000| Untracked |  0
| 749|0x00000000aed00000, 0x00000000aed00000, 0x00000000aee00000|  0%| F|  |TAMS 0x00000000aed00000| PB 0x00000000aed00000| Untracked |  0
| 750|0x00000000aee00000, 0x00000000aee00000, 0x00000000aef00000|  0%| F|  |TAMS 0x00000000aee00000| PB 0x00000000aee00000| Untracked |  0
| 751|0x00000000aef00000, 0x00000000aef00000, 0x00000000af000000|  0%| F|  |TAMS 0x00000000aef00000| PB 0x00000000aef00000| Untracked |  0
| 752|0x00000000af000000, 0x00000000af000000, 0x00000000af100000|  0%| F|  |TAMS 0x00000000af000000| PB 0x00000000af000000| Untracked |  0
| 753|0x00000000af100000, 0x00000000af100000, 0x00000000af200000|  0%| F|  |TAMS 0x00000000af100000| PB 0x00000000af100000| Untracked |  0
| 754|0x00000000af200000, 0x00000000af200000, 0x00000000af300000|  0%| F|  |TAMS 0x00000000af200000| PB 0x00000000af200000| Untracked |  0
| 755|0x00000000af300000, 0x00000000af300000, 0x00000000af400000|  0%| F|  |TAMS 0x00000000af300000| PB 0x00000000af300000| Untracked |  0
| 756|0x00000000af400000, 0x00000000af400000, 0x00000000af500000|  0%| F|  |TAMS 0x00000000af400000| PB 0x00000000af400000| Untracked |  0
| 757|0x00000000af500000, 0x00000000af500000, 0x00000000af600000|  0%| F|  |TAMS 0x00000000af500000| PB 0x00000000af500000| Untracked |  0
| 758|0x00000000af600000, 0x00000000af600000, 0x00000000af700000|  0%| F|  |TAMS 0x00000000af600000| PB 0x00000000af600000| Untracked |  0
| 759|0x00000000af700000, 0x00000000af700000, 0x00000000af800000|  0%| F|  |TAMS 0x00000000af700000| PB 0x00000000af700000| Untracked |  0
| 760|0x00000000af800000, 0x00000000af800000, 0x00000000af900000|  0%| F|  |TAMS 0x00000000af800000| PB 0x00000000af800000| Untracked |  0
| 761|0x00000000af900000, 0x00000000af900000, 0x00000000afa00000|  0%| F|  |TAMS 0x00000000af900000| PB 0x00000000af900000| Untracked |  0
| 762|0x00000000afa00000, 0x00000000afa00000, 0x00000000afb00000|  0%| F|  |TAMS 0x00000000afa00000| PB 0x00000000afa00000| Untracked |  0
| 763|0x00000000afb00000, 0x00000000afb00000, 0x00000000afc00000|  0%| F|  |TAMS 0x00000000afb00000| PB 0x00000000afb00000| Untracked |  0
| 764|0x00000000afc00000, 0x00000000afc00000, 0x00000000afd00000|  0%| F|  |TAMS 0x00000000afc00000| PB 0x00000000afc00000| Untracked |  0
| 765|0x00000000afd00000, 0x00000000afd00000, 0x00000000afe00000|  0%| F|  |TAMS 0x00000000afd00000| PB 0x00000000afd00000| Untracked |  0
| 766|0x00000000afe00000, 0x00000000afe00000, 0x00000000aff00000|  0%| F|  |TAMS 0x00000000afe00000| PB 0x00000000afe00000| Untracked |  0
| 767|0x00000000aff00000, 0x00000000aff00000, 0x00000000b0000000|  0%| F|  |TAMS 0x00000000aff00000| PB 0x00000000aff00000| Untracked |  0
| 768|0x00000000b0000000, 0x00000000b0000000, 0x00000000b0100000|  0%| F|  |TAMS 0x00000000b0000000| PB 0x00000000b0000000| Untracked |  0
| 769|0x00000000b0100000, 0x00000000b0100000, 0x00000000b0200000|  0%| F|  |TAMS 0x00000000b0100000| PB 0x00000000b0100000| Untracked |  0
| 770|0x00000000b0200000, 0x00000000b0200000, 0x00000000b0300000|  0%| F|  |TAMS 0x00000000b0200000| PB 0x00000000b0200000| Untracked |  0
| 771|0x00000000b0300000, 0x00000000b0300000, 0x00000000b0400000|  0%| F|  |TAMS 0x00000000b0300000| PB 0x00000000b0300000| Untracked |  0
| 772|0x00000000b0400000, 0x00000000b0400000, 0x00000000b0500000|  0%| F|  |TAMS 0x00000000b0400000| PB 0x00000000b0400000| Untracked |  0
| 773|0x00000000b0500000, 0x00000000b0500000, 0x00000000b0600000|  0%| F|  |TAMS 0x00000000b0500000| PB 0x00000000b0500000| Untracked |  0
| 774|0x00000000b0600000, 0x00000000b0600000, 0x00000000b0700000|  0%| F|  |TAMS 0x00000000b0600000| PB 0x00000000b0600000| Untracked |  0
| 775|0x00000000b0700000, 0x00000000b0700000, 0x00000000b0800000|  0%| F|  |TAMS 0x00000000b0700000| PB 0x00000000b0700000| Untracked |  0
| 776|0x00000000b0800000, 0x00000000b0800000, 0x00000000b0900000|  0%| F|  |TAMS 0x00000000b0800000| PB 0x00000000b0800000| Untracked |  0
| 777|0x00000000b0900000, 0x00000000b0900000, 0x00000000b0a00000|  0%| F|  |TAMS 0x00000000b0900000| PB 0x00000000b0900000| Untracked |  0
| 778|0x00000000b0a00000, 0x00000000b0a00000, 0x00000000b0b00000|  0%| F|  |TAMS 0x00000000b0a00000| PB 0x00000000b0a00000| Untracked |  0
| 779|0x00000000b0b00000, 0x00000000b0b00000, 0x00000000b0c00000|  0%| F|  |TAMS 0x00000000b0b00000| PB 0x00000000b0b00000| Untracked |  0
| 780|0x00000000b0c00000, 0x00000000b0c00000, 0x00000000b0d00000|  0%| F|  |TAMS 0x00000000b0c00000| PB 0x00000000b0c00000| Untracked |  0
| 781|0x00000000b0d00000, 0x00000000b0d00000, 0x00000000b0e00000|  0%| F|  |TAMS 0x00000000b0d00000| PB 0x00000000b0d00000| Untracked |  0
| 782|0x00000000b0e00000, 0x00000000b0e00000, 0x00000000b0f00000|  0%| F|  |TAMS 0x00000000b0e00000| PB 0x00000000b0e00000| Untracked |  0
| 783|0x00000000b0f00000, 0x00000000b0f00000, 0x00000000b1000000|  0%| F|  |TAMS 0x00000000b0f00000| PB 0x00000000b0f00000| Untracked |  0
| 784|0x00000000b1000000, 0x00000000b1000000, 0x00000000b1100000|  0%| F|  |TAMS 0x00000000b1000000| PB 0x00000000b1000000| Untracked |  0
| 785|0x00000000b1100000, 0x00000000b1100000, 0x00000000b1200000|  0%| F|  |TAMS 0x00000000b1100000| PB 0x00000000b1100000| Untracked |  0
| 786|0x00000000b1200000, 0x00000000b1200000, 0x00000000b1300000|  0%| F|  |TAMS 0x00000000b1200000| PB 0x00000000b1200000| Untracked |  0
| 787|0x00000000b1300000, 0x00000000b1300000, 0x00000000b1400000|  0%| F|  |TAMS 0x00000000b1300000| PB 0x00000000b1300000| Untracked |  0
| 788|0x00000000b1400000, 0x00000000b1400000, 0x00000000b1500000|  0%| F|  |TAMS 0x00000000b1400000| PB 0x00000000b1400000| Untracked |  0
| 789|0x00000000b1500000, 0x00000000b1500000, 0x00000000b1600000|  0%| F|  |TAMS 0x00000000b1500000| PB 0x00000000b1500000| Untracked |  0
| 790|0x00000000b1600000, 0x00000000b1600000, 0x00000000b1700000|  0%| F|  |TAMS 0x00000000b1600000| PB 0x00000000b1600000| Untracked |  0
| 791|0x00000000b1700000, 0x00000000b1700000, 0x00000000b1800000|  0%| F|  |TAMS 0x00000000b1700000| PB 0x00000000b1700000| Untracked |  0
| 792|0x00000000b1800000, 0x00000000b1800000, 0x00000000b1900000|  0%| F|  |TAMS 0x00000000b1800000| PB 0x00000000b1800000| Untracked |  0
| 793|0x00000000b1900000, 0x00000000b1900000, 0x00000000b1a00000|  0%| F|  |TAMS 0x00000000b1900000| PB 0x00000000b1900000| Untracked |  0
| 794|0x00000000b1a00000, 0x00000000b1a00000, 0x00000000b1b00000|  0%| F|  |TAMS 0x00000000b1a00000| PB 0x00000000b1a00000| Untracked |  0
| 795|0x00000000b1b00000, 0x00000000b1b00000, 0x00000000b1c00000|  0%| F|  |TAMS 0x00000000b1b00000| PB 0x00000000b1b00000| Untracked |  0
| 796|0x00000000b1c00000, 0x00000000b1c00000, 0x00000000b1d00000|  0%| F|  |TAMS 0x00000000b1c00000| PB 0x00000000b1c00000| Untracked |  0
| 797|0x00000000b1d00000, 0x00000000b1d00000, 0x00000000b1e00000|  0%| F|  |TAMS 0x00000000b1d00000| PB 0x00000000b1d00000| Untracked |  0
| 798|0x00000000b1e00000, 0x00000000b1e00000, 0x00000000b1f00000|  0%| F|  |TAMS 0x00000000b1e00000| PB 0x00000000b1e00000| Untracked |  0
| 799|0x00000000b1f00000, 0x00000000b1f00000, 0x00000000b2000000|  0%| F|  |TAMS 0x00000000b1f00000| PB 0x00000000b1f00000| Untracked |  0
| 800|0x00000000b2000000, 0x00000000b2000000, 0x00000000b2100000|  0%| F|  |TAMS 0x00000000b2000000| PB 0x00000000b2000000| Untracked |  0
| 801|0x00000000b2100000, 0x00000000b21c92a8, 0x00000000b2200000| 78%| E|  |TAMS 0x00000000b2100000| PB 0x00000000b2100000| Complete |  0
| 802|0x00000000b2200000, 0x00000000b2300000, 0x00000000b2300000|100%| E|CS|TAMS 0x00000000b2200000| PB 0x00000000b2200000| Complete |  0
| 803|0x00000000b2300000, 0x00000000b2400000, 0x00000000b2400000|100%| E|CS|TAMS 0x00000000b2300000| PB 0x00000000b2300000| Complete |  0
| 804|0x00000000b2400000, 0x00000000b2500000, 0x00000000b2500000|100%| E|CS|TAMS 0x00000000b2400000| PB 0x00000000b2400000| Complete |  0
| 805|0x00000000b2500000, 0x00000000b2600000, 0x00000000b2600000|100%| E|CS|TAMS 0x00000000b2500000| PB 0x00000000b2500000| Complete |  0
| 806|0x00000000b2600000, 0x00000000b2700000, 0x00000000b2700000|100%| E|CS|TAMS 0x00000000b2600000| PB 0x00000000b2600000| Complete |  0
| 807|0x00000000b2700000, 0x00000000b2800000, 0x00000000b2800000|100%| E|CS|TAMS 0x00000000b2700000| PB 0x00000000b2700000| Complete |  0
| 808|0x00000000b2800000, 0x00000000b2900000, 0x00000000b2900000|100%| E|CS|TAMS 0x00000000b2800000| PB 0x00000000b2800000| Complete |  0
| 809|0x00000000b2900000, 0x00000000b2a00000, 0x00000000b2a00000|100%| E|CS|TAMS 0x00000000b2900000| PB 0x00000000b2900000| Complete |  0
| 810|0x00000000b2a00000, 0x00000000b2b00000, 0x00000000b2b00000|100%| E|CS|TAMS 0x00000000b2a00000| PB 0x00000000b2a00000| Complete |  0
| 811|0x00000000b2b00000, 0x00000000b2c00000, 0x00000000b2c00000|100%| E|CS|TAMS 0x00000000b2b00000| PB 0x00000000b2b00000| Complete |  0
| 812|0x00000000b2c00000, 0x00000000b2d00000, 0x00000000b2d00000|100%| E|CS|TAMS 0x00000000b2c00000| PB 0x00000000b2c00000| Complete |  0
| 813|0x00000000b2d00000, 0x00000000b2e00000, 0x00000000b2e00000|100%| E|CS|TAMS 0x00000000b2d00000| PB 0x00000000b2d00000| Complete |  0
| 814|0x00000000b2e00000, 0x00000000b2f00000, 0x00000000b2f00000|100%| E|CS|TAMS 0x00000000b2e00000| PB 0x00000000b2e00000| Complete |  0
| 815|0x00000000b2f00000, 0x00000000b3000000, 0x00000000b3000000|100%| E|CS|TAMS 0x00000000b2f00000| PB 0x00000000b2f00000| Complete |  0
| 816|0x00000000b3000000, 0x00000000b3100000, 0x00000000b3100000|100%| E|CS|TAMS 0x00000000b3000000| PB 0x00000000b3000000| Complete |  0
| 817|0x00000000b3100000, 0x00000000b3200000, 0x00000000b3200000|100%| E|CS|TAMS 0x00000000b3100000| PB 0x00000000b3100000| Complete |  0
| 818|0x00000000b3200000, 0x00000000b3300000, 0x00000000b3300000|100%| E|CS|TAMS 0x00000000b3200000| PB 0x00000000b3200000| Complete |  0
| 819|0x00000000b3300000, 0x00000000b3400000, 0x00000000b3400000|100%| E|CS|TAMS 0x00000000b3300000| PB 0x00000000b3300000| Complete |  0
| 820|0x00000000b3400000, 0x00000000b3500000, 0x00000000b3500000|100%| E|CS|TAMS 0x00000000b3400000| PB 0x00000000b3400000| Complete |  0
| 821|0x00000000b3500000, 0x00000000b3600000, 0x00000000b3600000|100%| E|CS|TAMS 0x00000000b3500000| PB 0x00000000b3500000| Complete |  0
| 822|0x00000000b3600000, 0x00000000b3700000, 0x00000000b3700000|100%| E|CS|TAMS 0x00000000b3600000| PB 0x00000000b3600000| Complete |  0
| 823|0x00000000b3700000, 0x00000000b3800000, 0x00000000b3800000|100%| E|CS|TAMS 0x00000000b3700000| PB 0x00000000b3700000| Complete |  0
| 824|0x00000000b3800000, 0x00000000b3900000, 0x00000000b3900000|100%| E|CS|TAMS 0x00000000b3800000| PB 0x00000000b3800000| Complete |  0
| 825|0x00000000b3900000, 0x00000000b3a00000, 0x00000000b3a00000|100%| E|CS|TAMS 0x00000000b3900000| PB 0x00000000b3900000| Complete |  0
| 826|0x00000000b3a00000, 0x00000000b3b00000, 0x00000000b3b00000|100%| E|CS|TAMS 0x00000000b3a00000| PB 0x00000000b3a00000| Complete |  0
| 827|0x00000000b3b00000, 0x00000000b3c00000, 0x00000000b3c00000|100%| E|CS|TAMS 0x00000000b3b00000| PB 0x00000000b3b00000| Complete |  0
|1978|0x00000000fba00000, 0x00000000fbb00000, 0x00000000fbb00000|100%| O|  |TAMS 0x00000000fba00000| PB 0x00000000fba00000| Untracked |  0
|1979|0x00000000fbb00000, 0x00000000fbc00000, 0x00000000fbc00000|100%| O|  |TAMS 0x00000000fbb00000| PB 0x00000000fbb00000| Untracked |  0
|1980|0x00000000fbc00000, 0x00000000fbd00000, 0x00000000fbd00000|100%| E|CS|TAMS 0x00000000fbc00000| PB 0x00000000fbc00000| Complete |  0
|1981|0x00000000fbd00000, 0x00000000fbe00000, 0x00000000fbe00000|100%| O|  |TAMS 0x00000000fbd00000| PB 0x00000000fbd00000| Untracked |  0
|1982|0x00000000fbe00000, 0x00000000fbf00000, 0x00000000fbf00000|100%| O|  |TAMS 0x00000000fbe00000| PB 0x00000000fbe00000| Untracked |  0
|1983|0x00000000fbf00000, 0x00000000fc000000, 0x00000000fc000000|100%| O|  |TAMS 0x00000000fbf00000| PB 0x00000000fbf00000| Untracked |  0
|1984|0x00000000fc000000, 0x00000000fc100000, 0x00000000fc100000|100%| O|  |TAMS 0x00000000fc000000| PB 0x00000000fc000000| Untracked |  0
|1985|0x00000000fc100000, 0x00000000fc200000, 0x00000000fc200000|100%| O|  |TAMS 0x00000000fc100000| PB 0x00000000fc100000| Untracked |  0
|1986|0x00000000fc200000, 0x00000000fc300000, 0x00000000fc300000|100%| O|  |TAMS 0x00000000fc200000| PB 0x00000000fc200000| Untracked |  0
|1987|0x00000000fc300000, 0x00000000fc400000, 0x00000000fc400000|100%| O|  |TAMS 0x00000000fc300000| PB 0x00000000fc300000| Untracked |  0
|1988|0x00000000fc400000, 0x00000000fc500000, 0x00000000fc500000|100%| O|  |TAMS 0x00000000fc400000| PB 0x00000000fc400000| Untracked |  0
|1989|0x00000000fc500000, 0x00000000fc600000, 0x00000000fc600000|100%| O|  |TAMS 0x00000000fc500000| PB 0x00000000fc500000| Untracked |  0
|1990|0x00000000fc600000, 0x00000000fc700000, 0x00000000fc700000|100%| O|  |TAMS 0x00000000fc600000| PB 0x00000000fc600000| Untracked |  0
|1991|0x00000000fc700000, 0x00000000fc800000, 0x00000000fc800000|100%| O|  |TAMS 0x00000000fc700000| PB 0x00000000fc700000| Untracked |  0
|1992|0x00000000fc800000, 0x00000000fc900000, 0x00000000fc900000|100%| E|CS|TAMS 0x00000000fc800000| PB 0x00000000fc800000| Complete |  0
|1993|0x00000000fc900000, 0x00000000fca00000, 0x00000000fca00000|100%| O|  |TAMS 0x00000000fc900000| PB 0x00000000fc900000| Untracked |  0
|1994|0x00000000fca00000, 0x00000000fcb00000, 0x00000000fcb00000|100%| O|  |TAMS 0x00000000fca00000| PB 0x00000000fca00000| Untracked |  0
|1995|0x00000000fcb00000, 0x00000000fcc00000, 0x00000000fcc00000|100%| O|  |TAMS 0x00000000fcb00000| PB 0x00000000fcb00000| Untracked |  0
|1996|0x00000000fcc00000, 0x00000000fcd00000, 0x00000000fcd00000|100%| O|  |TAMS 0x00000000fcc00000| PB 0x00000000fcc00000| Untracked |  0
|1997|0x00000000fcd00000, 0x00000000fce00000, 0x00000000fce00000|100%| O|  |TAMS 0x00000000fcd00000| PB 0x00000000fcd00000| Untracked |  0
|1998|0x00000000fce00000, 0x00000000fcf00000, 0x00000000fcf00000|100%| O|  |TAMS 0x00000000fce00000| PB 0x00000000fce00000| Untracked |  0
|1999|0x00000000fcf00000, 0x00000000fd000000, 0x00000000fd000000|100%| O|  |TAMS 0x00000000fcf00000| PB 0x00000000fcf00000| Untracked |  0
|2000|0x00000000fd000000, 0x00000000fd100000, 0x00000000fd100000|100%| O|  |TAMS 0x00000000fd000000| PB 0x00000000fd000000| Untracked |  0
|2001|0x00000000fd100000, 0x00000000fd200000, 0x00000000fd200000|100%| O|  |TAMS 0x00000000fd100000| PB 0x00000000fd100000| Untracked |  0
|2002|0x00000000fd200000, 0x00000000fd300000, 0x00000000fd300000|100%| O|  |TAMS 0x00000000fd200000| PB 0x00000000fd200000| Untracked |  0
|2003|0x00000000fd300000, 0x00000000fd400000, 0x00000000fd400000|100%| O|  |TAMS 0x00000000fd300000| PB 0x00000000fd300000| Untracked |  0
|2004|0x00000000fd400000, 0x00000000fd500000, 0x00000000fd500000|100%| E|CS|TAMS 0x00000000fd400000| PB 0x00000000fd400000| Complete |  0
|2005|0x00000000fd500000, 0x00000000fd600000, 0x00000000fd600000|100%| E|CS|TAMS 0x00000000fd500000| PB 0x00000000fd500000| Complete |  0
|2006|0x00000000fd600000, 0x00000000fd700000, 0x00000000fd700000|100%| E|CS|TAMS 0x00000000fd600000| PB 0x00000000fd600000| Complete |  0
|2007|0x00000000fd700000, 0x00000000fd800000, 0x00000000fd800000|100%| E|CS|TAMS 0x00000000fd700000| PB 0x00000000fd700000| Complete |  0
|2008|0x00000000fd800000, 0x00000000fd900000, 0x00000000fd900000|100%| E|CS|TAMS 0x00000000fd800000| PB 0x00000000fd800000| Complete |  0
|2009|0x00000000fd900000, 0x00000000fda00000, 0x00000000fda00000|100%| E|CS|TAMS 0x00000000fd900000| PB 0x00000000fd900000| Complete |  0
|2010|0x00000000fda00000, 0x00000000fdb00000, 0x00000000fdb00000|100%| E|CS|TAMS 0x00000000fda00000| PB 0x00000000fda00000| Complete |  0
|2011|0x00000000fdb00000, 0x00000000fdc00000, 0x00000000fdc00000|100%| E|CS|TAMS 0x00000000fdb00000| PB 0x00000000fdb00000| Complete |  0
|2012|0x00000000fdc00000, 0x00000000fdd00000, 0x00000000fdd00000|100%| E|CS|TAMS 0x00000000fdc00000| PB 0x00000000fdc00000| Complete |  0
|2013|0x00000000fdd00000, 0x00000000fde00000, 0x00000000fde00000|100%| E|CS|TAMS 0x00000000fdd00000| PB 0x00000000fdd00000| Complete |  0
|2014|0x00000000fde00000, 0x00000000fdf00000, 0x00000000fdf00000|100%| E|CS|TAMS 0x00000000fde00000| PB 0x00000000fde00000| Complete |  0
|2015|0x00000000fdf00000, 0x00000000fe000000, 0x00000000fe000000|100%| O|  |TAMS 0x00000000fdf00000| PB 0x00000000fdf00000| Untracked |  0
|2016|0x00000000fe000000, 0x00000000fe100000, 0x00000000fe100000|100%| O|  |TAMS 0x00000000fe000000| PB 0x00000000fe000000| Untracked |  0
|2017|0x00000000fe100000, 0x00000000fe200000, 0x00000000fe200000|100%| E|CS|TAMS 0x00000000fe100000| PB 0x00000000fe100000| Complete |  0
|2018|0x00000000fe200000, 0x00000000fe300000, 0x00000000fe300000|100%| E|CS|TAMS 0x00000000fe200000| PB 0x00000000fe200000| Complete |  0
|2019|0x00000000fe300000, 0x00000000fe400000, 0x00000000fe400000|100%| E|CS|TAMS 0x00000000fe300000| PB 0x00000000fe300000| Complete |  0
|2020|0x00000000fe400000, 0x00000000fe500000, 0x00000000fe500000|100%| E|CS|TAMS 0x00000000fe400000| PB 0x00000000fe400000| Complete |  0
|2021|0x00000000fe500000, 0x00000000fe600000, 0x00000000fe600000|100%| E|CS|TAMS 0x00000000fe500000| PB 0x00000000fe500000| Complete |  0
|2022|0x00000000fe600000, 0x00000000fe700000, 0x00000000fe700000|100%| E|CS|TAMS 0x00000000fe600000| PB 0x00000000fe600000| Complete |  0
|2023|0x00000000fe700000, 0x00000000fe800000, 0x00000000fe800000|100%| E|CS|TAMS 0x00000000fe700000| PB 0x00000000fe700000| Complete |  0
|2024|0x00000000fe800000, 0x00000000fe900000, 0x00000000fe900000|100%| E|CS|TAMS 0x00000000fe800000| PB 0x00000000fe800000| Complete |  0
|2025|0x00000000fe900000, 0x00000000fea00000, 0x00000000fea00000|100%| E|CS|TAMS 0x00000000fe900000| PB 0x00000000fe900000| Complete |  0
|2026|0x00000000fea00000, 0x00000000feb00000, 0x00000000feb00000|100%| E|CS|TAMS 0x00000000fea00000| PB 0x00000000fea00000| Complete |  0
|2027|0x00000000feb00000, 0x00000000fec00000, 0x00000000fec00000|100%| E|CS|TAMS 0x00000000feb00000| PB 0x00000000feb00000| Complete |  0
|2028|0x00000000fec00000, 0x00000000fed00000, 0x00000000fed00000|100%| E|CS|TAMS 0x00000000fec00000| PB 0x00000000fec00000| Complete |  0
|2029|0x00000000fed00000, 0x00000000fee00000, 0x00000000fee00000|100%| E|CS|TAMS 0x00000000fed00000| PB 0x00000000fed00000| Complete |  0
|2030|0x00000000fee00000, 0x00000000fef00000, 0x00000000fef00000|100%| E|CS|TAMS 0x00000000fee00000| PB 0x00000000fee00000| Complete |  0
|2031|0x00000000fef00000, 0x00000000ff000000, 0x00000000ff000000|100%| E|CS|TAMS 0x00000000fef00000| PB 0x00000000fef00000| Complete |  0
|2032|0x00000000ff000000, 0x00000000ff100000, 0x00000000ff100000|100%| E|CS|TAMS 0x00000000ff000000| PB 0x00000000ff000000| Complete |  0
|2033|0x00000000ff100000, 0x00000000ff200000, 0x00000000ff200000|100%| E|CS|TAMS 0x00000000ff100000| PB 0x00000000ff100000| Complete |  0
|2034|0x00000000ff200000, 0x00000000ff300000, 0x00000000ff300000|100%| E|CS|TAMS 0x00000000ff200000| PB 0x00000000ff200000| Complete |  0
|2035|0x00000000ff300000, 0x00000000ff400000, 0x00000000ff400000|100%| E|CS|TAMS 0x00000000ff300000| PB 0x00000000ff300000| Complete |  0
|2036|0x00000000ff400000, 0x00000000ff500000, 0x00000000ff500000|100%| E|CS|TAMS 0x00000000ff400000| PB 0x00000000ff400000| Complete |  0
|2037|0x00000000ff500000, 0x00000000ff600000, 0x00000000ff600000|100%| E|CS|TAMS 0x00000000ff500000| PB 0x00000000ff500000| Complete |  0
|2038|0x00000000ff600000, 0x00000000ff700000, 0x00000000ff700000|100%| O|  |TAMS 0x00000000ff600000| PB 0x00000000ff600000| Untracked |  0
|2039|0x00000000ff700000, 0x00000000ff800000, 0x00000000ff800000|100%| E|CS|TAMS 0x00000000ff700000| PB 0x00000000ff700000| Complete |  0
|2040|0x00000000ff800000, 0x00000000ff900000, 0x00000000ff900000|100%| O|  |TAMS 0x00000000ff800000| PB 0x00000000ff800000| Untracked |  0
|2041|0x00000000ff900000, 0x00000000ffa00000, 0x00000000ffa00000|100%| O|  |TAMS 0x00000000ff900000| PB 0x00000000ff900000| Untracked |  0
|2042|0x00000000ffa00000, 0x00000000ffb00000, 0x00000000ffb00000|100%| E|CS|TAMS 0x00000000ffa00000| PB 0x00000000ffa00000| Complete |  0
|2043|0x00000000ffb00000, 0x00000000ffc00000, 0x00000000ffc00000|100%| O|  |TAMS 0x00000000ffb00000| PB 0x00000000ffb00000| Untracked |  0
|2044|0x00000000ffc00000, 0x00000000ffd00000, 0x00000000ffd00000|100%| O|  |TAMS 0x00000000ffc00000| PB 0x00000000ffc00000| Untracked |  0
|2045|0x00000000ffd00000, 0x00000000ffe00000, 0x00000000ffe00000|100%| O|  |TAMS 0x00000000ffd00000| PB 0x00000000ffd00000| Untracked |  0
|2046|0x00000000ffe00000, 0x00000000fff00000, 0x00000000fff00000|100%| O|  |TAMS 0x00000000ffe00000| PB 0x00000000ffe00000| Untracked |  0
|2047|0x00000000fff00000, 0x0000000100000000, 0x0000000100000000|100%| O|  |TAMS 0x00000000fff00000| PB 0x00000000fff00000| Untracked |  0

Card table byte_map: [0x0000022f2dc80000,0x0000022f2e080000] _byte_map_base: 0x0000022f2d880000

Marking Bits: (CMBitMap*) 0x0000022f1b3bf860
 Bits: [0x0000022f2e080000, 0x0000022f30080000)

Polling page: 0x0000022f190b0000

Metaspace:
Metaspace        used 254984K, committed 257792K, reserved 1310720K
 class space     used 34708K, committed 36032K, reserved 1048576K

Usage:
  Non-class:    215.11 MB used.
      Class:     33.90 MB used.
       Both:    249.01 MB used.

Virtual space:
  Non-class space:      256.00 MB reserved,     216.56 MB ( 85%) committed,  4 nodes.
      Class space:        1.00 GB reserved,      35.19 MB (  3%) committed,  1 nodes.
             Both:        1.25 GB reserved,     251.75 MB ( 20%) committed. 

Chunk freelists:
   Non-Class:  7.44 MB
       Class:  12.80 MB
        Both:  20.23 MB

MaxMetaspaceSize: unlimited
CompressedClassSpaceSize: 1.00 GB
Initial GC threshold: 21.00 MB
Current GC threshold: 416.81 MB
CDS: off
 - commit_granule_bytes: 65536.
 - commit_granule_words: 8192.
 - virtual_space_node_default_size: 8388608.
 - enlarge_chunks_in_place: 1.
UseCompressedClassPointers 1, UseCompactObjectHeaders 0
Narrow klass pointer bits 32, Max shift 3
Narrow klass base: 0x0000000000000000, Narrow klass shift: 0
Encoding Range: [0x0000000000000000 - 0x0000000100000000), (4294967296 bytes)
Klass Range:    [0x0000000038000000 - 0x0000000078000000), (1073741824 bytes)
Klass ID Range:  [939524096 - 2013265913) (1073741817)
No protection zone.


Internal statistics:

num_allocs_failed_limit: 6.
num_arena_births: 5296.
num_arena_deaths: 22.
num_vsnodes_births: 5.
num_vsnodes_deaths: 0.
num_space_committed: 4026.
num_space_uncommitted: 0.
num_chunks_returned_to_freelist: 43.
num_chunks_taken_from_freelist: 15146.
num_chunk_merges: 13.
num_chunk_splits: 10828.
num_chunks_enlarged: 8004.
num_inconsistent_stats: 0.

CodeHeap 'non-profiled nmethods': size=120064Kb used=9066Kb max_used=13461Kb free=110997Kb
 bounds [0x0000022f26340000, 0x0000022f27070000, 0x0000022f2d880000]
CodeHeap 'profiled nmethods': size=120064Kb used=18092Kb max_used=40683Kb free=101971Kb
 bounds [0x0000022f1e860000, 0x0000022f21020000, 0x0000022f25da0000]
CodeHeap 'non-nmethods': size=5760Kb used=2577Kb max_used=2680Kb free=3182Kb
 bounds [0x0000022f25da0000, 0x0000022f26050000, 0x0000022f26340000]
CodeCache: size=245888Kb, used=29735Kb, max_used=56824Kb, free=216150Kb
 total_blobs=13959, nmethods=12579, adapters=1280, full_count=0
Compilation: enabled, stopped_count=0, restarted_count=0

Compilation events (20 events):
Event: 1533.085 Thread 0x0000022f3266d810 38413       3       com.android.tools.r8.internal.d80::a (1 bytes)
Event: 1533.085 Thread 0x0000022f3266d810 nmethod 38413 0x0000022f1f7a9208 code [0x0000022f1f7a9300, 0x0000022f1f7a9408]
Event: 1533.141 Thread 0x0000022f3266d810 38415       1       com.android.ide.common.blame.SourceFile::setOverrideSourcePath (6 bytes)
Event: 1533.142 Thread 0x0000022f3266d810 nmethod 38415 0x0000022f26a0ba88 code [0x0000022f26a0bb80, 0x0000022f26a0bc90]
Event: 1533.143 Thread 0x0000022f3266d810 38416       3       com.google.common.base.Equivalence::equivalent (24 bytes)
Event: 1533.144 Thread 0x0000022f3266d810 nmethod 38416 0x0000022f1f7a8e08 code [0x0000022f1f7a8f00, 0x0000022f1f7a9198]
Event: 1533.186 Thread 0x0000022f32664fd0 nmethod 38404 0x0000022f26f05588 code [0x0000022f26f05680, 0x0000022f26f09360]
Event: 1533.187 Thread 0x0000022f32664fd0 38410   !   4       com.sun.org.apache.xerces.internal.parsers.XML11Configuration::setFeature (143 bytes)
Event: 1533.266 Thread 0x0000022f3266d810 38419       3       com.android.tools.r8.graph.n4::J1 (11 bytes)
Event: 1533.266 Thread 0x0000022f3266d810 nmethod 38419 0x0000022f1f7a8b08 code [0x0000022f1f7a8c00, 0x0000022f1f7a8dd0]
Event: 1533.266 Thread 0x0000022f3266d810 38422       3       com.android.tools.r8.internal.y43::a (205 bytes)
Event: 1533.267 Thread 0x0000022f3266d810 nmethod 38422 0x0000022f1f7d0688 code [0x0000022f1f7d07a0, 0x0000022f1f7d1000]
Event: 1533.267 Thread 0x0000022f3266d810 38420       3       com.android.tools.r8.dex.x$$Lambda/0x000000003a2eb518::a (9 bytes)
Event: 1533.267 Thread 0x0000022f3266d810 nmethod 38420 0x0000022f1f7fa588 code [0x0000022f1f7fa680, 0x0000022f1f7fa880]
Event: 1533.268 Thread 0x0000022f3266d810 38421       3       com.android.tools.r8.dex.x::a (5 bytes)
Event: 1533.268 Thread 0x0000022f3266d810 nmethod 38421 0x0000022f1f7fa288 code [0x0000022f1f7fa380, 0x0000022f1f7fa500]
Event: 1533.286 Thread 0x0000022f3266d810 38426       3       com.android.tools.r8.internal.y43::b (98 bytes)
Event: 1533.286 Thread 0x0000022f3266d810 nmethod 38426 0x0000022f1f830f88 code [0x0000022f1f831080, 0x0000022f1f831570]
Event: 1533.287 Thread 0x0000022f3266d810 38427       3       java.util.ComparableTimSort::mergeAt (356 bytes)
Event: 1533.288 Thread 0x0000022f3266d810 nmethod 38427 0x0000022f1f83d308 code [0x0000022f1f83d400, 0x0000022f1f83db78]

GC Heap Usage History (20 events):
Event: 1499.957 {heap Before GC invocations=92 (full 0):
 garbage-first heap   total reserved 2097152K, committed 483328K, used 430101K [0x0000000080000000, 0x0000000100000000)
  region size 1024K, 146 young (149504K), 2 survivors (2048K)
}
Event: 1499.962 {heap After GC invocations=93 (full 0):
 garbage-first heap   total reserved 2097152K, committed 483328K, used 284294K [0x0000000080000000, 0x0000000100000000)
  region size 1024K, 2 young (2048K), 2 survivors (2048K)
}
Event: 1509.831 {heap Before GC invocations=94 (full 0):
 garbage-first heap   total reserved 2097152K, committed 485376K, used 482950K [0x0000000080000000, 0x0000000100000000)
  region size 1024K, 132 young (135168K), 2 survivors (2048K)
}
Event: 1509.864 {heap After GC invocations=95 (full 0):
 garbage-first heap   total reserved 2097152K, committed 497664K, used 338221K [0x0000000080000000, 0x0000000100000000)
  region size 1024K, 12 young (12288K), 12 survivors (12288K)
}
Event: 1511.440 {heap Before GC invocations=95 (full 0):
 garbage-first heap   total reserved 2097152K, committed 497664K, used 494893K [0x0000000080000000, 0x0000000100000000)
  region size 1024K, 96 young (98304K), 12 survivors (12288K)
}
Event: 1511.530 {heap After GC invocations=96 (full 0):
 garbage-first heap   total reserved 2097152K, committed 542720K, used 389592K [0x0000000080000000, 0x0000000100000000)
  region size 1024K, 18 young (18432K), 18 survivors (18432K)
}
Event: 1512.089 {heap Before GC invocations=96 (full 0):
 garbage-first heap   total reserved 2097152K, committed 542720K, used 400856K [0x0000000080000000, 0x0000000100000000)
  region size 1024K, 30 young (30720K), 18 survivors (18432K)
}
Event: 1512.160 {heap After GC invocations=97 (full 0):
 garbage-first heap   total reserved 2097152K, committed 542720K, used 396181K [0x0000000080000000, 0x0000000100000000)
  region size 1024K, 5 young (5120K), 5 survivors (5120K)
}
Event: 1513.946 {heap Before GC invocations=98 (full 0):
 garbage-first heap   total reserved 2097152K, committed 624640K, used 465813K [0x0000000080000000, 0x0000000100000000)
  region size 1024K, 95 young (97280K), 5 survivors (5120K)
}
Event: 1514.303 {heap After GC invocations=99 (full 0):
 garbage-first heap   total reserved 2097152K, committed 624640K, used 413077K [0x0000000080000000, 0x0000000100000000)
  region size 1024K, 12 young (12288K), 12 survivors (12288K)
}
Event: 1517.367 {heap Before GC invocations=99 (full 0):
 garbage-first heap   total reserved 2097152K, committed 624640K, used 529813K [0x0000000080000000, 0x0000000100000000)
  region size 1024K, 127 young (130048K), 12 survivors (12288K)
}
Event: 1517.564 {heap After GC invocations=100 (full 0):
 garbage-first heap   total reserved 2097152K, committed 919552K, used 451989K [0x0000000080000000, 0x0000000100000000)
  region size 1024K, 16 young (16384K), 16 survivors (16384K)
}
Event: 1518.156 {heap Before GC invocations=100 (full 0):
 garbage-first heap   total reserved 2097152K, committed 919552K, used 491925K [0x0000000080000000, 0x0000000100000000)
  region size 1024K, 55 young (56320K), 16 survivors (16384K)
}
Event: 1518.255 {heap After GC invocations=101 (full 0):
 garbage-first heap   total reserved 2097152K, committed 919552K, used 472469K [0x0000000080000000, 0x0000000100000000)
  region size 1024K, 7 young (7168K), 7 survivors (7168K)
}
Event: 1521.005 {heap Before GC invocations=102 (full 0):
 garbage-first heap   total reserved 2097152K, committed 919552K, used 543125K [0x0000000080000000, 0x0000000100000000)
  region size 1024K, 76 young (77824K), 7 survivors (7168K)
}
Event: 1521.112 {heap After GC invocations=103 (full 0):
 garbage-first heap   total reserved 2097152K, committed 919552K, used 510357K [0x0000000080000000, 0x0000000100000000)
  region size 1024K, 10 young (10240K), 10 survivors (10240K)
}
Event: 1527.517 {heap Before GC invocations=103 (full 0):
 garbage-first heap   total reserved 2097152K, committed 919552K, used 649621K [0x0000000080000000, 0x0000000100000000)
  region size 1024K, 143 young (146432K), 10 survivors (10240K)
}
Event: 1527.597 {heap After GC invocations=104 (full 0):
 garbage-first heap   total reserved 2097152K, committed 919552K, used 535957K [0x0000000080000000, 0x0000000100000000)
  region size 1024K, 18 young (18432K), 18 survivors (18432K)
}
Event: 1531.538 {heap Before GC invocations=104 (full 0):
 garbage-first heap   total reserved 2097152K, committed 919552K, used 654741K [0x0000000080000000, 0x0000000100000000)
  region size 1024K, 133 young (136192K), 18 survivors (18432K)
}
Event: 1531.615 {heap After GC invocations=105 (full 0):
 garbage-first heap   total reserved 2097152K, committed 919552K, used 547221K [0x0000000080000000, 0x0000000100000000)
  region size 1024K, 11 young (11264K), 11 survivors (11264K)
}

Metaspace Usage History (20 events):
Event: 1499.957 {metaspace Before GC invocations=92 (full 0):
 Metaspace       used 247732K, committed 250496K, reserved 1310720K
  class space    used 33736K, committed 35008K, reserved 1048576K
}
Event: 1499.962 {metaspace After GC invocations=93 (full 0):
 Metaspace       used 247732K, committed 250496K, reserved 1310720K
  class space    used 33736K, committed 35008K, reserved 1048576K
}
Event: 1509.831 {metaspace Before GC invocations=94 (full 0):
 Metaspace       used 251581K, committed 254400K, reserved 1310720K
  class space    used 34301K, committed 35648K, reserved 1048576K
}
Event: 1509.864 {metaspace After GC invocations=95 (full 0):
 Metaspace       used 251581K, committed 254400K, reserved 1310720K
  class space    used 34301K, committed 35648K, reserved 1048576K
}
Event: 1511.440 {metaspace Before GC invocations=95 (full 0):
 Metaspace       used 252017K, committed 254848K, reserved 1310720K
  class space    used 34337K, committed 35648K, reserved 1048576K
}
Event: 1511.530 {metaspace After GC invocations=96 (full 0):
 Metaspace       used 252017K, committed 254848K, reserved 1310720K
  class space    used 34337K, committed 35648K, reserved 1048576K
}
Event: 1512.089 {metaspace Before GC invocations=96 (full 0):
 Metaspace       used 252021K, committed 254848K, reserved 1310720K
  class space    used 34337K, committed 35648K, reserved 1048576K
}
Event: 1512.160 {metaspace After GC invocations=97 (full 0):
 Metaspace       used 252021K, committed 254848K, reserved 1310720K
  class space    used 34337K, committed 35648K, reserved 1048576K
}
Event: 1513.946 {metaspace Before GC invocations=98 (full 0):
 Metaspace       used 252953K, committed 255744K, reserved 1310720K
  class space    used 34453K, committed 35776K, reserved 1048576K
}
Event: 1514.303 {metaspace After GC invocations=99 (full 0):
 Metaspace       used 252953K, committed 255744K, reserved 1310720K
  class space    used 34453K, committed 35776K, reserved 1048576K
}
Event: 1517.367 {metaspace Before GC invocations=99 (full 0):
 Metaspace       used 253117K, committed 255936K, reserved 1310720K
  class space    used 34475K, committed 35776K, reserved 1048576K
}
Event: 1517.565 {metaspace After GC invocations=100 (full 0):
 Metaspace       used 253117K, committed 255936K, reserved 1310720K
  class space    used 34475K, committed 35776K, reserved 1048576K
}
Event: 1518.156 {metaspace Before GC invocations=100 (full 0):
 Metaspace       used 253203K, committed 256064K, reserved 1310720K
  class space    used 34502K, committed 35840K, reserved 1048576K
}
Event: 1518.255 {metaspace After GC invocations=101 (full 0):
 Metaspace       used 253203K, committed 256064K, reserved 1310720K
  class space    used 34502K, committed 35840K, reserved 1048576K
}
Event: 1521.005 {metaspace Before GC invocations=102 (full 0):
 Metaspace       used 253349K, committed 256192K, reserved 1310720K
  class space    used 34506K, committed 35840K, reserved 1048576K
}
Event: 1521.112 {metaspace After GC invocations=103 (full 0):
 Metaspace       used 253349K, committed 256192K, reserved 1310720K
  class space    used 34506K, committed 35840K, reserved 1048576K
}
Event: 1527.517 {metaspace Before GC invocations=103 (full 0):
 Metaspace       used 253983K, committed 256768K, reserved 1310720K
  class space    used 34588K, committed 35904K, reserved 1048576K
}
Event: 1527.597 {metaspace After GC invocations=104 (full 0):
 Metaspace       used 253983K, committed 256768K, reserved 1310720K
  class space    used 34588K, committed 35904K, reserved 1048576K
}
Event: 1531.538 {metaspace Before GC invocations=104 (full 0):
 Metaspace       used 254881K, committed 257600K, reserved 1310720K
  class space    used 34698K, committed 35968K, reserved 1048576K
}
Event: 1531.615 {metaspace After GC invocations=105 (full 0):
 Metaspace       used 254881K, committed 257600K, reserved 1310720K
  class space    used 34698K, committed 35968K, reserved 1048576K
}

Dll operation events (3 events):
Event: 0.038 Loaded shared library D:\AndroidStudio\jbr\bin\java.dll
Event: 0.064 Loaded shared library D:\AndroidStudio\jbr\bin\zip.dll
Event: 1.974 Loaded shared library D:\AndroidStudio\jbr\bin\verify.dll

Deoptimization events (20 events):
Event: 1532.707 Thread 0x0000022f4d433c30 Uncommon trap: trap_request=0xffffff45 fr.pc=0x0000022f266c5588 relative=0x0000000000000188
Event: 1532.707 Thread 0x0000022f4d433c30 Uncommon trap: reason=unstable_if action=reinterpret pc=0x0000022f266c5588 method=com.android.tools.r8.internal.t8.a(Ljava/util/function/Predicate;Ljava/lang/Object;)Ljava/lang/Object; @ 7 c2
Event: 1532.707 Thread 0x0000022f4d433c30 DEOPT PACKING pc=0x0000022f266c5588 sp=0x0000003717dfdb60
Event: 1532.707 Thread 0x0000022f4d433c30 DEOPT UNPACKING pc=0x0000022f25eb8582 sp=0x0000003717dfd8c8 mode 2
Event: 1532.707 Thread 0x0000022f4d433c30 Uncommon trap: trap_request=0xffffffde fr.pc=0x0000022f26663e5c relative=0x000000000000005c
Event: 1532.707 Thread 0x0000022f4d433c30 Uncommon trap: reason=class_check action=maybe_recompile pc=0x0000022f26663e5c method=com.android.tools.r8.graph.b2.r0()Z @ 1 c2
Event: 1532.707 Thread 0x0000022f4d433c30 DEOPT PACKING pc=0x0000022f26663e5c sp=0x0000003717dfdab0
Event: 1532.707 Thread 0x0000022f4d433c30 DEOPT UNPACKING pc=0x0000022f25eb8582 sp=0x0000003717dfda38 mode 2
Event: 1532.707 Thread 0x0000022f4d433c30 Uncommon trap: trap_request=0xffffff45 fr.pc=0x0000022f26881354 relative=0x00000000000001d4
Event: 1532.707 Thread 0x0000022f4d433c30 Uncommon trap: reason=unstable_if action=reinterpret pc=0x0000022f26881354 method=com.android.tools.r8.internal.t8.a(Ljava/util/function/Predicate;Ljava/lang/Object;)Ljava/lang/Object; @ 7 c2
Event: 1532.707 Thread 0x0000022f4d433c30 DEOPT PACKING pc=0x0000022f26881354 sp=0x0000003717dfdad0
Event: 1532.707 Thread 0x0000022f4d433c30 DEOPT UNPACKING pc=0x0000022f25eb8582 sp=0x0000003717dfd8c0 mode 2
Event: 1532.855 Thread 0x0000022f3bdda770 Uncommon trap: trap_request=0xffffff45 fr.pc=0x0000022f26e2e02c relative=0x0000000000005c2c
Event: 1532.855 Thread 0x0000022f3bdda770 Uncommon trap: reason=unstable_if action=reinterpret pc=0x0000022f26e2e02c method=com.android.utils.XmlUtils.append(Lcom/android/utils/XmlUtils$PositionAwareStringBuilder;Lorg/w3c/dom/Node;Ljava/util/Map;Ljava/util/Set;)V @ 342 c2
Event: 1532.855 Thread 0x0000022f3bdda770 DEOPT PACKING pc=0x0000022f26e2e02c sp=0x00000037170f94a0
Event: 1532.855 Thread 0x0000022f3bdda770 DEOPT UNPACKING pc=0x0000022f25eb8582 sp=0x00000037170f9488 mode 2
Event: 1532.879 Thread 0x0000022f4d433c30 Uncommon trap: trap_request=0xffffffde fr.pc=0x0000022f26663e5c relative=0x000000000000005c
Event: 1532.879 Thread 0x0000022f4d433c30 Uncommon trap: reason=class_check action=maybe_recompile pc=0x0000022f26663e5c method=com.android.tools.r8.graph.b2.r0()Z @ 1 c2
Event: 1532.880 Thread 0x0000022f4d433c30 DEOPT PACKING pc=0x0000022f26663e5c sp=0x0000003717dfda80
Event: 1532.880 Thread 0x0000022f4d433c30 DEOPT UNPACKING pc=0x0000022f25eb8582 sp=0x0000003717dfda08 mode 2

Classes loaded (20 events):
Event: 1529.017 Loading class javax/management/MBeanRegistrationException
Event: 1529.017 Loading class javax/management/MBeanException
Event: 1529.017 Loading class javax/management/MBeanException done
Event: 1529.017 Loading class javax/management/MBeanRegistrationException done
Event: 1529.017 Loading class javax/management/NotCompliantMBeanException
Event: 1529.018 Loading class javax/management/NotCompliantMBeanException done
Event: 1529.018 Loading class javax/management/AttributeNotFoundException
Event: 1529.019 Loading class javax/management/AttributeNotFoundException done
Event: 1529.019 Loading class javax/management/ReflectionException
Event: 1529.020 Loading class javax/management/ReflectionException done
Event: 1529.020 Loading class javax/management/InstanceNotFoundException
Event: 1529.020 Loading class javax/management/InstanceNotFoundException done
Event: 1529.053 Loading class sun/reflect/misc/MethodUtil
Event: 1529.054 Loading class sun/reflect/misc/MethodUtil done
Event: 1529.055 Loading class sun/reflect/misc/MethodUtil$1
Event: 1529.056 Loading class sun/reflect/misc/MethodUtil$1 done
Event: 1529.794 Loading class java/nio/channels/Channels$WritableByteChannelImpl
Event: 1529.795 Loading class java/nio/channels/Channels$WritableByteChannelImpl done
Event: 1529.797 Loading class java/util/Collections$UnmodifiableSortedMap
Event: 1529.798 Loading class java/util/Collections$UnmodifiableSortedMap done

Classes unloaded (20 events):
Event: 1481.636 Thread 0x0000022f326092b0 Unloading class 0x0000000039dbe000 'GradleDaemonClasspathEnhancer$_findJarsForClasses_closure3'
Event: 1481.636 Thread 0x0000022f326092b0 Unloading class 0x0000000039dbd9b8 'GradleDaemonClasspathEnhancer$_getTestClasspath_closure2'
Event: 1481.636 Thread 0x0000022f326092b0 Unloading class 0x0000000039dbd588 'GradleDaemonClasspathEnhancer$_enhanceGradleDaemonClasspath_closure1'
Event: 1481.636 Thread 0x0000022f326092b0 Unloading class 0x0000000039dbd2a8 'GradleDaemonClasspathEnhancer'
Event: 1481.636 Thread 0x0000022f326092b0 Unloading class 0x0000000039dbcf60 'FileComparisonTestEventLogger$1'
Event: 1481.636 Thread 0x0000022f326092b0 Unloading class 0x0000000039dbcc90 'FileComparisonTestEventLogger'
Event: 1481.636 Thread 0x0000022f326092b0 Unloading class 0x0000000039dbc860 'TestEventLogger$_logTestResult_closure3'
Event: 1481.636 Thread 0x0000022f326092b0 Unloading class 0x0000000039dbc430 'TestEventLogger$_logTestOutputEvent_closure2'
Event: 1481.636 Thread 0x0000022f326092b0 Unloading class 0x0000000039dbc000 'TestEventLogger$_logTestEvent_closure1$_closure4'
Event: 1481.636 Thread 0x0000022f326092b0 Unloading class 0x0000000039db42b8 'TestEventLogger$_logTestEvent_closure1'
Event: 1481.636 Thread 0x0000022f326092b0 Unloading class 0x0000000039db4000 'TestEventLogger'
Event: 1481.636 Thread 0x0000022f326092b0 Unloading class 0x0000000039c34c00 'java/lang/invoke/LambdaForm$MH+0x0000000039c34c00'
Event: 1495.338 Thread 0x0000022f326092b0 Unloading class 0x0000000039ec1c00 'java/lang/invoke/LambdaForm$MH+0x0000000039ec1c00'
Event: 1495.338 Thread 0x0000022f326092b0 Unloading class 0x0000000039ec1800 'java/lang/invoke/LambdaForm$MH+0x0000000039ec1800'
Event: 1495.338 Thread 0x0000022f326092b0 Unloading class 0x0000000039ec1000 'java/lang/invoke/LambdaForm$MH+0x0000000039ec1000'
Event: 1495.338 Thread 0x0000022f326092b0 Unloading class 0x0000000039ec0c00 'java/lang/invoke/LambdaForm$MH+0x0000000039ec0c00'
Event: 1495.338 Thread 0x0000022f326092b0 Unloading class 0x0000000039ec0400 'java/lang/invoke/LambdaForm$MH+0x0000000039ec0400'
Event: 1495.338 Thread 0x0000022f326092b0 Unloading class 0x0000000039ec0000 'java/lang/invoke/LambdaForm$MH+0x0000000039ec0000'
Event: 1500.915 Thread 0x0000022f326092b0 Unloading class 0x000000003a148400 'java/lang/invoke/LambdaForm$DMH+0x000000003a148400'
Event: 1500.915 Thread 0x0000022f326092b0 Unloading class 0x000000003a10c400 'java/lang/invoke/LambdaForm$DMH+0x000000003a10c400'

Classes redefined (0 events):
No events

Internal exceptions (20 events):
Event: 1533.160 Thread 0x0000022f3bdda770 Exception <a 'sun/nio/fs/WindowsException'{0x00000000b3583880}> (0x00000000b3583880) 
thrown [s\src\hotspot\share\prims\jni.cpp, line 535]
Event: 1533.176 Thread 0x0000022f3bdda770 Exception <a 'sun/nio/fs/WindowsException'{0x00000000b358efc8}> (0x00000000b358efc8) 
thrown [s\src\hotspot\share\prims\jni.cpp, line 535]
Event: 1533.178 Thread 0x0000022f3bdda770 Exception <a 'sun/nio/fs/WindowsException'{0x00000000b3590f80}> (0x00000000b3590f80) 
thrown [s\src\hotspot\share\prims\jni.cpp, line 535]
Event: 1533.183 Thread 0x0000022f3bdda770 Exception <a 'sun/nio/fs/WindowsException'{0x00000000b341ca78}> (0x00000000b341ca78) 
thrown [s\src\hotspot\share\prims\jni.cpp, line 535]
Event: 1533.214 Thread 0x0000022f3bdda770 Exception <a 'sun/nio/fs/WindowsException'{0x00000000b3428008}> (0x00000000b3428008) 
thrown [s\src\hotspot\share\prims\jni.cpp, line 535]
Event: 1533.215 Thread 0x0000022f3bdda770 Exception <a 'sun/nio/fs/WindowsException'{0x00000000b3429ee0}> (0x00000000b3429ee0) 
thrown [s\src\hotspot\share\prims\jni.cpp, line 535]
Event: 1533.229 Thread 0x0000022f3bdda770 Exception <a 'sun/nio/fs/WindowsException'{0x00000000b322dd68}> (0x00000000b322dd68) 
thrown [s\src\hotspot\share\prims\jni.cpp, line 535]
Event: 1533.233 Thread 0x0000022f3bdda770 Exception <a 'sun/nio/fs/WindowsException'{0x00000000b323e580}> (0x00000000b323e580) 
thrown [s\src\hotspot\share\prims\jni.cpp, line 535]
Event: 1533.234 Thread 0x0000022f3bdda770 Exception <a 'sun/nio/fs/WindowsException'{0x00000000b32405d8}> (0x00000000b32405d8) 
thrown [s\src\hotspot\share\prims\jni.cpp, line 535]
Event: 1533.240 Thread 0x0000022f3bdda770 Exception <a 'sun/nio/fs/WindowsException'{0x00000000b327ba38}> (0x00000000b327ba38) 
thrown [s\src\hotspot\share\prims\jni.cpp, line 535]
Event: 1533.246 Thread 0x0000022f4d433c30 Exception <a 'sun/nio/fs/WindowsException'{0x00000000b32de340}> (0x00000000b32de340) 
thrown [s\src\hotspot\share\prims\jni.cpp, line 535]
Event: 1533.253 Thread 0x0000022f3bdda770 Exception <a 'sun/nio/fs/WindowsException'{0x00000000b3286f68}> (0x00000000b3286f68) 
thrown [s\src\hotspot\share\prims\jni.cpp, line 535]
Event: 1533.254 Thread 0x0000022f4d433c30 Exception <a 'sun/nio/fs/WindowsException'{0x00000000b32ee438}> (0x00000000b32ee438) 
thrown [s\src\hotspot\share\prims\jni.cpp, line 535]
Event: 1533.255 Thread 0x0000022f3bdda770 Exception <a 'sun/nio/fs/WindowsException'{0x00000000b3288e40}> (0x00000000b3288e40) 
thrown [s\src\hotspot\share\prims\jni.cpp, line 535]
Event: 1533.257 Thread 0x0000022f4d433c30 Exception <a 'sun/nio/fs/WindowsException'{0x00000000b32f8358}> (0x00000000b32f8358) 
thrown [s\src\hotspot\share\prims\jni.cpp, line 535]
Event: 1533.261 Thread 0x0000022f4d433c30 Exception <a 'sun/nio/fs/WindowsException'{0x00000000b32fe228}> (0x00000000b32fe228) 
thrown [s\src\hotspot\share\prims\jni.cpp, line 535]
Event: 1533.271 Thread 0x0000022f3bdda770 Exception <a 'sun/nio/fs/WindowsException'{0x00000000b31ac1e0}> (0x00000000b31ac1e0) 
thrown [s\src\hotspot\share\prims\jni.cpp, line 535]
Event: 1533.279 Thread 0x0000022f3bdda770 Exception <a 'sun/nio/fs/WindowsException'{0x00000000b31b8f08}> (0x00000000b31b8f08) 
thrown [s\src\hotspot\share\prims\jni.cpp, line 535]
Event: 1533.280 Thread 0x0000022f3bdda770 Exception <a 'sun/nio/fs/WindowsException'{0x00000000b31bade0}> (0x00000000b31bade0) 
thrown [s\src\hotspot\share\prims\jni.cpp, line 535]
Event: 1533.289 Thread 0x0000022f3bdda770 Exception <a 'sun/nio/fs/WindowsException'{0x00000000b308e6a0}> (0x00000000b308e6a0) 
thrown [s\src\hotspot\share\prims\jni.cpp, line 535]

VM Operations (20 events):
Event: 1513.935 Executing safepoint VM operation: G1CollectForAllocation (G1 Evacuation Pause)
Event: 1514.304 Executing safepoint VM operation: G1CollectForAllocation (G1 Evacuation Pause) done
Event: 1517.324 Executing safepoint VM operation: G1CollectForAllocation (G1 Evacuation Pause)
Event: 1517.565 Executing safepoint VM operation: G1CollectForAllocation (G1 Evacuation Pause) done
Event: 1518.149 Executing safepoint VM operation: G1CollectForAllocation (G1 Evacuation Pause)
Event: 1518.255 Executing safepoint VM operation: G1CollectForAllocation (G1 Evacuation Pause) done
Event: 1519.747 Executing safepoint VM operation: G1PauseRemark
Event: 1519.941 Executing safepoint VM operation: G1PauseRemark done
Event: 1520.478 Executing safepoint VM operation: G1PauseCleanup
Event: 1520.487 Executing safepoint VM operation: G1PauseCleanup done
Event: 1521.004 Executing safepoint VM operation: G1CollectForAllocation (G1 Evacuation Pause)
Event: 1521.112 Executing safepoint VM operation: G1CollectForAllocation (G1 Evacuation Pause) done
Event: 1527.517 Executing safepoint VM operation: G1CollectForAllocation (G1 Evacuation Pause)
Event: 1527.597 Executing safepoint VM operation: G1CollectForAllocation (G1 Evacuation Pause) done
Event: 1528.895 Executing non-safepoint VM operation: HandshakeAllThreads (Deoptimize)
Event: 1528.898 Executing non-safepoint VM operation: HandshakeAllThreads (Deoptimize) done
Event: 1529.119 Executing non-safepoint VM operation: HandshakeAllThreads (Deoptimize)
Event: 1529.120 Executing non-safepoint VM operation: HandshakeAllThreads (Deoptimize) done
Event: 1531.537 Executing safepoint VM operation: G1CollectForAllocation (G1 Evacuation Pause)
Event: 1531.615 Executing safepoint VM operation: G1CollectForAllocation (G1 Evacuation Pause) done

Memory protections (0 events):
No events

Nmethod flushes (20 events):
Event: 1519.935 Thread 0x0000022f326092b0 flushing  nmethod 0x0000022f20f12e08
Event: 1519.935 Thread 0x0000022f326092b0 flushing  nmethod 0x0000022f20f13108
Event: 1519.935 Thread 0x0000022f326092b0 flushing  nmethod 0x0000022f20f3ca08
Event: 1519.935 Thread 0x0000022f326092b0 flushing  nmethod 0x0000022f20f3ce08
Event: 1519.935 Thread 0x0000022f326092b0 flushing  nmethod 0x0000022f20f3d108
Event: 1519.935 Thread 0x0000022f326092b0 flushing  nmethod 0x0000022f20f3d708
Event: 1519.935 Thread 0x0000022f326092b0 flushing  nmethod 0x0000022f20f3fa88
Event: 1519.935 Thread 0x0000022f326092b0 flushing  nmethod 0x0000022f20f40a08
Event: 1519.935 Thread 0x0000022f326092b0 flushing  nmethod 0x0000022f20f40e88
Event: 1519.935 Thread 0x0000022f326092b0 flushing  nmethod 0x0000022f20f47d08
Event: 1519.935 Thread 0x0000022f326092b0 flushing  nmethod 0x0000022f20f48008
Event: 1519.935 Thread 0x0000022f326092b0 flushing  nmethod 0x0000022f20f4d408
Event: 1519.935 Thread 0x0000022f326092b0 flushing  nmethod 0x0000022f20f4d708
Event: 1519.935 Thread 0x0000022f326092b0 flushing  nmethod 0x0000022f20f4da08
Event: 1519.935 Thread 0x0000022f326092b0 flushing  nmethod 0x0000022f20f8de08
Event: 1519.935 Thread 0x0000022f326092b0 flushing  nmethod 0x0000022f20fc5b88
Event: 1519.935 Thread 0x0000022f326092b0 flushing  nmethod 0x0000022f20fd5988
Event: 1519.935 Thread 0x0000022f326092b0 flushing  nmethod 0x0000022f20fd6388
Event: 1519.935 Thread 0x0000022f326092b0 flushing  nmethod 0x0000022f2100ea08
Event: 1519.935 Thread 0x0000022f326092b0 flushing  nmethod 0x0000022f2100f308

Events (20 events):
Event: 1503.102 Thread 0x0000022f4c8c9310 Thread added: 0x0000022f467a0fa0
Event: 1503.789 Thread 0x0000022f4d432c90 Thread added: 0x0000022f3bcacea0
Event: 1505.144 Thread 0x0000022f4c8c9310 Thread exited: 0x0000022f4c8c9310
Event: 1510.059 Thread 0x0000022f3bcacea0 Thread exited: 0x0000022f3bcacea0
Event: 1512.839 Thread 0x0000022f4d433c30 Thread added: 0x0000022f3bcade40
Event: 1512.839 Thread 0x0000022f4d433c30 Thread added: 0x0000022f3bcaf5b0
Event: 1512.846 Thread 0x0000022f3bcade40 Thread added: 0x0000022f3bca9fc0
Event: 1512.849 Thread 0x0000022f3bcaf5b0 Thread added: 0x0000022f3bca9020
Event: 1513.102 Thread 0x0000022f4d432c90 Thread added: 0x0000022f44b8a620
Event: 1513.108 Thread 0x0000022f4d432c90 Thread added: 0x0000022f44b8ec70
Event: 1513.191 Loaded shared library D:\AndroidStudio\jbr\bin\rmi.dll
Event: 1513.195 Thread 0x0000022f4d432c90 Thread added: 0x0000022f4c7f3490
Event: 1513.506 Thread 0x0000022f4d432c90 Thread added: 0x0000022f4c7f24f0
Event: 1513.506 Thread 0x0000022f4d432c90 Thread added: 0x0000022f4c7f3c60
Event: 1513.814 Thread 0x0000022f4c7f24f0 Thread added: 0x0000022f467a2710
Event: 1515.696 Thread 0x0000022f3266d810 Thread added: 0x0000022f3a212c80
Event: 1520.706 Thread 0x0000022f3a212c80 Thread exited: 0x0000022f3a212c80
Event: 1522.278 Thread 0x0000022f3bdd9000 Thread added: 0x0000022f3bdd8830
Event: 1527.810 Thread 0x0000022f3bdd8830 Thread added: 0x0000022f3bddaf40
Event: 1530.733 Thread 0x0000022f467a0fa0 Thread exited: 0x0000022f467a0fa0


Dynamic libraries:
0x00007ff6c7c80000 - 0x00007ff6c7c8a000 	D:\AndroidStudio\jbr\bin\java.exe
0x00007ffe41330000 - 0x00007ffe41528000 	C:\WINDOWS\SYSTEM32\ntdll.dll
0x00007ffe40690000 - 0x00007ffe40752000 	C:\WINDOWS\System32\KERNEL32.DLL
0x00007ffe3eb60000 - 0x00007ffe3ee56000 	C:\WINDOWS\System32\KERNELBASE.dll
0x00007ffe3ea60000 - 0x00007ffe3eb60000 	C:\WINDOWS\System32\ucrtbase.dll
0x00007ffe31ff0000 - 0x00007ffe32006000 	D:\AndroidStudio\jbr\bin\jli.dll
0x00007ffe40350000 - 0x00007ffe404f1000 	C:\WINDOWS\System32\USER32.dll
0x00007ffe3eee0000 - 0x00007ffe3ef02000 	C:\WINDOWS\System32\win32u.dll
0x00007ffe40080000 - 0x00007ffe400ab000 	C:\WINDOWS\System32\GDI32.dll
0x00007ffe3f0a0000 - 0x00007ffe3f1b9000 	C:\WINDOWS\System32\gdi32full.dll
0x00007ffe326e0000 - 0x00007ffe326fb000 	D:\AndroidStudio\jbr\bin\VCRUNTIME140.dll
0x00007ffe3e9c0000 - 0x00007ffe3ea5d000 	C:\WINDOWS\System32\msvcp_win.dll
0x00007ffe3dcf0000 - 0x00007ffe3df8b000 	C:\WINDOWS\WinSxS\amd64_microsoft.windows.common-controls_6595b64144ccf1df_6.0.19041.6456_none_60b8a6cb71f64256\COMCTL32.dll
0x00007ffe40ee0000 - 0x00007ffe40f7e000 	C:\WINDOWS\System32\msvcrt.dll
0x00007ffe40ff0000 - 0x00007ffe4101f000 	C:\WINDOWS\System32\IMM32.DLL
0x00007ffe3b660000 - 0x00007ffe3b66c000 	D:\AndroidStudio\jbr\bin\vcruntime140_1.dll
0x00007ffe0e440000 - 0x00007ffe0e4cd000 	D:\AndroidStudio\jbr\bin\msvcp140.dll
0x00007ffddca80000 - 0x00007ffddd95d000 	D:\AndroidStudio\jbr\bin\server\jvm.dll
0x00007ffe41020000 - 0x00007ffe410d1000 	C:\WINDOWS\System32\ADVAPI32.dll
0x00007ffe40170000 - 0x00007ffe4020f000 	C:\WINDOWS\System32\sechost.dll
0x00007ffe40c30000 - 0x00007ffe40d50000 	C:\WINDOWS\System32\RPCRT4.dll
0x00007ffe3f320000 - 0x00007ffe3f347000 	C:\WINDOWS\System32\bcrypt.dll
0x00007ffe40500000 - 0x00007ffe4056b000 	C:\WINDOWS\System32\WS2_32.dll
0x00007ffe3e770000 - 0x00007ffe3e7bb000 	C:\WINDOWS\SYSTEM32\POWRPROF.dll
0x00007ffe364b0000 - 0x00007ffe364ba000 	C:\WINDOWS\SYSTEM32\VERSION.dll
0x00007ffe2bba0000 - 0x00007ffe2bbc7000 	C:\WINDOWS\SYSTEM32\WINMM.dll
0x00007ffe3e750000 - 0x00007ffe3e762000 	C:\WINDOWS\SYSTEM32\UMPDC.dll
0x00007ffe3cb30000 - 0x00007ffe3cb42000 	C:\WINDOWS\SYSTEM32\kernel.appcore.dll
0x00007ffe394c0000 - 0x00007ffe394ca000 	D:\AndroidStudio\jbr\bin\jimage.dll
0x00007ffe3e300000 - 0x00007ffe3e501000 	C:\WINDOWS\SYSTEM32\DBGHELP.DLL
0x00007ffe3e110000 - 0x00007ffe3e144000 	C:\WINDOWS\SYSTEM32\dbgcore.DLL
0x00007ffe3f010000 - 0x00007ffe3f092000 	C:\WINDOWS\System32\bcryptPrimitives.dll
0x00007ffe3e540000 - 0x00007ffe3e54e000 	D:\AndroidStudio\jbr\bin\instrument.dll
0x00007ffe1fbe0000 - 0x00007ffe1fbfe000 	D:\AndroidStudio\jbr\bin\java.dll
0x00007ffe40210000 - 0x00007ffe4033b000 	C:\WINDOWS\System32\ole32.dll
0x00007ffe3f500000 - 0x00007ffe3f854000 	C:\WINDOWS\System32\combase.dll
0x00007ffe3f910000 - 0x00007ffe40080000 	C:\WINDOWS\System32\SHELL32.dll
0x00007ffe1e020000 - 0x00007ffe1e036000 	D:\AndroidStudio\jbr\bin\zip.dll
0x00007ffe3c260000 - 0x00007ffe3ca05000 	C:\WINDOWS\SYSTEM32\windows.storage.dll
0x00007ffe3dc50000 - 0x00007ffe3dc7b000 	C:\WINDOWS\SYSTEM32\Wldp.dll
0x00007ffe41170000 - 0x00007ffe4123d000 	C:\WINDOWS\System32\OLEAUT32.dll
0x00007ffe41240000 - 0x00007ffe412ed000 	C:\WINDOWS\System32\SHCORE.dll
0x00007ffe400b0000 - 0x00007ffe4010b000 	C:\WINDOWS\System32\shlwapi.dll
0x00007ffe3e8f0000 - 0x00007ffe3e914000 	C:\WINDOWS\SYSTEM32\profapi.dll
0x00007ffe288c0000 - 0x00007ffe288d0000 	D:\AndroidStudio\jbr\bin\net.dll
0x00007ffe3d960000 - 0x00007ffe3d9ca000 	C:\WINDOWS\system32\mswsock.dll
0x00007ffe1d080000 - 0x00007ffe1d096000 	D:\AndroidStudio\jbr\bin\nio.dll
0x00007ffe394e0000 - 0x00007ffe394f0000 	D:\AndroidStudio\jbr\bin\verify.dll
0x00007ffe37e40000 - 0x00007ffe37e67000 	C:\Users\adry4\.gradle\native\660c5614fbf4a5f2a75b1949f50a0caf5cd603558e7d8a26e50b933a0cfb79d1\windows-amd64\native-platform.dll
0x00007ffe0f220000 - 0x00007ffe0f297000 	C:\Users\adry4\.gradle\native\0.2.8\x86_64-windows-gnu\gradle-fileevents.dll
0x00007ffe2abe0000 - 0x00007ffe2abe9000 	D:\AndroidStudio\jbr\bin\management.dll
0x00007ffe26e10000 - 0x00007ffe26e1b000 	D:\AndroidStudio\jbr\bin\management_ext.dll
0x00007ffe410e0000 - 0x00007ffe410e8000 	C:\WINDOWS\System32\PSAPI.DLL
0x00007ffe3d680000 - 0x00007ffe3d6bb000 	C:\WINDOWS\SYSTEM32\IPHLPAPI.DLL
0x00007ffe40fe0000 - 0x00007ffe40fe8000 	C:\WINDOWS\System32\NSI.dll
0x00007ffe2abf0000 - 0x00007ffe2abf9000 	D:\AndroidStudio\jbr\bin\extnet.dll
0x00007ffe3e6c0000 - 0x00007ffe3e6d8000 	C:\WINDOWS\SYSTEM32\CRYPTSP.dll
0x00007ffe3d320000 - 0x00007ffe3d358000 	C:\WINDOWS\system32\rsaenh.dll
0x00007ffe3e8b0000 - 0x00007ffe3e8de000 	C:\WINDOWS\SYSTEM32\USERENV.dll
0x00007ffe3dbc0000 - 0x00007ffe3dbcc000 	C:\WINDOWS\SYSTEM32\CRYPTBASE.dll
0x00007ffe39af0000 - 0x00007ffe39af7000 	C:\WINDOWS\system32\wshunix.dll
0x00007ffe3d6c0000 - 0x00007ffe3d78a000 	C:\WINDOWS\SYSTEM32\DNSAPI.dll
0x00007ffe2cbb0000 - 0x00007ffe2cbba000 	C:\Windows\System32\rasadhlp.dll
0x00007ffe2cbf0000 - 0x00007ffe2cc70000 	C:\WINDOWS\System32\fwpuclnt.dll
0x00007ffe3e680000 - 0x00007ffe3e6b3000 	C:\WINDOWS\SYSTEM32\ntmarta.dll
0x00007ffe1d8a0000 - 0x00007ffe1d8b7000 	C:\WINDOWS\system32\napinsp.dll
0x00007ffe1d8c0000 - 0x00007ffe1d8db000 	C:\WINDOWS\system32\pnrpnsp.dll
0x00007ffe399e0000 - 0x00007ffe399fd000 	C:\WINDOWS\system32\NLAapi.dll
0x00007ffe1d8e0000 - 0x00007ffe1d8f2000 	C:\WINDOWS\System32\winrnr.dll
0x00007ffe382b0000 - 0x00007ffe382cd000 	C:\WINDOWS\system32\wshbth.dll
0x00007ffe3e550000 - 0x00007ffe3e557000 	D:\AndroidStudio\jbr\bin\rmi.dll

JVMTI agents:
C:\Users\adry4\.gradle\wrapper\dists\gradle-9.6.0-bin\42k10rwplmzkhuboz9kdazi7s\gradle-9.6.0\lib\agents\gradle-instrumentation-agent-9.6.0.jar path:D:\AndroidStudio\jbr\bin\instrument.dll, loaded, initialized, instrumentlib options:none

dbghelp: loaded successfully - version: 4.0.5 - missing functions: none
symbol engine: initialized successfully - sym options: 0x614 - pdb path: .;D:\AndroidStudio\jbr\bin;C:\WINDOWS\SYSTEM32;C:\WINDOWS\WinSxS\amd64_microsoft.windows.common-controls_6595b64144ccf1df_6.0.19041.6456_none_60b8a6cb71f64256;D:\AndroidStudio\jbr\bin\server;C:\Users\adry4\.gradle\native\660c5614fbf4a5f2a75b1949f50a0caf5cd603558e7d8a26e50b933a0cfb79d1\windows-amd64;C:\Users\adry4\.gradle\native\0.2.8\x86_64-windows-gnu

VM Arguments:
jvm_args: --add-opens=java.base/java.lang=ALL-UNNAMED --add-opens=java.base/java.lang.invoke=ALL-UNNAMED --add-opens=java.base/java.util=ALL-UNNAMED --add-opens=java.prefs/java.util.prefs=ALL-UNNAMED --add-exports=jdk.compiler/com.sun.tools.javac.api=ALL-UNNAMED --add-exports=jdk.compiler/com.sun.tools.javac.util=ALL-UNNAMED --add-opens=java.base/java.nio.charset=ALL-UNNAMED --add-opens=java.base/java.net=ALL-UNNAMED --add-opens=java.base/java.util.concurrent=ALL-UNNAMED --add-opens=java.base/java.util.concurrent.atomic=ALL-UNNAMED --add-opens=java.xml/javax.xml.namespace=ALL-UNNAMED --add-opens=java.base/java.time=ALL-UNNAMED --enable-native-access=ALL-UNNAMED -Xmx2048m -Dfile.encoding=UTF-8 -Duser.country=BO -Duser.language=es -Duser.variant -javaagent:C:\Users\adry4\.gradle\wrapper\dists\gradle-9.6.0-bin\42k10rwplmzkhuboz9kdazi7s\gradle-9.6.0\lib\agents\gradle-instrumentation-agent-9.6.0.jar 
java_command: org.gradle.launcher.daemon.bootstrap.GradleDaemon 9.6.0
java_class_path (initial): C:\Users\adry4\.gradle\wrapper\dists\gradle-9.6.0-bin\42k10rwplmzkhuboz9kdazi7s\gradle-9.6.0\lib\gradle-daemon-main-9.6.0.jar
Launcher Type: SUN_STANDARD

[Global flags]
     intx CICompilerCount                          = 3                                         {product} {ergonomic}
     uint ConcGCThreads                            = 1                                         {product} {ergonomic}
     uint G1ConcRefinementThreads                  = 4                                         {product} {ergonomic}
   size_t G1HeapRegionSize                         = 1048576                                   {product} {ergonomic}
   size_t InitialHeapSize                          = 132120576                                 {product} {ergonomic}
   size_t MarkStackSize                            = 4194304                                   {product} {ergonomic}
   size_t MarkStackSizeMax                         = 536870912                                 {product} {ergonomic}
   size_t MaxHeapSize                              = 2147483648                                {product} {command line}
   size_t MaxNewSize                               = 1287651328                                {product} {ergonomic}
   size_t MinHeapDeltaBytes                        = 1048576                                   {product} {ergonomic}
   size_t MinHeapSize                              = 8388608                                   {product} {ergonomic}
    uintx NonNMethodCodeHeapSize                   = 5898240                                {pd product} {ergonomic}
    uintx NonProfiledCodeHeapSize                  = 122945536                              {pd product} {ergonomic}
    uintx ProfiledCodeHeapSize                     = 122945536                              {pd product} {ergonomic}
    uintx ReservedCodeCacheSize                    = 251789312                              {pd product} {ergonomic}
     bool SegmentedCodeCache                       = true                                      {product} {ergonomic}
   size_t SoftMaxHeapSize                          = 2147483648                             {manageable} {ergonomic}
     bool UseCompressedOops                        = true                           {product lp64_product} {ergonomic}
     bool UseG1GC                                  = true                                      {product} {ergonomic}
     bool UseLargePagesIndividualAllocation        = false                                  {pd product} {ergonomic}

Logging:
Log output configuration:
 #0: stdout all=warning uptime,level,tags foldmultilines=false
 #1: stderr all=off uptime,level,tags foldmultilines=false

Release file:
JAVA_VERSION="25.0.3" 
MODULES="java.base java.compiler java.datatransfer java.xml java.prefs java.desktop java.instrument java.logging java.management java.security.sasl java.naming java.rmi java.management.rmi java.net.http java.scripting java.security.jgss java.transaction.xa java.sql java.sql.rowset java.xml.crypto java.se java.smartcardio jdk.accessibility jdk.internal.jvmstat jdk.attach jdk.charsets jdk.internal.opt jdk.zipfs jdk.compiler jdk.crypto.cryptoki jdk.crypto.ec jdk.dynalink jdk.hotspot.agent jdk.httpserver jdk.internal.ed jdk.internal.le jdk.internal.md jdk.internal.vm.ci jdk.jartool jdk.javadoc jdk.jcmd jdk.jdeps jdk.jdwp.agent jdk.jdi jdk.jfr jdk.jlink jdk.localedata jdk.management jdk.management.agent jdk.management.jfr jdk.naming.dns jdk.naming.rmi jdk.net jdk.sctp jdk.security.auth jdk.security.jgss jdk.unsupported jdk.unsupported.desktop jdk.xml.dom" 
IMPLEMENTOR="JetBrains s.r.o." 
JAVA_RUNTIME_VERSION="25.0.3+-15898627-b508.16" 
LIBC="default" 
OS_ARCH="x86_64" 
OS_NAME="Windows" 
SOURCE=".:git:a8b1dba3234f" 

Environment Variables:
JAVA_HOME=C:\Program Files\Eclipse Adoptium\jdk-25.0.4.7-hotspot\
PATH=C:\Program Files\Eclipse Adoptium\jdk-25.0.4.7-hotspot\bin;C:\WINDOWS\system32;C:\WINDOWS;C:\WINDOWS\System32\Wbem;C:\WINDOWS\System32\WindowsPowerShell\v1.0\;C:\WINDOWS\System32\OpenSSH\;C:\msys64\mingw64\bin;D:\Git\cmd;C:\Users\adry4\AppData\Local\Programs\Eclipse Adoptium\jdk-25.0.2.10-hotspot\bin;C:\Users\adry4\AppData\Local\Microsoft\WindowsApps;D:\Microsoft VS Code Insiders\bin;C:\Users\adry4\AppData\Local\Coursier\data\bin
USERNAME=adry4
OS=Windows_NT
PROCESSOR_IDENTIFIER=Intel64 Family 6 Model 78 Stepping 3, GenuineIntel
TMP=C:\Users\adry4\AppData\Local\Temp
TEMP=C:\Users\adry4\AppData\Local\Temp




Compilation memory statistics disabled.

Periodic native trim disabled

JNI global refs:
JNI global refs: 22, weak refs: 0

JNI global refs memory usage: 835, weak refs: 833

Process memory usage:
Resident Set Size: 918740K (11% of 8246440K total physical memory with 278456K free physical memory)

OOME stack traces (most recent first):
Classloader memory used:
Loader org.gradle.internal.classloader.VisitableURLClassLoader                         : 124 M
Loader org.gradle.internal.classloader.VisitableURLClassLoader$InstrumentingVisitableURLClassLoader: 60041 K
Loader bootstrap                                                                       : 37704 K
Loader org.gradle.initialization.MixInLegacyTypesClassLoader                           : 17633 K
Loader org.gradle.internal.classloader.VisitableURLClassLoader                         : 8635 K
Loader java.net.URLClassLoader                                                         : 2459 K
Loader jdk.internal.loader.ClassLoaders$PlatformClassLoader                            : 451 K
Loader jdk.internal.jrtfs.JrtFileSystemProvider$JrtFsLoader                            : 329 K
Loader org.gradle.groovy.scripts.internal.DefaultScriptCompilationHandler$ScriptClassLoader: 264 K
Loader jdk.internal.loader.ClassLoaders$AppClassLoader                                 : 194 K
Loader sun.reflect.misc.MethodUtil                                                     : 2968 B

Classes loaded by more than one classloader:
Class Program                                                                         : loaded 7 times (x 74B)
Class Build_gradle                                                                    : loaded 5 times (x 128B)
Class com.google.common.collect.Iterators                                             : loaded 4 times (x 73B)
Class com.google.common.collect.Lists$StringAsImmutableList                           : loaded 4 times (x 209B)
Class com.google.common.collect.AbstractIterator                                      : loaded 4 times (x 84B)
Class com.google.common.collect.AbstractIndexedListIterator                           : loaded 4 times (x 98B)
Class com.google.common.collect.Iterators$MergingIterator                             : loaded 4 times (x 83B)
Class com.google.common.collect.Iterators$SingletonIterator                           : loaded 4 times (x 83B)
Class com.google.common.collect.ImmutableList                                         : loaded 4 times (x 208B)
Class com.google.common.collect.Iterators$ArrayItr                                    : loaded 4 times (x 99B)
Class com.google.common.collect.Iterators$1                                           : loaded 4 times (x 83B)
Class com.google.common.collect.Iterators$4                                           : loaded 4 times (x 84B)
Class com.google.common.collect.Iterators$5                                           : loaded 4 times (x 84B)
Class com.google.common.collect.ImmutableCollection                                   : loaded 4 times (x 127B)
Class com.google.common.collect.Lists                                                 : loaded 4 times (x 73B)
Class com.google.common.collect.Iterators$9                                           : loaded 4 times (x 83B)
Class com.google.common.collect.UnmodifiableIterator                                  : loaded 4 times (x 82B)
Class com.google.common.collect.UnmodifiableListIterator                              : loaded 4 times (x 97B)
Class com.google.common.base.Preconditions                                            : loaded 4 times (x 73B)
Class com.google.common.collect.PeekingIterator                                       : loaded 4 times (x 72B)
Class kotlin.sequences.SequencesKt__SequenceBuilderKt                                 : loaded 3 times (x 73B)
Class kotlin.collections.CollectionsKt__ReversedViewsKt                               : loaded 3 times (x 73B)
Class com.google.common.base.CharMatcher                                              : loaded 3 times (x 113B)
Class kotlin.sequences.FilteringSequence$iterator$1                                   : loaded 3 times (x 81B)
Class com.google.common.base.Joiner$1                                                 : loaded 3 times (x 83B)
Class kotlin.collections.SetsKt__SetsKt                                               : loaded 3 times (x 73B)
Class com.google.common.base.CharMatcher$IsEither                                     : loaded 3 times (x 113B)
Class kotlin.io.FilesKt__FileTreeWalkKt                                               : loaded 3 times (x 73B)
Class kotlin.collections.ArraysKt                                                     : loaded 3 times (x 73B)
Class com.google.common.base.CharMatcher$Is                                           : loaded 3 times (x 113B)
Class com.google.common.base.CharMatcher$Negated                                      : loaded 3 times (x 115B)
Class kotlin.ranges.RangesKt___RangesKt                                               : loaded 3 times (x 73B)
Class kotlin.KotlinNullPointerException                                               : loaded 3 times (x 84B)
Class kotlin.collections.CollectionsKt__IterablesKt                                   : loaded 3 times (x 73B)
Class kotlin.collections.MapsKt                                                       : loaded 3 times (x 73B)
Class kotlin.jvm.internal.Intrinsics                                                  : loaded 3 times (x 73B)
Class com.google.common.collect.ImmutableSet$RegularSetBuilderImpl                    : loaded 3 times (x 78B)
Class org.gradle.internal.IoActions                                                   : loaded 3 times (x 73B)
Class com.google.common.collect.ImmutableList$1                                       : loaded 3 times (x 99B)
Class kotlin.text.StringsKt___StringsKt                                               : loaded 3 times (x 73B)
Class kotlin.enums.EnumEntriesKt                                                      : loaded 3 times (x 73B)
Class kotlin.collections.CollectionsKt__MutableCollectionsJVMKt                       : loaded 3 times (x 73B)
Class kotlin.collections.MapsKt__MapWithDefaultKt                                     : loaded 3 times (x 73B)
Class kotlin.collections.ArraysKt___ArraysKt                                          : loaded 3 times (x 73B)
Class kotlin.io.FilesKt                                                               : loaded 3 times (x 73B)
Class kotlin.collections.MapsKt___MapsKt                                              : loaded 3 times (x 73B)
Class kotlin.text.StringsKt___StringsJvmKt                                            : loaded 3 times (x 73B)
Class org.gradle.api.GradleException                                                  : loaded 3 times (x 84B)
Class kotlin.collections.CollectionsKt___CollectionsKt                                : loaded 3 times (x 73B)
Class com.google.common.base.CharMatcher$NegatedFastMatcher                           : loaded 3 times (x 115B)
Class kotlin.collections.MapsKt___MapsJvmKt                                           : loaded 3 times (x 73B)
Class com.google.common.base.Predicate                                                : loaded 3 times (x 72B)
Class kotlin.jvm.functions.Function2                                                  : loaded 3 times (x 72B)
Class com.google.common.base.CharMatcher$FastMatcher                                  : loaded 3 times (x 113B)
Class kotlin.jvm.functions.Function1                                                  : loaded 3 times (x 72B)
Class org.gradle.api.Action                                                           : loaded 3 times (x 72B)
Class org.gradle.internal.Cast                                                        : loaded 3 times (x 73B)
Class kotlin.jvm.functions.Function0                                                  : loaded 3 times (x 72B)
Class kotlin.collections.ArraysUtilJVM                                                : loaded 3 times (x 73B)
Class kotlin.ranges.RangesKt                                                          : loaded 3 times (x 73B)
Class com.google.common.base.CharMatcher$Or                                           : loaded 3 times (x 114B)
Class kotlin.sequences.SequencesKt___SequencesJvmKt                                   : loaded 3 times (x 73B)
Class kotlin.Unit                                                                     : loaded 3 times (x 73B)
Class kotlin.TuplesKt                                                                 : loaded 3 times (x 73B)
Class kotlin.collections.CollectionsKt___CollectionsJvmKt                             : loaded 3 times (x 73B)
Class com.google.common.collect.ImmutableSet                                          : loaded 3 times (x 147B)
Class com.google.common.base.CharMatcher$BitSetMatcher                                : loaded 3 times (x 114B)
Class kotlin.sequences.FilteringSequence                                              : loaded 3 times (x 77B)
Class kotlin.collections.ArraysKt__ArraysJVMKt                                        : loaded 3 times (x 73B)
Class com.google.common.base.Joiner$2                                                 : loaded 3 times (x 82B)
Class kotlin.comparisons.ComparisonsKt                                                : loaded 3 times (x 73B)
Class kotlin.sequences.SequencesKt__SequencesKt                                       : loaded 3 times (x 73B)
Class kotlin.collections.SetsKt___SetsKt                                              : loaded 3 times (x 73B)
Class kotlin.ranges.RangesKt__RangesKt                                                : loaded 3 times (x 73B)
Class kotlin.comparisons.ComparisonsKt__ComparisonsKt                                 : loaded 3 times (x 73B)
Class kotlin.text.StringsKt__StringBuilderJVMKt                                       : loaded 3 times (x 73B)
Class kotlin.collections.AbstractCollection                                           : loaded 3 times (x 119B)
Class kotlin.collections.AbstractList                                                 : loaded 3 times (x 199B)
Class kotlin.sequences.SequencesKt__SequencesJVMKt                                    : loaded 3 times (x 73B)
Class kotlin.text.StringsKt__RegexExtensionsKt                                        : loaded 3 times (x 73B)
Class kotlin.io.FileSystemException                                                   : loaded 3 times (x 84B)
Class com.google.common.collect.RegularImmutableList                                  : loaded 3 times (x 215B)
Class com.google.common.base.Function                                                 : loaded 3 times (x 72B)
Class kotlin.enums.EnumEntries                                                        : loaded 3 times (x 72B)
Class com.google.common.base.CharMatcher$IsNot                                        : loaded 3 times (x 113B)
Class com.google.common.collect.RegularImmutableSet                                   : loaded 3 times (x 150B)
Class kotlin.text.StringsKt__StringNumberConversionsKt                                : loaded 3 times (x 73B)
Class kotlin.io.FilesKt__FileReadWriteKt                                              : loaded 3 times (x 73B)
Class com.google.common.collect.ImmutableAsList                                       : loaded 3 times (x 211B)
Class com.google.common.base.CharMatcher$1                                            : loaded 3 times (x 115B)
Class kotlin.text.StringsKt                                                           : loaded 3 times (x 73B)
Class com.google.common.collect.ImmutableSet$CachingAsList                            : loaded 3 times (x 150B)
Class com.google.common.base.CharMatcher$NamedFastMatcher                             : loaded 3 times (x 114B)
Class kotlin.collections.CollectionsKt__IteratorsKt                                   : loaded 3 times (x 73B)
Class kotlin.sequences.SequencesKt                                                    : loaded 3 times (x 73B)
Class kotlin.text.StringsKt__StringBuilderKt                                          : loaded 3 times (x 73B)
Class kotlin.sequences.SequencesKt___SequencesKt                                      : loaded 3 times (x 73B)
Class kotlin.collections.AbstractList$Companion                                       : loaded 3 times (x 73B)
Class com.google.common.base.CharMatcher$AnyOf                                        : loaded 3 times (x 114B)
Class kotlin.collections.CollectionsKt__CollectionsJVMKt                              : loaded 3 times (x 73B)
Class kotlin.io.FilesKt__UtilsKt                                                      : loaded 3 times (x 73B)
Class com.google.common.base.CharMatcher$ForPredicate                                 : loaded 3 times (x 114B)
Class kotlin.NoWhenBranchMatchedException                                             : loaded 3 times (x 84B)
Class com.google.common.base.CharMatcher$InRange                                      : loaded 3 times (x 113B)
Class com.google.common.collect.SingletonImmutableSet                                 : loaded 3 times (x 148B)
Class kotlin.UninitializedPropertyAccessException                                     : loaded 3 times (x 84B)
Class kotlin.jvm.internal.markers.KMappedMarker                                       : loaded 3 times (x 72B)
Class kotlin.collections.MapsKt__MapsKt                                               : loaded 3 times (x 73B)
Class com.google.common.collect.ImmutableList$ReverseImmutableList                    : loaded 3 times (x 211B)
Class com.google.common.collect.SingletonImmutableList                                : loaded 3 times (x 209B)
Class com.google.common.collect.ImmutableSet$SetBuilderImpl                           : loaded 3 times (x 78B)
Class kotlin.text.StringsKt__IndentKt                                                 : loaded 3 times (x 73B)
Class kotlin.collections.SetsKt                                                       : loaded 3 times (x 73B)
Class com.google.common.base.ExtraObjectsMethodsForWeb                                : loaded 3 times (x 73B)
Class kotlin.text.StringsKt__AppendableKt                                             : loaded 3 times (x 73B)
Class kotlin.text.StringsKt__StringsJVMKt                                             : loaded 3 times (x 73B)
Class com.google.common.collect.Multimap                                              : loaded 3 times (x 72B)
Class kotlin.io.FileAlreadyExistsException                                            : loaded 3 times (x 84B)
Class kotlin.Function                                                                 : loaded 3 times (x 72B)
Class kotlin.collections.SetsKt__SetsJVMKt                                            : loaded 3 times (x 73B)
Class com.google.common.collect.ImmutableList$SubList                                 : loaded 3 times (x 211B)
Class kotlin.collections.ArraysKt__ArraysKt                                           : loaded 3 times (x 73B)
Class com.google.common.collect.ForwardingObject                                      : loaded 3 times (x 74B)
Class com.google.common.base.Objects                                                  : loaded 3 times (x 73B)
Class com.google.common.base.CharMatcher$And                                          : loaded 3 times (x 114B)
Class kotlin.collections.MapsKt__MapsJVMKt                                            : loaded 3 times (x 73B)
Class kotlin.collections.EmptyList                                                    : loaded 3 times (x 176B)
Class kotlin.io.NoSuchFileException                                                   : loaded 3 times (x 84B)
Class org.gradle.kotlin.dsl.VersionCatalogAccessorsKt                                 : loaded 3 times (x 73B)
Class kotlin.collections.CollectionsKt                                                : loaded 3 times (x 73B)
Class com.google.common.collect.RegularImmutableAsList                                : loaded 3 times (x 219B)
Class kotlin.io.FilesKt__FilePathComponentsKt                                         : loaded 3 times (x 73B)
Class kotlin.io.TerminateException                                                    : loaded 3 times (x 84B)
Class com.google.common.collect.ImmutableList$Builder                                 : loaded 3 times (x 79B)
Class kotlin.collections.CollectionsKt__MutableCollectionsKt                          : loaded 3 times (x 73B)
Class kotlin.text.StringsKt__StringsKt                                                : loaded 3 times (x 73B)
Class com.intellij.gradle.toolingExtension.util.GradleVersionUtil                     : loaded 3 times (x 73B)
Class kotlin.Pair                                                                     : loaded 3 times (x 74B)
Class kotlin.comparisons.ComparisonsKt___ComparisonsKt                                : loaded 3 times (x 73B)
Class com.google.common.base.Joiner                                                   : loaded 3 times (x 82B)
Class kotlin.collections.CollectionsKt__IteratorsJVMKt                                : loaded 3 times (x 73B)
Class kotlin.sequences.Sequence                                                       : loaded 3 times (x 72B)
Class kotlin.text.StringsKt__StringNumberConversionsJVMKt                             : loaded 3 times (x 73B)
Class kotlin.comparisons.ComparisonsKt___ComparisonsJvmKt                             : loaded 3 times (x 73B)
Class com.google.common.collect.ImmutableCollection$Builder                           : loaded 3 times (x 78B)
Class kotlin.NotImplementedError                                                      : loaded 3 times (x 84B)
Class kotlin.enums.EnumEntriesList                                                    : loaded 3 times (x 225B)
Class kotlin.text.StringsKt__RegexExtensionsJVMKt                                     : loaded 3 times (x 73B)
Class kotlin.collections.CollectionsKt__CollectionsKt                                 : loaded 3 times (x 73B)
Class kotlin.collections.ArraysKt___ArraysJvmKt                                       : loaded 3 times (x 73B)
Class com.amazon.ion.impl.bin.IonRawBinaryWriter                                      : loaded 2 times (x 170B)
Class com.amazon.ion.SymbolToken                                                      : loaded 2 times (x 72B)
Class com.google.common.collect.NaturalOrdering                                       : loaded 2 times (x 117B)
Class kotlin.text.MatchResult                                                         : loaded 2 times (x 72B)
Class kotlin.sequences.SequenceScope                                                  : loaded 2 times (x 75B)
Class org.gradle.tooling.ToolingModelContract                                         : loaded 2 times (x 72B)
Class [Lorg.gradle.api.internal.ClassPathProvider;                                    : loaded 2 times (x 71B)
Class org.gradle.api.internal.ClassPathProvider                                       : loaded 2 times (x 72B)
Class com.google.common.reflect.Types$ClassOwnership$1                                : loaded 2 times (x 82B)
Class com.google.common.collect.MapMakerInternalMap$Strength$2                        : loaded 2 times (x 82B)
Class com.google.common.base.AbstractIterator$State                                   : loaded 2 times (x 81B)
Class org.jetbrains.kotlin.cli.common.CompilerSystemProperties                        : loaded 2 times (x 81B)
Class [Lorg.objectweb.asm.AnnotationVisitor;                                          : loaded 2 times (x 71B)
Class com.google.common.collect.Sets$3                                                : loaded 2 times (x 143B)
Class com.google.common.cache.LocalCache$LocalLoadingCache                            : loaded 2 times (x 136B)
Class jdk.internal.jrtfs.SystemImage                                                  : loaded 2 times (x 76B)
Class com.amazon.ion.impl.lite.IonBoolLite                                            : loaded 2 times (x 181B)
Class kotlin.collections.CollectionsKt___CollectionsKt$asSequence$$inlined$Sequence$1 : loaded 2 times (x 77B)
Class org.gradle.internal.service.UnknownServiceException                             : loaded 2 times (x 85B)
Class [Lorg.jetbrains.org.objectweb.asm.Attribute;                                    : loaded 2 times (x 71B)
Class com.google.common.reflect.Types$ClassOwnership$2                                : loaded 2 times (x 82B)
Class com.google.common.reflect.TypeResolver                                          : loaded 2 times (x 74B)
Class com.google.common.collect.MapMakerInternalMap$StrongValueEntry                  : loaded 2 times (x 72B)
Class com.google.common.collect.Sets$4                                                : loaded 2 times (x 143B)
Class org.objectweb.asm.ModuleVisitor                                                 : loaded 2 times (x 83B)
Class com.google.common.cache.LocalCache$Strength$1                                   : loaded 2 times (x 83B)
Class org.jetbrains.kotlin.idea.gradleTooling.model.kapt.KaptGradleModel              : loaded 2 times (x 72B)
Class org.jetbrains.kotlin.idea.gradleTooling.KotlinDslScriptAdditionalTask           : loaded 2 times (x 72B)
Class org.jetbrains.plugins.gradle.model.ClasspathEntryModel                          : loaded 2 times (x 72B)
Class org.apache.commons.io.output.QueueOutputStream                                  : loaded 2 times (x 89B)
Class com.google.common.reflect.Types$ClassOwnership$3                                : loaded 2 times (x 73B)
Class org.jetbrains.kotlin.cli.common.messages.CompilerMessageSeverity                : loaded 2 times (x 81B)
Class com.google.common.util.concurrent.SettableFuture                                : loaded 2 times (x 116B)
Class com.google.common.cache.LocalCache$Strength$2                                   : loaded 2 times (x 83B)
Class com.amazon.ion.IonTimestamp                                                     : loaded 2 times (x 72B)
Class com.amazon.ion.impl.bin.PooledBlockAllocatorProvider$PooledBlockAllocator       : loaded 2 times (x 83B)
Class com.intellij.platform.diagnostic.telemetry.rt.context.TelemetryContextGetter    : loaded 2 times (x 77B)
Class org.jetbrains.plugins.gradle.tooling.serialization.GradleExtensionsSerializationService: loaded 2 times (x 79B)
Class org.gradle.api.JavaVersion                                                      : loaded 2 times (x 81B)
Class org.gradle.tooling.model.Dependency                                             : loaded 2 times (x 72B)
Class com.amazon.ion.impl.SharedSymbolTable                                           : loaded 2 times (x 95B)
Class com.google.gson.FieldNamingStrategy                                             : loaded 2 times (x 72B)
Class com.google.gson.JsonArray                                                       : loaded 2 times (x 102B)
Class com.google.common.collect.Interners$InternerImpl                                : loaded 2 times (x 77B)
Class com.google.common.collect.Interner                                              : loaded 2 times (x 72B)
Class com.google.common.collect.TransformedIterator                                   : loaded 2 times (x 82B)
Class com.google.common.base.Splitter$1                                               : loaded 2 times (x 79B)
Class com.android.builder.model.v2.ide.AbstractArtifact                               : loaded 2 times (x 72B)
Class com.google.common.cache.LocalCache$Strength$3                                   : loaded 2 times (x 83B)
Class com.google.common.collect.MapDifference                                         : loaded 2 times (x 72B)
Class com.amazon.ion.IonDatagram                                                      : loaded 2 times (x 72B)
Class com.amazon.ion.impl.bin.IonManagedBinaryWriter$ImportedSymbolResolverMode$1$1   : loaded 2 times (x 80B)
Class com.amazon.ion.impl._Private_ByteTransferSink                                   : loaded 2 times (x 72B)
Class com.intellij.openapi.externalSystem.model.project.dependencies.ResolutionState  : loaded 2 times (x 81B)
Class com.google.common.collect.AllEqualOrdering                                      : loaded 2 times (x 116B)
Class kotlin._Assertions                                                              : loaded 2 times (x 73B)
Class com.google.common.reflect.Invokable                                             : loaded 2 times (x 105B)
Class com.google.common.collect.MapMaker$Dummy                                        : loaded 2 times (x 81B)
Class org.objectweb.asm.FieldWriter                                                   : loaded 2 times (x 79B)
Class com.google.common.cache.CacheBuilder$NullListener                               : loaded 2 times (x 84B)
Class com.google.gson.LongSerializationPolicy                                         : loaded 2 times (x 82B)
Class org.jetbrains.plugins.gradle.model.ExternalLibraryDependency                    : loaded 2 times (x 72B)
Class kotlin.text.Regex$Companion                                                     : loaded 2 times (x 73B)
Class org.gradle.internal.classpath.TransformedClassPath                              : loaded 2 times (x 98B)
Class org.gradle.internal.classloader.InstrumentingClassLoader                        : loaded 2 times (x 72B)
Class [Lorg.jetbrains.org.objectweb.asm.SymbolTable$Entry;                            : loaded 2 times (x 71B)
Class org.jetbrains.kotlin.resolve.jvm.JvmClassName                                   : loaded 2 times (x 78B)
Class com.google.common.collect.Sets$2                                                : loaded 2 times (x 143B)
Class org.apache.commons.io.output.UnsynchronizedByteArrayOutputStream                : loaded 2 times (x 104B)
Class com.google.common.reflect.Types$ParameterizedTypeImpl                           : loaded 2 times (x 83B)
Class org.jetbrains.kotlin.com.google.common.base.Preconditions                       : loaded 2 times (x 73B)
Class com.google.common.collect.ImmutableListMultimap                                 : loaded 2 times (x 178B)
Class com.android.builder.model.v2.models.BasicAndroidProject                         : loaded 2 times (x 72B)
Class com.google.common.cache.CacheLoader$FunctionToCacheLoader                       : loaded 2 times (x 77B)
Class com.google.common.collect.Maps$ViewCachingAbstractMap                           : loaded 2 times (x 127B)
Class jdk.internal.jrtfs.SystemImage$1                                                : loaded 2 times (x 80B)
Class com.amazon.ion.IonValue                                                         : loaded 2 times (x 72B)
Class com.google.common.collect.ImmutableRangeSet$AsSet                               : loaded 2 times (x 302B)
Class kotlin.jvm.internal.FunctionReference                                           : loaded 2 times (x 128B)
Class [Lkotlin.coroutines.intrinsics.CoroutineSingletons;                             : loaded 2 times (x 71B)
Class kotlin.jvm.internal.FunctionBase                                                : loaded 2 times (x 72B)
Class com.google.common.collect.MapMakerInternalMap$Strength$1                        : loaded 2 times (x 82B)
Class org.gradle.api.internal.DefaultClassPathProvider                                : loaded 2 times (x 78B)
Class org.apache.commons.io.output.ByteArrayOutputStream                              : loaded 2 times (x 104B)
Class com.google.common.reflect.TypeResolver$TypeVariableKey                          : loaded 2 times (x 74B)
Class com.google.common.collect.EmptyImmutableListMultimap                            : loaded 2 times (x 178B)
Class com.google.common.collect.BaseImmutableMultimap                                 : loaded 2 times (x 125B)
Class com.google.common.collect.ComparatorOrdering                                    : loaded 2 times (x 117B)
Class com.google.common.base.MoreObjects                                              : loaded 2 times (x 73B)
Class com.google.gson.internal.bind.DefaultDateTypeAdapter                            : loaded 2 times (x 76B)
Class com.google.gson.GsonBuilder                                                     : loaded 2 times (x 74B)
Class jdk.internal.jrtfs.SystemImage$2                                                : loaded 2 times (x 78B)
Class com.amazon.ion.impl.bin.IonRawBinaryWriter$ContainerType                        : loaded 2 times (x 81B)
Class com.amazon.ion.impl._Private_IonTextWriterBuilder$Mutable                       : loaded 2 times (x 103B)
Class [Lorg.jetbrains.kotlin.com.intellij.openapi.diagnostic.LogLevel;                : loaded 2 times (x 71B)
Class org.jetbrains.kotlin.build.report.metrics.GradleBuildTime                       : loaded 2 times (x 88B)
Class com.android.builder.model.v2.ide.TestInfo$Execution                             : loaded 2 times (x 81B)
Class com.google.gson.internal.Primitives                                             : loaded 2 times (x 73B)
Class com.google.common.collect.Platform                                              : loaded 2 times (x 73B)
Class [Lorg.objectweb.asm.Type;                                                       : loaded 2 times (x 71B)
Class com.google.gson.stream.JsonWriter                                               : loaded 2 times (x 100B)
Class com.google.common.collect.Iterators$PeekingImpl                                 : loaded 2 times (x 87B)
Class org.jetbrains.kotlin.idea.gradleTooling.KotlinSourceSetContainer                : loaded 2 times (x 72B)
Class io.opentelemetry.context.ContextStorageWrappers                                 : loaded 2 times (x 73B)
Class io.opentelemetry.context.propagation.DefaultContextPropagators                  : loaded 2 times (x 77B)
Class org.jetbrains.plugins.gradle.model.IntelliJSettings                             : loaded 2 times (x 72B)
Class kotlin.Result                                                                   : loaded 2 times (x 74B)
Class org.gradle.internal.service.ServiceLocator                                      : loaded 2 times (x 72B)
Class com.intellij.gradle.toolingExtension.impl.model.buildScriptClasspathModel.GradleBuildScriptClasspathSerializationService$ReadContext: loaded 2 times (x 74B)
Class [Lkotlin.Function;                                                              : loaded 2 times (x 71B)
Class com.amazon.ion.impl._Private_IonContainer                                       : loaded 2 times (x 72B)
Class org.apache.commons.io.FileExistsException                                       : loaded 2 times (x 84B)
Class com.google.common.base.Ascii                                                    : loaded 2 times (x 73B)
Class com.google.common.collect.SingletonImmutableBiMap                               : loaded 2 times (x 145B)
Class com.google.gson.FieldNamingPolicy                                               : loaded 2 times (x 85B)
Class com.google.common.cache.LocalCache$1                                            : loaded 2 times (x 91B)
Class com.google.gson.internal.bind.TypeAdapterRuntimeTypeWrapper                     : loaded 2 times (x 76B)
Class com.google.common.collect.AbstractMapEntry                                      : loaded 2 times (x 83B)
Class jdk.internal.jrtfs.JrtFileSystemProvider                                        : loaded 2 times (x 103B)
Class com.amazon.ion.impl.IonWriterSystem                                             : loaded 2 times (x 172B)
Class com.amazon.ion.impl.bin.Symbols$2                                               : loaded 2 times (x 109B)
Class com.amazon.ion.impl.bin._Private_IonManagedWriter                               : loaded 2 times (x 72B)
Class com.android.ide.gradle.model.GradlePropertiesModel                              : loaded 2 times (x 72B)
Class kotlin.sequences.TransformingSequence$iterator$1                                : loaded 2 times (x 81B)
Class org.gradle.tooling.internal.adapter.ProtocolToModelAdapter$SupportedPropertyInvoker: loaded 2 times (x 78B)
Class org.gradle.tooling.model.UnsupportedMethodException                             : loaded 2 times (x 84B)
Class kotlin.io.CloseableKt                                                           : loaded 2 times (x 73B)
Class com.google.gson.FormattingStyle                                                 : loaded 2 times (x 80B)
Class com.google.common.reflect.TypeToken$SimpleTypeToken                             : loaded 2 times (x 75B)
Class com.google.common.collect.AbstractSetMultimap                                   : loaded 2 times (x 175B)
Class com.google.common.collect.MapMakerInternalMap$AbstractStrongKeyEntry            : loaded 2 times (x 82B)
Class com.android.builder.model.v2.ide.BytecodeTransformation                         : loaded 2 times (x 81B)
Class com.google.common.collect.Sets$ImprovedAbstractSet                              : loaded 2 times (x 137B)
Class com.google.gson.internal.bind.TypeAdapters                                      : loaded 2 times (x 73B)
Class com.google.common.collect.AbstractMultimap                                      : loaded 2 times (x 125B)
Class com.google.common.cache.LocalCache$2                                            : loaded 2 times (x 144B)
Class com.amazon.ion.impl.lite.IonContainerLite                                       : loaded 2 times (x 250B)
Class com.amazon.ion.IonBufferConfiguration$OversizedSymbolTableHandler               : loaded 2 times (x 72B)
Class com.amazon.ion.system.IonWriterBuilder                                          : loaded 2 times (x 76B)
Class org.jetbrains.plugins.gradle.tooling.serialization.ToolingStreamApiUtils        : loaded 2 times (x 73B)
Class com.amazon.ion.facet.Faceted                                                    : loaded 2 times (x 72B)
Class com.android.ide.common.gradle.Numeric                                           : loaded 2 times (x 79B)
Class org.objectweb.asm.AnnotationVisitor                                             : loaded 2 times (x 80B)
Class com.android.builder.model.v2.ide.CodeShrinker                                   : loaded 2 times (x 81B)
Class com.google.common.collect.Sets$1                                                : loaded 2 times (x 143B)
Class com.google.gson.internal.bind.MapTypeAdapterFactory$Adapter                     : loaded 2 times (x 76B)
Class com.google.gson.internal.sql.SqlTimeTypeAdapter$1                               : loaded 2 times (x 77B)
Class com.amazon.ion.impl.bin.utf8.Poolable                                           : loaded 2 times (x 81B)
Class com.amazon.ion.IonSymbol                                                        : loaded 2 times (x 72B)
Class io.opentelemetry.api.trace.SpanContext                                          : loaded 2 times (x 72B)
Class io.opentelemetry.api.trace.DefaultTracer$NoopSpanBuilder                        : loaded 2 times (x 93B)
Class org.jetbrains.plugins.gradle.tooling.serialization.AnnotationProcessingModelSerializationService$WriteContext: loaded 2 times (x 74B)
Class com.google.common.collect.ImmutableRangeSet$1                                   : loaded 2 times (x 212B)
Class kotlin.reflect.KCallable                                                        : loaded 2 times (x 72B)
Class org.jetbrains.kotlin.metadata.deserialization.MetadataVersion                   : loaded 2 times (x 76B)
Class org.jetbrains.kotlin.cli.common.messages.MessageCollector$Companion             : loaded 2 times (x 73B)
Class com.google.common.base.Optional                                                 : loaded 2 times (x 82B)
Class com.google.common.util.concurrent.AbstractFuture$Trusted                        : loaded 2 times (x 72B)
Class com.google.common.collect.ImmutableSet$SerializedForm                           : loaded 2 times (x 75B)
Class org.jetbrains.kotlin.idea.gradleTooling.KotlinGradlePluginVersion               : loaded 2 times (x 72B)
Class com.intellij.compose.ide.plugin.gradleTooling.rt.ComposeResourcesModel          : loaded 2 times (x 72B)
Class com.intellij.gradle.toolingExtension.impl.util.collectionUtil.GradleCollections : loaded 2 times (x 73B)
Class com.amazon.ion.impl.lite.IonStructLite                                          : loaded 2 times (x 300B)
Class com.amazon.ion.impl._Private_ReaderWriter                                       : loaded 2 times (x 72B)
Class com.amazon.ion.impl.bin.AbstractSymbolTable                                     : loaded 2 times (x 109B)
Class com.amazon.ion.Decimal                                                          : loaded 2 times (x 136B)
Class com.amazon.ion.impl.bin._Private_IonManagedBinaryWriterBuilder$AllocatorMode$1  : loaded 2 times (x 82B)
Class org.jetbrains.plugins.gradle.tooling.serialization.ProjectDependenciesSerializationService$WriteContext: loaded 2 times (x 74B)
Class org.jetbrains.plugins.gradle.tooling.serialization.ProjectDependenciesSerializationService: loaded 2 times (x 79B)
Class kotlin.collections.AbstractIterator                                             : loaded 2 times (x 85B)
Class kotlin.text.CharsKt                                                             : loaded 2 times (x 73B)
Class com.google.common.collect.Range                                                 : loaded 2 times (x 88B)
Class org.gradle.tooling.model.kotlin.dsl.KotlinDslScriptModel                        : loaded 2 times (x 72B)
Class org.gradle.tooling.internal.adapter.CollectionMapper                            : loaded 2 times (x 75B)
Class org.jetbrains.org.objectweb.asm.tree.MethodNode                                 : loaded 2 times (x 111B)
Class org.jetbrains.kotlin.load.kotlin.KotlinJvmBinaryClass                           : loaded 2 times (x 72B)
Class [Lorg.jetbrains.kotlin.build.report.metrics.BuildTime;                          : loaded 2 times (x 71B)
Class org.jetbrains.kotlin.config.KotlinCompilerVersion                               : loaded 2 times (x 73B)
Class com.google.common.base.Splitter                                                 : loaded 2 times (x 74B)
Class com.google.common.io.ByteSink$AsCharSink                                        : loaded 2 times (x 82B)
Class org.jetbrains.kotlin.tooling.core.KotlinToolingVersion                          : loaded 2 times (x 77B)
Class [Lcom.android.builder.model.v2.ide.LibraryType;                                 : loaded 2 times (x 71B)
Class com.android.builder.model.v2.ide.LibraryType                                    : loaded 2 times (x 81B)
Class com.google.common.collect.Iterators$EmptyModifiableIterator                     : loaded 2 times (x 88B)
Class com.google.common.util.concurrent.UncheckedExecutionException                   : loaded 2 times (x 84B)
Class com.google.gson.internal.bind.DefaultDateTypeAdapter$DateType                   : loaded 2 times (x 75B)
Class jdk.internal.jimage.ImageLocation                                               : loaded 2 times (x 92B)
Class jdk.internal.jrtfs.JrtDirectoryStream$1                                         : loaded 2 times (x 85B)
Class com.amazon.ion.impl.lite.IonFloatLite                                           : loaded 2 times (x 189B)
Class com.amazon.ion.impl._Private_IonTextWriterBuilder                               : loaded 2 times (x 103B)
Class com.amazon.ion.impl.bin._Private_IonManagedBinaryWriterBuilder$AllocatorMode$2  : loaded 2 times (x 82B)
Class io.opentelemetry.api.trace.DefaultTracerProvider                                : loaded 2 times (x 81B)
Class com.google.common.collect.ExplicitOrdering                                      : loaded 2 times (x 117B)
Class org.jetbrains.org.objectweb.asm.ClassTooLargeException                          : loaded 2 times (x 84B)
Class org.jetbrains.kotlin.metadata.jvm.deserialization.JvmMemberSignature$Method     : loaded 2 times (x 77B)
Class com.google.gson.internal.bind.ReflectiveTypeAdapterFactory$1                    : loaded 2 times (x 76B)
Class org.jetbrains.plugins.gradle.ExternalDependencyId                               : loaded 2 times (x 72B)
Class com.amazon.ion.impl._Private_IonReaderBuilder                                   : loaded 2 times (x 99B)
Class com.amazon.ion.IonMutableCatalog                                                : loaded 2 times (x 72B)
Class gnu.trove.THash                                                                 : loaded 2 times (x 83B)
Class com.intellij.gradle.toolingExtension.impl.model.buildScriptClasspathModel.GradleBuildScriptClasspathSerializationService$WriteContext: loaded 2 times (x 74B)
Class sync_studio_tooling1_1ru7i6fidvi290h5ekzfk2s8z$_run_closure1                    : loaded 2 times (x 140B)
Class org.gradle.tooling.internal.adapter.ProtocolToModelAdapter                      : loaded 2 times (x 82B)
Class org.gradle.tooling.internal.gradle.DefaultProjectIdentifier                     : loaded 2 times (x 88B)
Class com.google.common.collect.ImmutableRangeSet                                     : loaded 2 times (x 117B)
Class com.google.common.collect.HashMultimapGwtSerializationDependencies              : loaded 2 times (x 175B)
Class com.android.builder.model.v2.ide.AndroidGradlePluginProjectFlags$BooleanFlag    : loaded 2 times (x 81B)
Class com.google.common.collect.AbstractMapBasedMultimap$KeySet$1                     : loaded 2 times (x 84B)
Class org.objectweb.asm.ClassWriter                                                   : loaded 2 times (x 107B)
Class com.android.ide.common.gradle.Separator                                         : loaded 2 times (x 81B)
Class com.google.common.cache.CacheLoader$UnsupportedLoadingOperationException        : loaded 2 times (x 84B)
Class com.amazon.ion.IonWriter                                                        : loaded 2 times (x 72B)
Class com.google.gson.internal.bind.ReflectiveTypeAdapterFactory$2                    : loaded 2 times (x 80B)
Class jdk.internal.jimage.ImageBufferCache$1                                          : loaded 2 times (x 84B)
Class [Lio.opentelemetry.context.ThreadLocalContextStorage$NoopScope;                 : loaded 2 times (x 71B)
Class io.opentelemetry.context.ThreadLocalContextStorage$NoopScope                    : loaded 2 times (x 87B)
Class org.gradle.internal.time.DefaultTimer                                           : loaded 2 times (x 82B)
Class com.amazon.ion.impl.bin._Private_IonRawWriter                                   : loaded 2 times (x 72B)
Class org.objectweb.asm.FieldVisitor                                                  : loaded 2 times (x 79B)
Class com.google.gson.ToNumberStrategy                                                : loaded 2 times (x 72B)
Class com.google.gson.TypeAdapter                                                     : loaded 2 times (x 75B)
Class com.google.common.collect.IndexedImmutableSet                                   : loaded 2 times (x 154B)
Class com.google.common.collect.ImmutableMap$1                                        : loaded 2 times (x 83B)
Class com.google.common.collect.BiMap                                                 : loaded 2 times (x 72B)
Class jdk.internal.jimage.ImageBufferCache$2                                          : loaded 2 times (x 93B)
Class com.amazon.ion.impl.bin.PooledBlockAllocatorProvider$PooledBlockAllocator$1     : loaded 2 times (x 81B)
Class com.amazon.ion.impl.lite.IonStringLite                                          : loaded 2 times (x 215B)
Class io.opentelemetry.context.ImplicitContextKeyed                                   : loaded 2 times (x 72B)
Class org.gradle.tooling.internal.adapter.ProtocolToModelAdapter$ViewKey              : loaded 2 times (x 74B)
Class org.gradle.api.internal.classpath.DefaultModuleRegistry$DefaultModule           : loaded 2 times (x 84B)
Class org.jetbrains.kotlin.name.ClassId                                               : loaded 2 times (x 74B)
Class com.google.common.reflect.Reflection                                            : loaded 2 times (x 73B)
Class com.android.builder.model.v2.CustomSourceDirectory                              : loaded 2 times (x 72B)
Class com.google.common.primitives.Ints                                               : loaded 2 times (x 73B)
Class com.amazon.ion.impl.bin.IonRawBinaryWriter$PreallocationMode                    : loaded 2 times (x 83B)
Class com.android.ide.common.repository.AgpVersion                                    : loaded 2 times (x 77B)
Class com.amazon.ion.impl.bin.Block                                                   : loaded 2 times (x 81B)
Class io.opentelemetry.context.DefaultContextKey                                      : loaded 2 times (x 74B)
Class com.google.common.collect.NullsFirstOrdering                                    : loaded 2 times (x 117B)
Class kotlin.jvm.internal.KotlinGenericDeclaration                                    : loaded 2 times (x 72B)
Class kotlin.ResultKt                                                                 : loaded 2 times (x 73B)
Class org.gradle.tooling.internal.adapter.ProtocolToModelAdapter$PropertyCachingMethodInvoker: loaded 2 times (x 78B)
Class org.jetbrains.org.objectweb.asm.FieldVisitor                                    : loaded 2 times (x 79B)
Class com.amazon.ion.util.InputStreamInterceptor                                      : loaded 2 times (x 72B)
Class com.android.builder.model.v2.models.ProjectSyncIssues                           : loaded 2 times (x 72B)
Class com.google.common.collect.ObjectArrays                                          : loaded 2 times (x 73B)
Class com.google.common.math.MathPreconditions                                        : loaded 2 times (x 73B)
Class com.google.common.collect.Multiset                                              : loaded 2 times (x 72B)
Class com.google.common.collect.ArrayListMultimapGwtSerializationDependencies         : loaded 2 times (x 173B)
Class com.amazon.ion.impl.lite.IonSystemLite                                          : loaded 2 times (x 277B)
Class com.intellij.openapi.externalSystem.model.ExternalSystemException               : loaded 2 times (x 87B)
Class org.jetbrains.plugins.gradle.model.ExternalTask                                 : loaded 2 times (x 72B)
Class com.amazon.ion.impl.bin.utf8.Utf8StringEncoderPool$1                            : loaded 2 times (x 78B)
Class com.amazon.ion.impl.lite.IonLoaderLite                                          : loaded 2 times (x 84B)
Class com.amazon.ion.impl.lite.IonContext                                             : loaded 2 times (x 72B)
Class com.amazon.ion.impl.IonWriterSystemText                                         : loaded 2 times (x 191B)
Class [Lcom.amazon.ion.impl.bin.IonManagedBinaryWriter$ImportedSymbolResolverMode;    : loaded 2 times (x 71B)
Class com.amazon.ion.ValueFactory                                                     : loaded 2 times (x 72B)
Class io.opentelemetry.api.internal.IncubatingUtil                                    : loaded 2 times (x 73B)
Class io.opentelemetry.api.GlobalOpenTelemetry$ObfuscatedOpenTelemetry                : loaded 2 times (x 94B)
Class kotlin.Result$Failure                                                           : loaded 2 times (x 74B)
Class org.gradle.internal.time.DefaultCountdownTimer                                  : loaded 2 times (x 90B)
Class com.google.common.collect.ImmutableEnumMap                                      : loaded 2 times (x 128B)
Class com.google.common.collect.ListMultimap                                          : loaded 2 times (x 72B)
Class org.apache.commons.io.output.NullOutputStream                                   : loaded 2 times (x 87B)
Class com.google.gson.internal.ObjectConstructor                                      : loaded 2 times (x 72B)
Class com.google.common.collect.ImmutableMapEntrySet                                  : loaded 2 times (x 154B)
Class com.amazon.ion.impl.bin.IonManagedBinaryWriter$SymbolResolver                   : loaded 2 times (x 72B)
Class com.amazon.ion.impl._Private_SymbolToken                                        : loaded 2 times (x 72B)
Class com.amazon.ion.impl.bin._Private_IonManagedBinaryWriterBuilder$AllocatorMode    : loaded 2 times (x 82B)
Class org.jetbrains.plugins.gradle.model.GradleTaskModel                              : loaded 2 times (x 72B)
Class org.jetbrains.plugins.gradle.tooling.util.ObjectCollector                       : loaded 2 times (x 74B)
Class org.gradle.tooling.internal.adapter.ProtocolToModelAdapter$AdaptingMethodInvoker: loaded 2 times (x 78B)
Class org.gradle.tooling.internal.gradle.DefaultBuildIdentifier                       : loaded 2 times (x 81B)
Class org.gradle.api.internal.classpath.Module                                        : loaded 2 times (x 72B)
Class com.android.builder.model.v2.models.AndroidDsl                                  : loaded 2 times (x 72B)
Class com.google.common.cache.Weigher                                                 : loaded 2 times (x 72B)
Class kotlinx.coroutines.flow.Flow                                                    : loaded 2 times (x 72B)
Class [Lcom.amazon.ion.util.GzipStreamInterceptor;                                    : loaded 2 times (x 71B)
Class com.amazon.ion.impl._Private_IonReaderBuilder$Mutable                           : loaded 2 times (x 99B)
Class com.intellij.openapi.externalSystem.model.project.IExternalSystemSourceType     : loaded 2 times (x 72B)
Class kotlin.internal.ProgressionUtilKt                                               : loaded 2 times (x 73B)
Class org.gradle.api.internal.classpath.UnknownModuleException                        : loaded 2 times (x 84B)
Class com.google.common.base.Stopwatch                                                : loaded 2 times (x 74B)
Class com.google.common.cache.LocalCache$Strength                                     : loaded 2 times (x 83B)
Class com.google.common.cache.Cache                                                   : loaded 2 times (x 72B)
Class jdk.internal.jimage.ImageHeader                                                 : loaded 2 times (x 73B)
Class io.opentelemetry.api.trace.TraceStateBuilder                                    : loaded 2 times (x 72B)
Class com.intellij.openapi.externalSystem.model.project.dependencies.ProjectDependencies: loaded 2 times (x 72B)
Class org.jetbrains.plugins.gradle.tooling.serialization.ProjectDependenciesSerializationService$ReadContext: loaded 2 times (x 74B)
Class kotlin.sequences.DistinctIterator                                               : loaded 2 times (x 85B)
Class org.jetbrains.kotlin.build.report.metrics.BuildMetricsReporter                  : loaded 2 times (x 72B)
Class org.apache.commons.io.filefilter.IOFileFilter                                   : loaded 2 times (x 72B)
Class com.google.common.io.AppendableWriter                                           : loaded 2 times (x 101B)
Class com.google.common.base.NullnessCasts                                            : loaded 2 times (x 73B)
Class com.google.common.util.concurrent.AbstractFuture$Cancellation                   : loaded 2 times (x 74B)
Class com.google.common.collect.ImmutableMap$Builder                                  : loaded 2 times (x 84B)
Class org.jetbrains.org.objectweb.asm.FieldWriter                                     : loaded 2 times (x 79B)
Class org.jetbrains.org.objectweb.asm.MethodVisitor                                   : loaded 2 times (x 107B)
Class kotlin.io.ByteStreamsKt                                                         : loaded 2 times (x 73B)
Class com.google.common.base.Present                                                  : loaded 2 times (x 83B)
Class com.google.common.collect.AbstractMapBasedMultimap$WrappedCollection$WrappedIterator: loaded 2 times (x 86B)
Class com.google.common.collect.AbstractMapBasedMultimap$AsMap$AsMapIterator          : loaded 2 times (x 85B)
Class com.google.common.cache.RemovalListener                                         : loaded 2 times (x 72B)
Class [Lcom.google.gson.ToNumberPolicy;                                               : loaded 2 times (x 71B)
Class com.google.gson.ToNumberPolicy                                                  : loaded 2 times (x 85B)
Class com.amazon.ion.IonBufferConfiguration                                           : loaded 2 times (x 74B)
Class com.amazon.ion.impl.bin.Symbols                                                 : loaded 2 times (x 73B)
Class org.jetbrains.plugins.gradle.tooling.serialization.RepositoriesModelSerializationService: loaded 2 times (x 84B)
Class com.android.ide.gradle.model.artifacts.AdditionalClassifierArtifactsModel       : loaded 2 times (x 72B)
Class org.gradle.tooling.internal.gradle.GradleProjectIdentity                        : loaded 2 times (x 72B)
Class org.gradle.api.internal.DefaultClassPathRegistry                                : loaded 2 times (x 78B)
Class org.apache.commons.io.file.DeleteOption                                         : loaded 2 times (x 72B)
Class com.google.common.reflect.Invokable$ConstructorInvokable                        : loaded 2 times (x 109B)
Class org.jetbrains.kotlin.cli.common.messages.MessageCollector                       : loaded 2 times (x 72B)
Class com.google.common.collect.ImmutableMultimap$Keys                                : loaded 2 times (x 168B)
Class com.android.builder.model.v2.ide.JavaArtifact                                   : loaded 2 times (x 72B)
Class com.google.common.primitives.IntsMethodsForWeb                                  : loaded 2 times (x 73B)
Class org.apache.commons.io.output.StringBuilderWriter                                : loaded 2 times (x 102B)
Class [Lcom.amazon.ion.impl.bin.AbstractIonWriter$WriteValueOptimization;             : loaded 2 times (x 71B)
Class io.opentelemetry.api.internal.AutoValue_ImmutableSpanContext                    : loaded 2 times (x 94B)
Class org.jetbrains.plugins.gradle.tooling.serialization.RepositoriesModelSerializationService$ReadContext: loaded 2 times (x 74B)
Class kotlin.ranges.ClosedRange                                                       : loaded 2 times (x 72B)
Class org.gradle.internal.classpath.DefaultClassPath$ImmutableUniqueList              : loaded 2 times (x 201B)
Class org.gradle.api.internal.ClassPathRegistry                                       : loaded 2 times (x 72B)
Class org.jetbrains.org.objectweb.asm.ByteVector                                      : loaded 2 times (x 80B)
Class [Lorg.apache.commons.io.StandardLineSeparator;                                  : loaded 2 times (x 71B)
Class ijKotlinCoroutineJvmDebugInit1_6of62asuxfqhlzmthtar3635j$_run_closure1          : loaded 2 times (x 140B)
Class org.gradle.kotlin.dsl.DebugImplementationConfigurationAccessorsKt               : loaded 2 times (x 73B)
Class org.apache.commons.io.IOUtils                                                   : loaded 2 times (x 73B)
Class com.google.common.reflect.TypeToken                                             : loaded 2 times (x 75B)
Class kotlin.sequences.SequencesKt___SequencesKt$flatMap$2                            : loaded 2 times (x 131B)
Class com.google.common.collect.MapMakerInternalMap$Segment                           : loaded 2 times (x 143B)
Class jdk.internal.jimage.decompressor.ResourceDecompressor                           : loaded 2 times (x 72B)
Class com.amazon.ion.impl.bin.IonManagedBinaryWriter$UserState                        : loaded 2 times (x 87B)
Class com.amazon.ion.impl._Private_IonWriter                                          : loaded 2 times (x 72B)
Class com.amazon.ion.impl.bin._Private_IonManagedBinaryWriterBuilder                  : loaded 2 times (x 74B)
Class com.intellij.gradle.toolingExtension.impl.model.projectModel.GradleExternalProjectSerializationService$WriteContext: loaded 2 times (x 75B)
Class kotlin.collections.IntIterator                                                  : loaded 2 times (x 84B)
Class com.google.common.collect.NullnessCasts                                         : loaded 2 times (x 73B)
Class org.jetbrains.kotlin.name.FqNameUnsafe$Companion                                : loaded 2 times (x 73B)
Class com.google.common.collect.Ordering                                              : loaded 2 times (x 116B)
Class org.jetbrains.plugins.gradle.tooling.serialization.internal.IdeaProjectSerializationService: loaded 2 times (x 79B)
Class org.jetbrains.kotlin.idea.projectModel.KotlinTaskProperties                     : loaded 2 times (x 72B)
Class com.google.common.io.ByteSink                                                   : loaded 2 times (x 78B)
Class org.jetbrains.kotlin.cli.common.arguments.K2JVMCompilerArgumentsConfigurator    : loaded 2 times (x 76B)
Class com.android.builder.model.v2.dsl.SigningConfig                                  : loaded 2 times (x 72B)
Class com.android.builder.model.v2.models.AndroidProject                              : loaded 2 times (x 72B)
Class com.android.builder.model.v2.AndroidModel                                       : loaded 2 times (x 72B)
Class [Lcom.android.ide.common.repository.AgpVersion$PreviewKind;                     : loaded 2 times (x 71B)
Class com.google.common.cache.CacheBuilder                                            : loaded 2 times (x 74B)
Class com.google.gson.internal.bind.ArrayTypeAdapter$1                                : loaded 2 times (x 77B)
Class com.google.gson.internal.bind.JsonTreeWriter                                    : loaded 2 times (x 100B)
Class Settings_gradle$1                                                               : loaded 2 times (x 76B)
Class [Lcom.amazon.ion.SymbolToken;                                                   : loaded 2 times (x 71B)
Class io.opentelemetry.api.trace.ImmutableTraceFlags                                  : loaded 2 times (x 79B)
Class org.gradle.internal.classpath.ClassPath                                         : loaded 2 times (x 72B)
Class org.jetbrains.kotlin.load.kotlin.FileBasedKotlinClass$1                         : loaded 2 times (x 90B)
Class [Lcom.google.common.reflect.Types$JavaVersion;                                  : loaded 2 times (x 71B)
Class com.google.common.collect.Interners$InternerBuilder                             : loaded 2 times (x 78B)
Class com.google.common.io.Files$FileByteSource                                       : loaded 2 times (x 87B)
Class com.google.common.base.JdkPattern                                               : loaded 2 times (x 77B)
Class [Lcom.google.common.collect.ImmutableMapEntry;                                  : loaded 2 times (x 71B)
Class org.jetbrains.plugins.gradle.model.ExternalProjectDependency                    : loaded 2 times (x 72B)
Class org.jetbrains.plugins.gradle.tooling.serialization.KotlinDslScriptsModelSerializationService: loaded 2 times (x 83B)
Class kotlin.reflect.KFunction                                                        : loaded 2 times (x 72B)
Class kotlin.collections.ArrayDeque                                                   : loaded 2 times (x 209B)
Class org.jetbrains.kotlin.com.intellij.openapi.diagnostic.Logger                     : loaded 2 times (x 101B)
Class org.jetbrains.kotlin.load.kotlin.FileBasedKotlinClass$2                         : loaded 2 times (x 90B)
Class com.google.gson.internal.bind.ObjectTypeAdapter                                 : loaded 2 times (x 76B)
Class com.google.common.io.CharStreams$NullWriter                                     : loaded 2 times (x 101B)
Class com.google.errorprone.annotations.DoNotMock                                     : loaded 2 times (x 72B)
Class org.jetbrains.kotlin.cli.common.arguments.Freezable                             : loaded 2 times (x 74B)
Class org.objectweb.asm.SymbolTable$Entry                                             : loaded 2 times (x 75B)
Class com.amazon.ion.system.IonSystemBuilder$Mutable                                  : loaded 2 times (x 77B)
Class com.amazon.ion.impl.bin.IonManagedBinaryWriter$SymbolResolverBuilder            : loaded 2 times (x 72B)
Class org.jetbrains.kotlin.idea.gradleTooling.KotlinGradleModel                       : loaded 2 times (x 72B)
Class [Lio.opentelemetry.api.trace.TraceFlags;                                        : loaded 2 times (x 71B)
Class [Lio.opentelemetry.context.ContextStorage;                                      : loaded 2 times (x 71B)
Class com.intellij.platform.diagnostic.telemetry.rt.context.TelemetryContext          : loaded 2 times (x 135B)
Class org.jetbrains.plugins.gradle.tooling.serialization.ExternalTestsSerializationService$WriteContext: loaded 2 times (x 74B)
Class org.gradle.api.internal.classpath.DefaultModuleRegistry$DefaultModuleAlias      : loaded 2 times (x 82B)
Class org.gradle.internal.Factory                                                     : loaded 2 times (x 72B)
Class org.jetbrains.org.objectweb.asm.ClassWriter                                     : loaded 2 times (x 107B)
Class org.jetbrains.kotlin.load.kotlin.FileBasedKotlinClass$3                         : loaded 2 times (x 80B)
Class com.android.builder.model.v2.ide.Variant                                        : loaded 2 times (x 72B)
Class org.objectweb.asm.Edge                                                          : loaded 2 times (x 74B)
Class org.jetbrains.org.objectweb.asm.ClassReader                                     : loaded 2 times (x 94B)
Class com.google.common.base.Suppliers$SupplierOfInstance                             : loaded 2 times (x 81B)
Class com.google.gson.internal.bind.ReflectiveTypeAdapterFactory                      : loaded 2 times (x 77B)
Class com.google.gson.internal.sql.SqlTimestampTypeAdapter                            : loaded 2 times (x 78B)
Class jdk.internal.jimage.ImageStringsReader                                          : loaded 2 times (x 82B)
Class com.amazon.ion.impl.bin.IonManagedBinaryWriter$LocalSymbolTableView             : loaded 2 times (x 121B)
Class com.amazon.ion.impl.bin.IonRawBinaryWriter$ThrowingRunnable                     : loaded 2 times (x 72B)
Class io.opentelemetry.context.ThreadLocalContextStorage                              : loaded 2 times (x 87B)
Class org.gradle.tooling.model.Model                                                  : loaded 2 times (x 72B)
Class org.jetbrains.kotlin.load.kotlin.FileBasedKotlinClass$4                         : loaded 2 times (x 90B)
Class org.gradle.internal.classloader.ClassLoaderVisitor                              : loaded 2 times (x 78B)
Class com.google.common.reflect.TypeToken$1                                           : loaded 2 times (x 112B)
Class com.android.builder.model.v2.ide.SyncIssue                                      : loaded 2 times (x 72B)
Class kotlin.text.MatcherMatchResult$groupValues$1                                    : loaded 2 times (x 200B)
Class com.google.common.cache.LocalCache$ComputingValueReference                      : loaded 2 times (x 98B)
Class com.google.gson.internal.sql.SqlDateTypeAdapter$1                               : loaded 2 times (x 77B)
Class com.google.common.collect.ImmutableMap$IteratorBasedImmutableMap                : loaded 2 times (x 128B)
Class com.amazon.ion.UnknownSymbolException                                           : loaded 2 times (x 87B)
Class com.android.ide.gradle.model.composites.BuildMap                                : loaded 2 times (x 72B)
Class kotlin.text.MatchResult$Destructured                                            : loaded 2 times (x 74B)
Class kotlin.Metadata                                                                 : loaded 2 times (x 72B)
Class com.google.common.reflect.TypeToken$2                                           : loaded 2 times (x 112B)
Class [Lorg.jetbrains.kotlin.cli.common.messages.CompilerMessageSeverity;             : loaded 2 times (x 71B)
Class com.google.common.collect.AbstractMapBasedMultimap$AsMap$AsMapEntries           : loaded 2 times (x 140B)
Class com.android.builder.model.v2.ide.Library                                        : loaded 2 times (x 72B)
Class com.android.builder.model.v2.ide.ArtifactDependenciesAdjacencyList              : loaded 2 times (x 72B)
Class com.android.builder.model.v2.models.Versions                                    : loaded 2 times (x 72B)
Class com.google.common.cache.LocalCache$Segment                                      : loaded 2 times (x 155B)
Class kotlinx.coroutines.flow.MutableSharedFlow                                       : loaded 2 times (x 72B)
Class jdk.internal.jimage.ImageReader                                                 : loaded 2 times (x 77B)
Class io.opentelemetry.context.Context                                                : loaded 2 times (x 72B)
Class org.jetbrains.plugins.gradle.model.IntelliJProjectSettings                      : loaded 2 times (x 72B)
Class org.gradle.tooling.internal.adapter.ProtocolToModelAdapter$MethodInvocationCache: loaded 2 times (x 75B)
Class sync_studio_tooling2_5yuwht1u4zqkt2zxhww8jzgmw$_run_closure1                    : loaded 2 times (x 140B)
Class com.android.builder.model.v2.models.ndk.NativeModule                            : loaded 2 times (x 72B)
Class com.google.common.collect.AbstractListMultimap                                  : loaded 2 times (x 173B)
Class [Lorg.objectweb.asm.SymbolTable$Entry;                                          : loaded 2 times (x 71B)
Class com.google.common.collect.ReverseNaturalOrdering                                : loaded 2 times (x 116B)
Class com.google.common.cache.CacheLoader                                             : loaded 2 times (x 76B)
Class com.google.gson.internal.bind.ReflectiveTypeAdapterFactory$Adapter              : loaded 2 times (x 79B)
Class com.google.gson.internal.bind.TypeAdapters$10                                   : loaded 2 times (x 77B)
Class com.google.common.collect.ImmutableBiMap                                        : loaded 2 times (x 145B)
Class jdk.internal.jimage.ImageReader$SharedImageReader                               : loaded 2 times (x 97B)
Class org.jetbrains.plugins.gradle.model.ExternalDependency                           : loaded 2 times (x 72B)
Class com.intellij.util.containers.IntObjectHashMap                                   : loaded 2 times (x 74B)
Class com.google.common.collect.SortedIterable                                        : loaded 2 times (x 72B)
Class org.gradle.api.internal.classpath.ModuleRegistry                                : loaded 2 times (x 72B)
Class org.gradle.internal.installation.GradleInstallation$1                           : loaded 2 times (x 77B)
Class org.jetbrains.org.objectweb.asm.AnnotationVisitor                               : loaded 2 times (x 80B)
Class org.apache.commons.io.output.NullWriter                                         : loaded 2 times (x 101B)
Class com.google.common.base.Splitter$SplittingIterator                               : loaded 2 times (x 85B)
Class com.google.common.collect.ImmutableSet$JdkBackedSetBuilderImpl                  : loaded 2 times (x 78B)
Class com.google.common.util.concurrent.internal.InternalFutureFailureAccess          : loaded 2 times (x 74B)
Class io.opentelemetry.context.Scope                                                  : loaded 2 times (x 72B)
Class com.google.gson.internal.bind.TypeAdapters$11                                   : loaded 2 times (x 77B)
Class [Lcom.google.gson.FieldNamingPolicy;                                            : loaded 2 times (x 71B)
Class com.android.ide.common.repository.AgpVersion$PreviewKind$Companion              : loaded 2 times (x 73B)
Class jdk.internal.jimage.decompressor.ResourceDecompressorFactory                    : loaded 2 times (x 76B)
Class com.amazon.ion.impl.bin.IonManagedBinaryWriter$SymbolState$1                    : loaded 2 times (x 82B)
Class com.amazon.ion.impl.LocalSymbolTableAsStruct$Factory                            : loaded 2 times (x 81B)
Class [Lcom.amazon.ion.IonType;                                                       : loaded 2 times (x 71B)
Class org.jetbrains.plugins.gradle.model.VersionCatalogsModel                         : loaded 2 times (x 72B)
Class com.intellij.gradle.toolingExtension.impl.model.sourceSetDependencyModel.GradleSourceSetDependencySerialisationService$SourceSetDependencyModelReadContext: loaded 2 times (x 74B)
Class com.intellij.gradle.toolingExtension.impl.model.dependencyModel.DependencyReadContext: loaded 2 times (x 74B)
Class org.gradle.tooling.internal.adapter.ObjectGraphAdapter                          : loaded 2 times (x 72B)
Class org.jetbrains.kotlin.name.FqNameUnsafe                                          : loaded 2 times (x 74B)
Class com.google.common.collect.ImmutableMultimap$Values                              : loaded 2 times (x 128B)
Class com.android.builder.model.v2.ide.Installation                                   : loaded 2 times (x 72B)
Class com.google.common.cache.LocalCache$LocalManualCache$1                           : loaded 2 times (x 77B)
Class com.amazon.ion.impl.bin.IonManagedBinaryWriter$ImportedSymbolResolverMode$2     : loaded 2 times (x 82B)
Class com.google.gson.internal.bind.TypeAdapters$12                                   : loaded 2 times (x 77B)
Class [Lcom.google.gson.ToNumberStrategy;                                             : loaded 2 times (x 71B)
Class org.jetbrains.plugins.gradle.model.ProjectImportModelProvider                   : loaded 2 times (x 72B)
Class org.jetbrains.plugins.gradle.model.ExternalSourceSet                            : loaded 2 times (x 72B)
Class com.amazon.ion.impl.bin.IonManagedBinaryWriter$SymbolState$2                    : loaded 2 times (x 82B)
Class com.amazon.ion.IonNull                                                          : loaded 2 times (x 72B)
Class com.intellij.gradle.toolingExtension.impl.model.warmUp.GradleTaskWarmUpRequest  : loaded 2 times (x 72B)
Class com.google.common.collect.ImmutableSortedAsList                                 : loaded 2 times (x 223B)
Class kotlin.text.RegexKt                                                             : loaded 2 times (x 73B)
Class kotlin.coroutines.intrinsics.IntrinsicsKt__IntrinsicsKt                         : loaded 2 times (x 73B)
Class com.google.gson.internal.bind.TypeAdapters$32                                   : loaded 2 times (x 78B)
Class com.google.common.base.CharMatcher$None                                         : loaded 2 times (x 114B)
Class com.android.builder.model.v2.models.ModelBuilderParameter                       : loaded 2 times (x 72B)
Class org.apache.commons.io.file.PathUtils                                            : loaded 2 times (x 73B)
Class com.google.gson.internal.bind.TypeAdapters$13                                   : loaded 2 times (x 77B)
Class org.jetbrains.org.objectweb.asm.ClassVisitor                                    : loaded 2 times (x 90B)
Class jdk.internal.jimage.ImageReader$Node                                            : loaded 2 times (x 86B)
Class com.amazon.ion.impl.bin.IonRawBinaryWriter$ContainerInfo                        : loaded 2 times (x 76B)
Class com.amazon.ion.impl.bin.IonManagedBinaryWriter$SymbolState$3                    : loaded 2 times (x 82B)
Class com.amazon.ion.impl.bin.IonRawBinaryWriter$StreamFlushMode                      : loaded 2 times (x 81B)
Class com.amazon.ion.IonBinaryWriter                                                  : loaded 2 times (x 72B)
Class com.intellij.gradle.toolingExtension.impl.model.sourceSetArtifactIndex.GradleSourceSetArtifactBuildRequest: loaded 2 times (x 72B)
Class com.google.common.collect.Lists$TransformingRandomAccessList                    : loaded 2 times (x 201B)
Class org.gradle.tooling.model.idea.BasicIdeaProject                                  : loaded 2 times (x 72B)
Class org.gradle.api.internal.classpath.DefaultModuleRegistry                         : loaded 2 times (x 86B)
Class org.jetbrains.org.objectweb.asm.AnnotationWriter                                : loaded 2 times (x 80B)
Class org.jetbrains.kotlin.load.kotlin.KotlinJvmBinaryClass$AnnotationVisitor         : loaded 2 times (x 72B)
Class org.gradle.internal.classloader.DefaultClassLoaderFactory                       : loaded 2 times (x 84B)
Class com.intellij.util.containers.IntObjectHashMap$ArrayProducer                     : loaded 2 times (x 72B)
Class org.jetbrains.kotlin.build.report.metrics.GradleBuildTime$Companion             : loaded 2 times (x 73B)
Class io.opentelemetry.api.GlobalOpenTelemetry                                        : loaded 2 times (x 73B)
Class com.google.common.util.concurrent.ListenableFuture                              : loaded 2 times (x 72B)
Class com.google.common.cache.ReferenceEntry                                          : loaded 2 times (x 72B)
Class com.google.gson.internal.bind.NumberTypeAdapter$1                               : loaded 2 times (x 78B)
Class com.google.gson.internal.bind.TypeAdapters$1                                    : loaded 2 times (x 77B)
Class com.google.gson.internal.bind.TypeAdapters$14                                   : loaded 2 times (x 77B)
Class com.google.common.base.Converter                                                : loaded 2 times (x 92B)
Class com.amazon.ion.impl.bin.IonManagedBinaryWriter$ImportedSymbolResolverMode$1     : loaded 2 times (x 82B)
Class jdk.internal.jimage.BasicImageReader$1                                          : loaded 2 times (x 79B)
Class com.amazon.ion.impl.bin.IonManagedBinaryWriter$SymbolState$4                    : loaded 2 times (x 82B)
Class [Lcom.amazon.ion.util.InputStreamInterceptor;                                   : loaded 2 times (x 71B)
Class org.jetbrains.plugins.gradle.tooling.serialization.internal.IdeaProjectSerializationService$WriteContext$1: loaded 2 times (x 85B)
Class org.jetbrains.plugins.gradle.model.ExternalProject                              : loaded 2 times (x 72B)
Class org.jetbrains.kotlin.com.intellij.openapi.diagnostic.Logger$DefaultFactory      : loaded 2 times (x 76B)
Class com.amazon.ion.impl.lite.IonSymbolLite                                          : loaded 2 times (x 249B)
Class [Lcom.android.builder.model.v2.ide.CodeShrinker;                                : loaded 2 times (x 71B)
Class com.google.common.collect.AbstractMapBasedMultimap                              : loaded 2 times (x 140B)
Class com.google.common.util.concurrent.AbstractFuture                                : loaded 2 times (x 108B)
Class [Lcom.amazon.ion.impl.bin.IonRawBinaryWriter$StreamCloseMode;                   : loaded 2 times (x 71B)
Class org.jetbrains.kotlin.idea.gradleTooling.AndroidAwareGradleModelProvider$Companion: loaded 2 times (x 73B)
Class com.google.common.base.FunctionalEquivalence                                    : loaded 2 times (x 85B)
Class com.google.gson.Strictness                                                      : loaded 2 times (x 81B)
Class com.google.gson.internal.sql.SqlTypesSupport$1                                  : loaded 2 times (x 76B)
Class com.google.gson.internal.bind.TypeAdapters$2                                    : loaded 2 times (x 77B)
Class com.google.gson.internal.bind.TypeAdapters$15                                   : loaded 2 times (x 77B)
Class com.amazon.ion.impl.bin.utf8.Pool                                               : loaded 2 times (x 76B)
Class org.jetbrains.plugins.gradle.tooling.serialization.internal.IdeaProjectSerializationService$WriteContext$2: loaded 2 times (x 85B)
Class kotlin.LazyKt__LazyJVMKt                                                        : loaded 2 times (x 73B)
Class com.google.common.reflect.TypeResolver$TypeTable                                : loaded 2 times (x 75B)
Class com.google.common.io.CharStreams                                                : loaded 2 times (x 73B)
Class com.google.common.collect.ImmutableMultiset                                     : loaded 2 times (x 165B)
Class org.objectweb.asm.RecordComponentVisitor                                        : loaded 2 times (x 79B)
Class com.google.common.cache.CacheLoader$SupplierToCacheLoader                       : loaded 2 times (x 77B)
Class com.google.gson.internal.sql.SqlTypesSupport$2                                  : loaded 2 times (x 76B)
Class com.google.gson.internal.bind.TypeAdapters$16                                   : loaded 2 times (x 77B)
Class com.google.gson.internal.bind.TypeAdapters$3                                    : loaded 2 times (x 77B)
Class com.amazon.ion.impl._Private_IonSymbol                                          : loaded 2 times (x 72B)
Class com.amazon.ion.impl.lite.IonValueLite                                           : loaded 2 times (x 150B)
Class com.amazon.ion.IonContainer                                                     : loaded 2 times (x 72B)
Class com.amazon.ion.impl.bin.PooledBlockAllocatorProvider                            : loaded 2 times (x 75B)
Class [Lio.opentelemetry.context.Scope;                                               : loaded 2 times (x 71B)
Class org.jetbrains.plugins.gradle.tooling.serialization.AnnotationProcessingModelSerializationService$ReadContext: loaded 2 times (x 74B)
Class org.jetbrains.plugins.gradle.tooling.serialization.internal.IdeaProjectSerializationService$WriteContext$3: loaded 2 times (x 85B)
Class gnu.trove.TObjectHash$NULL                                                      : loaded 2 times (x 73B)
Class org.gradle.util.internal.DefaultGradleVersion$Stage                             : loaded 2 times (x 77B)
Class kotlin.coroutines.jvm.internal.RestrictedContinuationImpl                       : loaded 2 times (x 89B)
Class org.gradle.tooling.model.GradleProject                                          : loaded 2 times (x 72B)
Class com.google.gson.JsonSyntaxException                                             : loaded 2 times (x 84B)
Class com.google.gson.internal.bind.TypeAdapters$31                                   : loaded 2 times (x 78B)
Class com.google.common.reflect.TypeResolver$TypeTable$1                              : loaded 2 times (x 75B)
Class org.jetbrains.kotlin.cli.common.CompilerSystemProperties$value$1                : loaded 2 times (x 131B)
Class com.google.gson.internal.bind.TypeAdapters$17                                   : loaded 2 times (x 77B)
Class com.google.gson.internal.bind.TypeAdapters$4                                    : loaded 2 times (x 77B)
Class com.google.common.collect.Maps$EntryTransformer                                 : loaded 2 times (x 72B)
Class jdk.internal.jimage.decompressor.Decompressor                                   : loaded 2 times (x 74B)
Class jdk.internal.jimage.ImageReader$Resource                                        : loaded 2 times (x 86B)
Class org.jetbrains.kotlin.idea.gradleTooling.AndroidAwareGradleModelProvider         : loaded 2 times (x 81B)
Class com.intellij.gradle.toolingExtension.impl.telemetry.GradleOpenTelemetry         : loaded 2 times (x 74B)
Class org.jetbrains.plugins.gradle.tooling.serialization.internal.IdeaProjectSerializationService$WriteContext$4: loaded 2 times (x 85B)
Class com.intellij.gradle.toolingExtension.impl.model.sourceSetDependencyModel.GradleSourceSetDependencySerialisationService$Companion: loaded 2 times (x 73B)
Class [Lkotlin.Pair;                                                                  : loaded 2 times (x 71B)
Class com.google.common.collect.UsingToStringOrdering                                 : loaded 2 times (x 116B)
Class kotlin.text.MatchNamedGroupCollection                                           : loaded 2 times (x 72B)
Class kotlin.jvm.internal.markers.KMutableList                                        : loaded 2 times (x 72B)
Class org.gradle.internal.time.MonotonicClock                                         : loaded 2 times (x 79B)
Class org.gradle.internal.service.ServiceLookupException                              : loaded 2 times (x 84B)
Class org.jetbrains.kotlin.com.intellij.openapi.diagnostic.LogLevel                   : loaded 2 times (x 81B)
Class com.google.gson.annotations.JsonAdapter                                         : loaded 2 times (x 72B)
Class com.google.common.collect.Lists$ReverseList                                     : loaded 2 times (x 202B)
Class [Lcom.google.common.cache.LocalCache$EntryFactory;                              : loaded 2 times (x 71B)
Class com.google.gson.internal.bind.SerializationDelegatingTypeAdapter                : loaded 2 times (x 76B)
Class com.google.gson.internal.bind.TypeAdapters$18                                   : loaded 2 times (x 77B)
Class com.google.gson.internal.bind.TypeAdapters$5                                    : loaded 2 times (x 77B)
Class jdk.internal.jrtfs.JrtFileAttributes                                            : loaded 2 times (x 85B)
Class com.amazon.ion.BufferConfiguration$Builder                                      : loaded 2 times (x 80B)
Class com.intellij.gradle.toolingExtension.util.GradleVersionSpecificsUtil            : loaded 2 times (x 73B)
Class io.opentelemetry.context.ContextStorage                                         : loaded 2 times (x 72B)
Class org.jetbrains.plugins.gradle.tooling.serialization.internal.IdeaProjectSerializationService$WriteContext$5: loaded 2 times (x 85B)
Class com.google.gson.internal.bind.JsonAdapterAnnotationTypeAdapterFactory$DummyTypeAdapterFactory: loaded 2 times (x 77B)
Class kotlin.sequences.SequencesKt___SequencesKt$sortedWith$1                         : loaded 2 times (x 77B)
Class com.google.common.collect.ImmutableSortedSet                                    : loaded 2 times (x 302B)
Class org.gradle.internal.classloader.ClassLoaderFactory                              : loaded 2 times (x 72B)
Class org.apache.commons.io.CloseableURLConnection                                    : loaded 2 times (x 118B)
Class com.android.builder.model.v2.ide.LibraryInfo                                    : loaded 2 times (x 72B)
Class com.google.common.base.CommonPattern                                            : loaded 2 times (x 76B)
Class com.google.common.cache.LocalCache$LocalManualCache                             : loaded 2 times (x 101B)
Class com.google.common.base.Suppliers                                                : loaded 2 times (x 73B)
Class kotlinx.coroutines.flow.internal.FusibleFlow                                    : loaded 2 times (x 72B)
Class com.google.gson.internal.bind.ReflectiveTypeAdapterFactory$FieldReflectionAdapter: loaded 2 times (x 79B)
Class com.google.gson.internal.bind.TypeAdapters$19                                   : loaded 2 times (x 77B)
Class com.google.gson.internal.bind.TypeAdapters$6                                    : loaded 2 times (x 77B)
Class com.amazon.ion.impl.bin.IntList                                                 : loaded 2 times (x 79B)
Class com.amazon.ion.impl.lite._Private_LiteDomTrampoline                             : loaded 2 times (x 73B)
Class com.amazon.ion.IonType                                                          : loaded 2 times (x 81B)
Class org.jetbrains.plugins.gradle.tooling.serialization.internal.IdeaProjectSerializationService$WriteContext$6: loaded 2 times (x 85B)
Class org.jetbrains.plugins.gradle.tooling.util.IntObjectMap                          : loaded 2 times (x 75B)
Class ijInit1_4hzjyelwbiukvaxzvfgjtwo75                                               : loaded 2 times (x 173B)
Class org.gradle.internal.service.CachingServiceLocator                               : loaded 2 times (x 84B)
Class com.google.common.collect.Streams                                               : loaded 2 times (x 73B)
Class com.google.gson.annotations.SerializedName                                      : loaded 2 times (x 72B)
Class com.google.common.collect.AbstractMapBasedMultimap$KeySet                       : loaded 2 times (x 139B)
Class com.google.common.math.IntMath                                                  : loaded 2 times (x 73B)
Class com.google.gson.internal.bind.TypeAdapters$7                                    : loaded 2 times (x 77B)
Class com.amazon.ion.impl.lite.ValueFactoryLite                                       : loaded 2 times (x 220B)
Class org.jetbrains.plugins.gradle.model.RepositoryModels                             : loaded 2 times (x 72B)
Class org.jetbrains.plugins.gradle.tooling.serialization.internal.IdeaProjectSerializationService$WriteContext$7: loaded 2 times (x 85B)
Class kotlin.jvm.internal.Intrinsics$Kotlin                                           : loaded 2 times (x 73B)
Class com.google.common.collect.RegularImmutableSortedSet                             : loaded 2 times (x 302B)
Class kotlin.collections.AbstractList$SubList                                         : loaded 2 times (x 200B)
Class kotlin.jvm.internal.CallableReference                                           : loaded 2 times (x 112B)
Class org.jetbrains.org.objectweb.asm.tree.AnnotationNode                             : loaded 2 times (x 82B)
Class org.jetbrains.kotlin.build.report.metrics.BuildTime                             : loaded 2 times (x 72B)
Class com.google.common.reflect.Types$TypeVariableInvocationHandler                   : loaded 2 times (x 77B)
Class com.google.common.collect.MapMakerInternalMap$InternalEntry                     : loaded 2 times (x 72B)
Class org.objectweb.asm.commons.InstructionAdapter                                    : loaded 2 times (x 190B)
Class com.google.gson.internal.bind.CollectionTypeAdapterFactory$Adapter              : loaded 2 times (x 76B)
Class com.google.gson.internal.bind.TypeAdapters$8                                    : loaded 2 times (x 77B)
Class com.google.common.collect.ImmutableMapEntry                                     : loaded 2 times (x 87B)
Class com.amazon.ion.impl.bin.WriteBuffer                                             : loaded 2 times (x 80B)
Class com.amazon.ion.impl.bin.IonManagedBinaryWriter                                  : loaded 2 times (x 167B)
Class org.jetbrains.plugins.gradle.tooling.serialization.internal.IdeaProjectSerializationService$WriteContext$8: loaded 2 times (x 85B)
Class gnu.trove.TObjectIntProcedure                                                   : loaded 2 times (x 72B)
Class [Lorg.gradle.api.JavaVersion;                                                   : loaded 2 times (x 71B)
Class kotlin.ranges.IntRange                                                          : loaded 2 times (x 95B)
Class org.gradle.tooling.model.idea.IdeaDependencyScope                               : loaded 2 times (x 72B)
Class org.gradle.internal.time.TimeSource                                             : loaded 2 times (x 72B)
Class org.gradle.tooling.model.kotlin.dsl.KotlinDslScriptsModel                       : loaded 2 times (x 72B)
Class org.jetbrains.kotlin.name.FqName                                                : loaded 2 times (x 74B)
Class [Lcom.google.common.cache.CacheBuilder$OneWeigher;                              : loaded 2 times (x 71B)
Class org.jetbrains.kotlin.build.report.metrics.DoNothingBuildMetricsReporter         : loaded 2 times (x 88B)
Class ijKotlinCoroutineJvmDebugInit1_6of62asuxfqhlzmthtar3635j                        : loaded 2 times (x 173B)
Class com.google.common.collect.ImmutableMultimap                                     : loaded 2 times (x 148B)
Class com.android.builder.model.v2.ide.TestInfo                                       : loaded 2 times (x 72B)
Class com.google.common.base.Equivalence                                              : loaded 2 times (x 84B)
Class com.google.gson.internal.bind.TypeAdapters$9                                    : loaded 2 times (x 77B)
Class org.objectweb.asm.MethodTooLargeException                                       : loaded 2 times (x 84B)
Class com.google.common.collect.ImmutableMapEntry$NonTerminalImmutableMapEntry        : loaded 2 times (x 87B)
Class com.amazon.ion.impl.lite.IonBlobLite                                            : loaded 2 times (x 222B)
Class com.amazon.ion.impl.LocalSymbolTable                                            : loaded 2 times (x 129B)
Class org.jetbrains.plugins.gradle.tooling.serialization.SerializationService         : loaded 2 times (x 72B)
Class org.gradle.tooling.internal.gradle.GradleBuildIdentity                          : loaded 2 times (x 72B)
Class org.jetbrains.kotlin.name.ClassId$Companion                                     : loaded 2 times (x 73B)
Class org.apache.commons.io.output.AbstractByteArrayOutputStream                      : loaded 2 times (x 104B)
Class com.google.common.collect.IndexedImmutableSet$1                                 : loaded 2 times (x 215B)
Class [Lorg.jetbrains.kotlin.cli.common.CompilerSystemProperties;                     : loaded 2 times (x 71B)
Class com.android.builder.model.v2.ide.JavaCompileOptions                             : loaded 2 times (x 72B)
Class com.google.common.base.Platform$JdkPatternCompiler                              : loaded 2 times (x 77B)
Class com.google.common.cache.CacheBuilder$OneWeigher                                 : loaded 2 times (x 84B)
Class com.google.gson.JsonParseException                                              : loaded 2 times (x 84B)
Class com.amazon.ion.IonList                                                          : loaded 2 times (x 72B)
Class org.jetbrains.plugins.gradle.tooling.serialization.internal.adapter.Supplier    : loaded 2 times (x 72B)
Class org.gradle.tooling.internal.adapter.ProtocolToModelAdapter$MixInMappingAction   : loaded 2 times (x 82B)
Class org.gradle.internal.exceptions.ResolutionProvider                               : loaded 2 times (x 72B)
Class org.jetbrains.kotlin.com.intellij.openapi.diagnostic.Logger$Factory             : loaded 2 times (x 72B)
Class org.jetbrains.kotlin.load.kotlin.FileBasedKotlinClass                           : loaded 2 times (x 90B)
Class org.gradle.kotlin.dsl.TestImplementationConfigurationAccessorsKt                : loaded 2 times (x 73B)
Class com.google.common.reflect.Types$ClassOwnership$1LocalClass                      : loaded 2 times (x 73B)
Class jdk.internal.jimage.ImageBufferCache                                            : loaded 2 times (x 73B)
Class jdk.internal.jrtfs.JrtPath                                                      : loaded 2 times (x 124B)
Class com.amazon.ion.IonSystem                                                        : loaded 2 times (x 72B)
Class com.amazon.ion.impl.bin.IonManagedBinaryWriter$ImportedSymbolContext            : loaded 2 times (x 74B)
Class kotlin.text.MatchResult$DefaultImpls                                            : loaded 2 times (x 73B)
Class org.gradle.tooling.model.idea.IdeaCompilerOutput                                : loaded 2 times (x 72B)
Class org.gradle.tooling.model.ProjectIdentifier                                      : loaded 2 times (x 72B)
Class org.gradle.internal.classloader.ClasspathUtil                                   : loaded 2 times (x 73B)
Class org.jetbrains.kotlin.metadata.jvm.deserialization.JvmMemberSignature            : loaded 2 times (x 76B)
Class org.jetbrains.kotlin.load.kotlin.header.KotlinClassHeader$Kind                  : loaded 2 times (x 81B)
Class org.jetbrains.kotlin.load.kotlin.KotlinJvmBinaryClass$AnnotationArgumentVisitor : loaded 2 times (x 72B)
Class com.google.common.collect.MapMakerInternalMap$Strength                          : loaded 2 times (x 82B)
Class sync_studio_tooling2_5yuwht1u4zqkt2zxhww8jzgmw                                  : loaded 2 times (x 173B)
Class com.android.builder.model.v2.ide.ComponentInfo                                  : loaded 2 times (x 72B)
Class com.google.common.util.concurrent.Uninterruptibles                              : loaded 2 times (x 73B)
Class org.jetbrains.kotlin.tooling.core.HasExtras                                     : loaded 2 times (x 72B)
Class com.android.builder.model.v2.ide.ProjectType                                    : loaded 2 times (x 81B)
Class com.intellij.gradle.toolingExtension.impl.model.sourceSetModel.GradleSourceSetSerialisationService: loaded 2 times (x 79B)
Class org.jetbrains.org.objectweb.asm.ModuleVisitor                                   : loaded 2 times (x 83B)
Class com.google.common.collect.AbstractMapBasedMultimap$WrappedSet                   : loaded 2 times (x 144B)
Class com.android.builder.model.v2.dsl.BaseConfig                                     : loaded 2 times (x 72B)
Class com.google.common.util.concurrent.LazyLogger                                    : loaded 2 times (x 74B)
Class com.google.common.collect.Maps                                                  : loaded 2 times (x 73B)
Class com.amazon.ion.impl.lite.IonIntLite                                             : loaded 2 times (x 191B)
Class com.amazon.ion.impl._Private_IonReaderBuilder$TwoElementInputStream             : loaded 2 times (x 94B)
Class com.amazon.ion.util._Private_FastAppendable                                     : loaded 2 times (x 72B)
Class [Lcom.amazon.ion.impl.bin.IonRawBinaryWriter$PreallocationMode;                 : loaded 2 times (x 71B)
Class io.opentelemetry.context.propagation.TextMapGetter                              : loaded 2 times (x 72B)
Class kotlin.sequences.DistinctSequence                                               : loaded 2 times (x 77B)
Class org.gradle.internal.time.TimeSource$1                                           : loaded 2 times (x 79B)
Class kotlin.jvm.internal.DefaultConstructorMarker                                    : loaded 2 times (x 73B)
Class org.gradle.api.specs.Spec                                                       : loaded 2 times (x 72B)
Class org.jetbrains.kotlin.name.Name                                                  : loaded 2 times (x 77B)
Class org.apache.commons.io.file.PathFilter                                           : loaded 2 times (x 72B)
Class com.google.common.reflect.Types$JavaVersion                                     : loaded 2 times (x 85B)
Class com.google.common.collect.MapMaker                                              : loaded 2 times (x 74B)
Class com.google.gson.internal.sql.SqlDateTypeAdapter                                 : loaded 2 times (x 76B)
Class [Lcom.google.common.collect.ImmutableEntry;                                     : loaded 2 times (x 71B)
Class jdk.internal.jimage.ImageReader$SharedImageReader$LocationVisitor               : loaded 2 times (x 72B)
Class com.amazon.ion.impl.lite.IonSexpLite                                            : loaded 2 times (x 492B)
Class com.amazon.ion.impl.lite.IonListLite                                            : loaded 2 times (x 492B)
Class com.amazon.ion.IonFloat                                                         : loaded 2 times (x 72B)
Class io.opentelemetry.context.ThreadLocalContextStorage$ScopeImpl                    : loaded 2 times (x 81B)
Class org.jetbrains.org.objectweb.asm.Symbol                                          : loaded 2 times (x 75B)
Class com.google.common.cache.LocalCache$LoadingValueReference                        : loaded 2 times (x 98B)
Class com.amazon.ion.impl.LocalSymbolTable$Factory                                    : loaded 2 times (x 79B)
Class com.amazon.ion.impl.bin.IonManagedBinaryWriter$ImportedSymbolResolverMode       : loaded 2 times (x 82B)
Class com.intellij.gradle.toolingExtension.impl.model.buildScriptClasspathModel.GradleBuildScriptClasspathSerializationService: loaded 2 times (x 79B)
Class kotlin.SynchronizedLazyImpl                                                     : loaded 2 times (x 78B)
Class com.google.common.collect.MapMakerInternalMap$StrongKeyDummyValueEntry$LinkedStrongKeyDummyValueEntry: loaded 2 times (x 84B)
Class ijJvmDebugger1_eukz07v0949caam83l9ezgqt4$_run_closure1                          : loaded 2 times (x 140B)
Class Build_gradle$1                                                                  : loaded 2 times (x 76B)
Class com.google.common.reflect.Invokable$MethodInvokable                             : loaded 2 times (x 109B)
Class com.google.common.io.LineReader$1                                               : loaded 2 times (x 77B)
Class com.google.common.collect.CollectSpliterators                                   : loaded 2 times (x 73B)
Class com.google.common.collect.MapMakerInternalMap$StrongKeyDummyValueEntry          : loaded 2 times (x 84B)
Class com.google.common.collect.AbstractMapBasedMultimap$AsMap                        : loaded 2 times (x 130B)
Class com.google.common.base.Platform                                                 : loaded 2 times (x 73B)
Class kotlinx.coroutines.internal.Symbol                                              : loaded 2 times (x 74B)
Class com.google.gson.internal.bind.ReflectiveTypeAdapterFactory$RecordAdapter        : loaded 2 times (x 79B)
Class jdk.internal.jimage.decompressor.ResourceDecompressorRepository                 : loaded 2 times (x 73B)
Class com.amazon.ion.impl.LocalSymbolTableAsStruct                                    : loaded 2 times (x 134B)
Class com.amazon.ion.impl.lite.IonTimestampLite                                       : loaded 2 times (x 195B)
Class org.jetbrains.plugins.gradle.model.FileCollectionDependency                     : loaded 2 times (x 72B)
Class io.opentelemetry.api.trace.SpanBuilder                                          : loaded 2 times (x 72B)
Class io.opentelemetry.api.DefaultOpenTelemetry                                       : loaded 2 times (x 91B)
Class com.intellij.gradle.toolingExtension.impl.model.utilDummyModel.DummyModel       : loaded 2 times (x 72B)
Class kotlin.collections.EmptyIterator                                                : loaded 2 times (x 91B)
Class org.gradle.internal.time.Clock                                                  : loaded 2 times (x 72B)
Class org.gradle.tooling.model.BuildModel                                             : loaded 2 times (x 72B)
Class org.jetbrains.kotlin.load.kotlin.header.ReadKotlinClassHeaderAnnotationVisitor  : loaded 2 times (x 82B)
Class org.gradle.internal.operations.MultipleBuildOperationFailures                   : loaded 2 times (x 97B)
Class org.gradle.tooling.internal.adapter.MethodInvocation                            : loaded 2 times (x 87B)
Class kotlin.sequences.TransformingSequence                                           : loaded 2 times (x 77B)
Class com.google.common.collect.AbstractMapBasedMultimap$WrappedList                  : loaded 2 times (x 207B)
Class com.android.builder.model.v2.dsl.ProductFlavor                                  : loaded 2 times (x 72B)
Class [Lcom.android.builder.model.v2.ide.TestInfo$Execution;                          : loaded 2 times (x 71B)
Class com.google.gson.internal.reflect.ReflectionHelper$RecordNotSupportedHelper      : loaded 2 times (x 80B)
Class [Lorg.objectweb.asm.AnnotationWriter;                                           : loaded 2 times (x 71B)
Class com.google.gson.JsonIOException                                                 : loaded 2 times (x 84B)
Class com.google.common.collect.Maps$8                                                : loaded 2 times (x 84B)
Class jdk.internal.jimage.ImageReader$Directory                                       : loaded 2 times (x 86B)
Class com.amazon.ion.IonString                                                        : loaded 2 times (x 72B)
Class io.opentelemetry.context.propagation.TextMapPropagator                          : loaded 2 times (x 72B)
Class org.jetbrains.plugins.gradle.model.GradleSourceSetDependencyModel               : loaded 2 times (x 72B)
Class kotlin.io.FilePathComponents                                                    : loaded 2 times (x 74B)
Class com.google.common.collect.CompoundOrdering                                      : loaded 2 times (x 117B)
Class kotlin.coroutines.jvm.internal.RestrictedSuspendLambda                          : loaded 2 times (x 93B)
Class org.gradle.tooling.internal.adapter.TypeInspector                               : loaded 2 times (x 75B)
Class org.gradle.tooling.internal.adapter.ProtocolToModelAdapter$NoOpDecoration       : loaded 2 times (x 81B)
Class org.gradle.tooling.model.Element                                                : loaded 2 times (x 72B)
Class kotlin.LazyKt__LazyKt                                                           : loaded 2 times (x 73B)
Class ijInit1_4hzjyelwbiukvaxzvfgjtwo75$_run_closure1                                 : loaded 2 times (x 141B)
Class ijJvmDebugger1_eukz07v0949caam83l9ezgqt4$_run_closure1$_closure2                : loaded 2 times (x 141B)
Class org.jetbrains.kotlin.com.google.common.base.Function                            : loaded 2 times (x 72B)
Class [Lcom.google.common.collect.Iterators$EmptyModifiableIterator;                  : loaded 2 times (x 71B)
Class com.google.common.collect.Lists$ReverseList$1                                   : loaded 2 times (x 101B)
Class com.google.common.collect.Sets$SetView                                          : loaded 2 times (x 141B)
Class com.google.common.cache.LocalCache$StrongValueReference                         : loaded 2 times (x 92B)
Class org.jetbrains.kotlin.tooling.core.Extras                                        : loaded 2 times (x 72B)
Class com.amazon.ion.BufferConfiguration                                              : loaded 2 times (x 74B)
Class com.amazon.ion.system.SimpleCatalog                                             : loaded 2 times (x 93B)
Class io.opentelemetry.context.ArrayBasedContext                                      : loaded 2 times (x 102B)
Class com.intellij.gradle.toolingExtension.impl.model.taskModel.GradleTaskSerialisationService: loaded 2 times (x 78B)
Class com.android.ide.gradle.model.LegacyV1AgpVersionModel                            : loaded 2 times (x 72B)
Class com.google.common.collect.ImmutableRangeSet$Builder                             : loaded 2 times (x 79B)
Class kotlin.text.Regex                                                               : loaded 2 times (x 74B)
Class kotlin.sequences.SequencesKt__SequenceBuilderKt$sequence$$inlined$Sequence$1    : loaded 2 times (x 77B)
Class kotlin.Triple                                                                   : loaded 2 times (x 74B)
Class org.jetbrains.kotlin.metadata.deserialization.BinaryVersion$Companion           : loaded 2 times (x 73B)
Class kotlin.UNINITIALIZED_VALUE                                                      : loaded 2 times (x 73B)
Class com.google.common.graph.SuccessorsFunction                                      : loaded 2 times (x 72B)
Class org.objectweb.asm.Type                                                          : loaded 2 times (x 74B)
Class com.google.gson.LongSerializationPolicy$1                                       : loaded 2 times (x 82B)
Class org.jetbrains.plugins.gradle.tooling.util.IntObjectMap$1                        : loaded 2 times (x 79B)
Class org.gradle.tooling.model.internal.ImmutableDomainObjectSet                      : loaded 2 times (x 157B)
Class org.gradle.internal.classloader.VisitableURLClassLoader$InstrumentingVisitableURLClassLoader: loaded 2 times (x 124B)
Class io.opentelemetry.api.internal.OtelEncodingUtils                                 : loaded 2 times (x 73B)
Class com.intellij.util.ThrowableConsumer                                             : loaded 2 times (x 72B)
Class jdk.internal.jimage.decompressor.StringSharingDecompressorFactory               : loaded 2 times (x 76B)
Class com.google.gson.TypeAdapterFactory                                              : loaded 2 times (x 72B)
Class org.gradle.kotlin.dsl.AndroidTestImplementationConfigurationAccessorsKt         : loaded 2 times (x 73B)
Class org.apache.commons.io.FileUtils                                                 : loaded 2 times (x 73B)
Class com.google.common.collect.MapMakerInternalMap$StrongKeyDummyValueEntry$Helper   : loaded 2 times (x 81B)
Class com.google.common.io.Files$FileByteSink                                         : loaded 2 times (x 79B)
Class com.android.builder.model.v2.ide.AndroidGradlePluginProjectFlags                : loaded 2 times (x 72B)
Class [Lcom.android.builder.model.v2.ide.AndroidGradlePluginProjectFlags$BooleanFlag; : loaded 2 times (x 71B)
Class com.android.builder.model.v2.ide.BasicVariant                                   : loaded 2 times (x 72B)
Class com.google.common.math.IntMath$1                                                : loaded 2 times (x 73B)
Class org.objectweb.asm.ByteVector                                                    : loaded 2 times (x 81B)
Class [Lcom.google.common.cache.CacheBuilder$NullListener;                            : loaded 2 times (x 71B)
Class com.google.gson.LongSerializationPolicy$2                                       : loaded 2 times (x 82B)
Class [Lcom.amazon.ion.impl.bin.IonRawBinaryWriter$StreamFlushMode;                   : loaded 2 times (x 71B)
Class com.amazon.ion.UnsupportedIonVersionException                                   : loaded 2 times (x 87B)
Class io.opentelemetry.api.trace.SpanId                                               : loaded 2 times (x 73B)
Class kotlin.coroutines.Continuation                                                  : loaded 2 times (x 72B)
Class org.gradle.internal.classloader.VisitableURLClassLoader$Spec                    : loaded 2 times (x 76B)
Class org.gradle.internal.classpath.DefaultClassPath                                  : loaded 2 times (x 92B)
Class com.google.gson.internal.bind.JsonTreeReader                                    : loaded 2 times (x 99B)
Class com.google.gson.internal.bind.TypeAdapters$30                                   : loaded 2 times (x 78B)
Class org.objectweb.asm.ClassVisitor                                                  : loaded 2 times (x 90B)
Class [Lorg.jetbrains.kotlin.build.report.metrics.GradleBuildTime;                    : loaded 2 times (x 71B)
Class com.google.common.reflect.Types$ClassOwnership                                  : loaded 2 times (x 82B)
Class com.google.common.base.AbstractIterator                                         : loaded 2 times (x 82B)
Class com.android.builder.model.v2.ide.BundleInfo                                     : loaded 2 times (x 72B)
Class com.android.builder.model.v2.ide.SourceProvider                                 : loaded 2 times (x 72B)
Class org.objectweb.asm.Symbol                                                        : loaded 2 times (x 75B)
Class jdk.internal.jimage.decompressor.ZipDecompressorFactory                         : loaded 2 times (x 76B)
Class com.amazon.ion.impl.bin.IonManagedBinaryWriter$SymbolState                      : loaded 2 times (x 82B)
Class com.amazon.ion.IonStruct                                                        : loaded 2 times (x 72B)
Class org.jetbrains.plugins.gradle.model.GradleBuildScriptClasspathModel              : loaded 2 times (x 72B)
Class kotlin.text.CharsKt__CharJVMKt                                                  : loaded 2 times (x 73B)
Class kotlin.coroutines.jvm.internal.BaseContinuationImpl                             : loaded 2 times (x 89B)
Class kotlin.Result$Companion                                                         : loaded 2 times (x 73B)
Class org.gradle.util.internal.DefaultGradleVersion                                   : loaded 2 times (x 84B)
Class org.jetbrains.kotlin.metadata.jvm.deserialization.JvmMemberSignature$Field      : loaded 2 times (x 77B)
Class com.google.common.io.Java8Compatibility                                         : loaded 2 times (x 73B)
Class com.google.common.io.Closer                                                     : loaded 2 times (x 80B)
Class [Lorg.objectweb.asm.Symbol;                                                     : loaded 2 times (x 71B)
Class [Lcom.google.gson.Strictness;                                                   : loaded 2 times (x 71B)
Class com.google.gson.reflect.TypeToken                                               : loaded 2 times (x 77B)
Class com.google.common.collect.RegularImmutableMap$Values                            : loaded 2 times (x 209B)
Class com.android.utils.FileUtils                                                     : loaded 2 times (x 73B)
Class [Lio.opentelemetry.context.ThreadLocalContextStorage;                           : loaded 2 times (x 71B)
Class org.gradle.internal.classloader.ClassLoaderSpec                                 : loaded 2 times (x 73B)
Class com.android.builder.model.v2.ide.AaptOptions$Namespacing                        : loaded 2 times (x 81B)
Class org.objectweb.asm.AnnotationWriter                                              : loaded 2 times (x 80B)
Class com.google.common.cache.CacheStats                                              : loaded 2 times (x 73B)
Class com.google.gson.internal.sql.SqlTimestampTypeAdapter$1                          : loaded 2 times (x 77B)
Class com.google.gson.JsonPrimitive                                                   : loaded 2 times (x 95B)
Class com.amazon.ion.impl.IonWriterSystemTextMarkup                                   : loaded 2 times (x 193B)
Class com.amazon.ion.impl.bin.BlockAllocator                                          : loaded 2 times (x 82B)
Class kotlin.jvm.internal.FunctionReferenceImpl                                       : loaded 2 times (x 128B)
Class com.google.common.collect.TransformedListIterator                               : loaded 2 times (x 95B)
Class com.google.common.reflect.TypeCapture                                           : loaded 2 times (x 73B)
Class org.jetbrains.kotlin.load.kotlin.header.KotlinClassHeader$Kind$Companion        : loaded 2 times (x 73B)
Class org.gradle.tooling.internal.adapter.TargetTypeProvider                          : loaded 2 times (x 72B)
Class com.google.common.io.Closer$Suppressor                                          : loaded 2 times (x 72B)
Class com.google.common.collect.Interners                                             : loaded 2 times (x 73B)
Class com.google.common.io.LineProcessor                                              : loaded 2 times (x 72B)
Class com.google.common.collect.ImmutableMultisetGwtSerializationDependencies         : loaded 2 times (x 127B)
Class [Lcom.google.gson.ReflectionAccessFilter$FilterResult;                          : loaded 2 times (x 71B)
Class org.objectweb.asm.RecordComponentWriter                                         : loaded 2 times (x 79B)
Class com.google.common.util.concurrent.AbstractFuture$Listener                       : loaded 2 times (x 74B)
Class [Lcom.android.builder.model.v2.ide.ProjectType;                                 : loaded 2 times (x 71B)
Class kotlin.ranges.IntProgression$Companion                                          : loaded 2 times (x 73B)
Class com.google.gson.JsonElement                                                     : loaded 2 times (x 94B)
Class Settings_gradle$1$1                                                             : loaded 2 times (x 76B)
Class com.amazon.ion.system.IonWriterBuilderBase                                      : loaded 2 times (x 85B)
Class io.opentelemetry.api.trace.Tracer                                               : loaded 2 times (x 72B)
Class kotlin.jvm.internal.markers.KMutableIterable                                    : loaded 2 times (x 72B)
Class org.gradle.tooling.internal.adapter.ProtocolToModelAdapter$DefaultViewBuilder   : loaded 2 times (x 82B)
Class org.gradle.api.internal.classpath.Module$ModuleAlias                            : loaded 2 times (x 72B)
Class org.jetbrains.plugins.gradle.model.GradleExtensions                             : loaded 2 times (x 72B)
Class [Lcom.android.builder.model.v2.ide.AaptOptions$Namespacing;                     : loaded 2 times (x 71B)
Class org.objectweb.asm.Attribute                                                     : loaded 2 times (x 79B)
Class com.android.ide.common.gradle.Version$Companion$ParseState                      : loaded 2 times (x 72B)
Class com.google.common.base.Supplier                                                 : loaded 2 times (x 72B)
Class com.google.gson.internal.bind.CollectionTypeAdapterFactory                      : loaded 2 times (x 77B)
Class io.opentelemetry.api.trace.ArrayBasedTraceState                                 : loaded 2 times (x 88B)
Class io.opentelemetry.context.ContextKey                                             : loaded 2 times (x 72B)
Class io.opentelemetry.context.propagation.TextMapSetter                              : loaded 2 times (x 72B)
Class org.gradle.tooling.internal.adapter.ProtocolToModelAdapter$ViewGraphDetails$1   : loaded 2 times (x 79B)
Class org.gradle.internal.classloader.VisitableURLClassLoader                         : loaded 2 times (x 118B)
Class org.jetbrains.plugins.gradle.model.AnnotationProcessingModel                    : loaded 2 times (x 72B)
Class io.opentelemetry.context.ContextStorageProvider                                 : loaded 2 times (x 72B)
Class com.google.common.collect.ImmutableList$SerializedForm                          : loaded 2 times (x 75B)
Class kotlinx.coroutines.flow.FlowCollector                                           : loaded 2 times (x 72B)
Class com.android.ide.common.repository.AgpVersion$Companion                          : loaded 2 times (x 73B)
Class Settings_gradle                                                                 : loaded 2 times (x 126B)
Class [Lcom.amazon.ion.SymbolTable;                                                   : loaded 2 times (x 71B)
Class com.amazon.ion.impl.bin.IonBinaryWriterAdapter$Factory                          : loaded 2 times (x 72B)
Class com.amazon.ion.impl.BlockedBuffer$BufferedOutputStream                          : loaded 2 times (x 92B)
Class org.jetbrains.plugins.gradle.tooling.serialization.ExternalTestsSerializationService$ReadContext: loaded 2 times (x 74B)
Class sync_studio_tooling1_1ru7i6fidvi290h5ekzfk2s8z                                  : loaded 2 times (x 173B)
Class kotlin.sequences.FlatteningSequence$iterator$1                                  : loaded 2 times (x 81B)
Class com.amazon.ion.system.IonBinaryWriterBuilder                                    : loaded 2 times (x 101B)
Class com.amazon.ion.impl.bin.IonManagedBinaryWriter$UserState$4                      : loaded 2 times (x 87B)
Class org.gradle.tooling.model.eclipse.EclipseProject                                 : loaded 2 times (x 72B)
Class org.gradle.tooling.model.idea.IdeaDependency                                    : loaded 2 times (x 72B)
Class org.jetbrains.plugins.gradle.model.UnresolvedExternalDependency                 : loaded 2 times (x 72B)
Class com.google.common.collect.MapMakerInternalMap                                   : loaded 2 times (x 162B)
Class com.android.builder.model.v2.ide.AaptOptions                                    : loaded 2 times (x 72B)
Class [Lcom.android.builder.model.v2.ide.BytecodeTransformation;                      : loaded 2 times (x 71B)
Class com.google.common.base.Strings                                                  : loaded 2 times (x 73B)
Class com.google.common.collect.Sets                                                  : loaded 2 times (x 73B)
Class org.objectweb.asm.Handler                                                       : loaded 2 times (x 74B)
Class com.android.ide.common.gradle.Version$Companion                                 : loaded 2 times (x 73B)
Class com.google.common.base.Ticker                                                   : loaded 2 times (x 74B)
Class com.google.common.collect.ImmutableMap$MapViewOfValuesAsSingletonSets           : loaded 2 times (x 128B)
Class com.google.gson.internal.bind.TreeTypeAdapter                                   : loaded 2 times (x 77B)
Class com.google.gson.internal.sql.SqlTimeTypeAdapter                                 : loaded 2 times (x 76B)
Class jdk.internal.jimage.decompressor.ZipDecompressor                                : loaded 2 times (x 77B)
Class com.amazon.ion.impl.bin.AbstractIonWriter$WriteValueOptimization                : loaded 2 times (x 81B)
Class kotlin.collections.AbstractMutableList                                          : loaded 2 times (x 208B)
Class [Lorg.jetbrains.kotlin.load.kotlin.header.KotlinClassHeader$Kind;               : loaded 2 times (x 71B)
Class com.google.common.collect.RegularImmutableMap                                   : loaded 2 times (x 122B)
Class com.android.builder.model.v2.models.ndk.NativeModelBuilderParameter             : loaded 2 times (x 72B)
Class [Lcom.google.common.cache.LocalCache$Segment;                                   : loaded 2 times (x 71B)
Class [Lcom.google.common.cache.LocalCache$Strength;                                  : loaded 2 times (x 71B)
Class com.google.common.cache.CacheBuilder$1                                          : loaded 2 times (x 87B)
Class com.google.gson.stream.MalformedJsonException                                   : loaded 2 times (x 84B)
Class com.google.gson.internal.bind.TypeAdapters$20                                   : loaded 2 times (x 77B)
Class com.google.common.collect.ImmutableMap                                          : loaded 2 times (x 122B)
Class com.amazon.ion.impl.bin.BlockAllocatorProvider                                  : loaded 2 times (x 74B)
Class io.opentelemetry.api.trace.ArrayBasedTraceStateBuilder                          : loaded 2 times (x 79B)
Class org.jetbrains.plugins.gradle.tooling.serialization.internal.IdeaProjectSerializationService$WriteContext: loaded 2 times (x 74B)
Class com.intellij.gradle.toolingExtension.impl.model.sourceSetDependencyModel.GradleSourceSetDependencySerialisationService: loaded 2 times (x 79B)
Class org.jetbrains.plugins.gradle.model.GradleSourceSetModel                         : loaded 2 times (x 72B)
Class kotlin.KotlinNothingValueException                                              : loaded 2 times (x 84B)
Class org.gradle.internal.classpath.DefaultClassPath$ImmutableUniqueList$Builder      : loaded 2 times (x 77B)
Class kotlin.jvm.functions.Function3                                                  : loaded 2 times (x 72B)
Class com.android.builder.model.v2.ide.AndroidArtifact                                : loaded 2 times (x 72B)
Class com.google.common.collect.MapMakerInternalMap$WeakValueReference                : loaded 2 times (x 72B)
Class com.google.common.cache.LocalCache                                              : loaded 2 times (x 188B)
Class com.google.common.cache.CacheBuilder$2                                          : loaded 2 times (x 81B)
Class org.gradle.tooling.internal.adapter.ProtocolToModelAdapter$InvocationHandlerImpl: loaded 2 times (x 79B)
Class com.google.gson.internal.bind.TypeAdapters$21                                   : loaded 2 times (x 77B)
Class com.google.gson.FieldNamingPolicy$1                                             : loaded 2 times (x 85B)
Class com.amazon.ion.impl.lite.IonSequenceLite                                        : loaded 2 times (x 434B)
Class com.amazon.ion.impl._Private_Utils$1                                            : loaded 2 times (x 100B)
Class com.amazon.ion.impl.SymbolTableAsStruct                                         : loaded 2 times (x 72B)
Class io.opentelemetry.api.trace.TracerProvider                                       : loaded 2 times (x 72B)
Class com.android.ide.gradle.model.dependencies.Coordinates                           : loaded 2 times (x 72B)
Class com.google.common.collect.AbstractRangeSet                                      : loaded 2 times (x 116B)
Class org.gradle.tooling.internal.adapter.WeakIdentityHashMap$AbsentValueProvider     : loaded 2 times (x 72B)
Class org.gradle.tooling.model.build.GradleEnvironment                                : loaded 2 times (x 72B)
Class org.jetbrains.kotlin.cli.common.arguments.K2JVMCompilerArguments                : loaded 2 times (x 77B)
Class com.google.common.collect.ArrayListMultimap                                     : loaded 2 times (x 173B)
Class com.google.common.cache.CacheBuilder$3                                          : loaded 2 times (x 74B)
Class com.google.gson.internal.bind.TypeAdapters$22                                   : loaded 2 times (x 77B)
Class com.google.gson.FieldNamingPolicy$2                                             : loaded 2 times (x 85B)
Class com.google.gson.internal.Excluder$1                                             : loaded 2 times (x 76B)
Class [Lcom.google.common.collect.AbstractMapEntry;                                   : loaded 2 times (x 71B)
Class com.google.common.collect.ImmutableEntry                                        : loaded 2 times (x 84B)
Class com.amazon.ion.impl.bin.AbstractIonWriter                                       : loaded 2 times (x 162B)
Class io.opentelemetry.api.trace.AutoValue_ArrayBasedTraceState                       : loaded 2 times (x 89B)
Class gnu.trove.TObjectHash                                                           : loaded 2 times (x 96B)
Class org.jetbrains.plugins.gradle.tooling.util.ObjectCollector$Processor             : loaded 2 times (x 72B)
Class kotlin.jvm.functions.Function4                                                  : loaded 2 times (x 72B)
Class kotlin.collections.EmptySet                                                     : loaded 2 times (x 124B)
Class kotlin.annotation.Target                                                        : loaded 2 times (x 72B)
Class org.jetbrains.plugins.gradle.tooling.util.IntObjectMap$ObjectFactory            : loaded 2 times (x 72B)
Class org.gradle.internal.exceptions.NonGradleCauseExceptionsHolder                   : loaded 2 times (x 72B)
Class org.gradle.tooling.model.idea.IdeaModuleDependency                              : loaded 2 times (x 72B)
Class org.gradle.tooling.internal.adapter.ViewBuilder                                 : loaded 2 times (x 72B)
Class org.jetbrains.org.objectweb.asm.SymbolTable$Entry                               : loaded 2 times (x 75B)
Class org.jetbrains.kotlin.metadata.deserialization.BinaryVersion                     : loaded 2 times (x 76B)
Class [Lio.opentelemetry.api.trace.ImmutableTraceFlags;                               : loaded 2 times (x 71B)
Class org.apache.commons.io.StandardLineSeparator                                     : loaded 2 times (x 81B)
Class com.google.common.base.Suppliers$MemoizingSupplier                              : loaded 2 times (x 81B)
Class com.android.builder.model.v2.ide.AndroidLibraryData                             : loaded 2 times (x 72B)
Class com.android.builder.model.v2.ide.ApiVersion                                     : loaded 2 times (x 72B)
Class com.android.ide.common.gradle.Version                                           : loaded 2 times (x 77B)
Class com.google.gson.internal.bind.TypeAdapters$23                                   : loaded 2 times (x 77B)
Class com.google.gson.FieldNamingPolicy$3                                             : loaded 2 times (x 85B)
Class com.google.common.collect.CollectPreconditions                                  : loaded 2 times (x 73B)
Class jdk.internal.jimage.ImageStrings                                                : loaded 2 times (x 72B)
Class com.amazon.ion.system.IonReaderBuilder                                          : loaded 2 times (x 97B)
Class io.opentelemetry.api.trace.TraceState                                           : loaded 2 times (x 72B)
Class org.jetbrains.plugins.gradle.model.AnnotationProcessingConfig                   : loaded 2 times (x 72B)
Class com.amazon.ion.IonReader                                                        : loaded 2 times (x 72B)
Class gnu.trove.Equality                                                              : loaded 2 times (x 72B)
Class kotlin.reflect.KDeclarationContainer                                            : loaded 2 times (x 72B)
Class kotlin.annotation.Retention                                                     : loaded 2 times (x 72B)
Class org.gradle.tooling.model.eclipse.HierarchicalEclipseProject                     : loaded 2 times (x 72B)
Class com.amazon.ion.IonException                                                     : loaded 2 times (x 86B)
Class com.amazon.ion.util.GzipStreamInterceptor                                       : loaded 2 times (x 87B)
Class com.amazon.ion.impl.bin.IonManagedBinaryWriter$UserState$3                      : loaded 2 times (x 87B)
Class [Lcom.google.common.collect.MapMakerInternalMap$Strength;                       : loaded 2 times (x 71B)
Class [Lcom.google.common.io.FileWriteMode;                                           : loaded 2 times (x 71B)
Class com.android.builder.model.v2.models.Versions$Version                            : loaded 2 times (x 72B)
Class com.google.gson.internal.bind.TypeAdapters$24                                   : loaded 2 times (x 77B)
Class com.google.gson.FieldNamingPolicy$4                                             : loaded 2 times (x 85B)
Class com.google.common.collect.SortedMapDifference                                   : loaded 2 times (x 72B)
Class com.amazon.ion.IonClob                                                          : loaded 2 times (x 72B)
Class io.opentelemetry.context.LazyStorage                                            : loaded 2 times (x 73B)
Class org.jetbrains.plugins.gradle.tooling.ModelBuilderService$Parameter              : loaded 2 times (x 72B)
Class [Lorg.jetbrains.org.objectweb.asm.Symbol;                                       : loaded 2 times (x 71B)
Class com.google.gson.JsonObject                                                      : loaded 2 times (x 95B)
Class com.google.common.cache.LocalCache$WriteThroughEntry                            : loaded 2 times (x 81B)
Class com.google.common.cache.LocalCache$HashIterator                                 : loaded 2 times (x 88B)
Class com.google.common.collect.MapMakerInternalMap$StrongKeyDummyValueSegment        : loaded 2 times (x 143B)
Class com.google.common.io.Files                                                      : loaded 2 times (x 73B)
Class org.jetbrains.kotlin.cli.common.arguments.CommonCompilerArguments               : loaded 2 times (x 76B)
Class com.google.common.cache.LocalCache$EntryFactory                                 : loaded 2 times (x 85B)
Class com.google.gson.internal.bind.TypeAdapters$25                                   : loaded 2 times (x 77B)
Class com.google.gson.FieldNamingPolicy$5                                             : loaded 2 times (x 85B)
Class com.amazon.ion.impl.lite.IonLobLite                                             : loaded 2 times (x 187B)
Class com.amazon.ion.impl.lite.IonTextLite                                            : loaded 2 times (x 184B)
Class com.amazon.ion.IonNumber                                                        : loaded 2 times (x 72B)
Class gnu.trove.TObjectHashingStrategy                                                : loaded 2 times (x 72B)
Class org.gradle.tooling.internal.adapter.ProtocolToModelAdapter$ReflectionMethodInvoker: loaded 2 times (x 78B)
Class kotlinx.coroutines.flow.CancellableFlow                                         : loaded 2 times (x 72B)
Class kotlinx.coroutines.flow.internal.AbstractSharedFlow                             : loaded 2 times (x 76B)
Class com.google.common.util.concurrent.ExecutionError                                : loaded 2 times (x 84B)
Class com.google.common.reflect.Types$NativeTypeVariableEquals                        : loaded 2 times (x 73B)
Class com.google.common.reflect.TypeParameter                                         : loaded 2 times (x 74B)
Class [Lcom.google.common.collect.MapMaker$Dummy;                                     : loaded 2 times (x 71B)
Class com.google.common.base.CharMatcher$Whitespace                                   : loaded 2 times (x 114B)
Class org.jetbrains.kotlin.cli.common.arguments.CommonCompilerArgumentsConfigurator   : loaded 2 times (x 76B)
Class com.google.common.cache.LocalCache$AbstractReferenceEntry                       : loaded 2 times (x 109B)
Class [Lcom.android.ide.common.gradle.Separator;                                      : loaded 2 times (x 71B)
Class org.jetbrains.kotlin.tooling.core.HasMutableExtras                              : loaded 2 times (x 72B)
Class com.google.gson.internal.bind.ArrayTypeAdapter                                  : loaded 2 times (x 76B)
Class com.google.gson.internal.bind.TypeAdapters$26                                   : loaded 2 times (x 77B)
Class com.google.gson.FieldNamingPolicy$6                                             : loaded 2 times (x 85B)
Class [Lcom.amazon.ion.impl.bin.IonManagedBinaryWriter$UserState;                     : loaded 2 times (x 71B)
Class com.amazon.ion.impl.bin.utf8.Utf8StringEncoder                                  : loaded 2 times (x 82B)
Class com.amazon.ion.IonBool                                                          : loaded 2 times (x 72B)
Class com.google.common.collect.NullsLastOrdering                                     : loaded 2 times (x 117B)
Class com.google.common.collect.ImmutableEnumSet                                      : loaded 2 times (x 148B)
Class org.jetbrains.org.objectweb.asm.Attribute                                       : loaded 2 times (x 77B)
Class org.jetbrains.org.objectweb.asm.Label                                           : loaded 2 times (x 74B)
Class com.google.common.collect.ImmutableMapKeySet                                    : loaded 2 times (x 154B)
Class com.google.gson.internal.reflect.ReflectionHelper                               : loaded 2 times (x 73B)
Class com.android.builder.model.v2.models.VariantDependencies                         : loaded 2 times (x 72B)
Class org.objectweb.asm.SymbolTable                                                   : loaded 2 times (x 74B)
Class com.android.builder.model.v2.models.VariantDependenciesAdjacencyList            : loaded 2 times (x 72B)
Class com.google.common.cache.CacheLoader$InvalidCacheLoadException                   : loaded 2 times (x 84B)
Class com.google.gson.internal.bind.TypeAdapters$27                                   : loaded 2 times (x 77B)
Class com.google.gson.FieldNamingPolicy$7                                             : loaded 2 times (x 85B)
Class com.amazon.ion.IonLoader                                                        : loaded 2 times (x 72B)
Class io.opentelemetry.context.propagation.NoopTextMapPropagator                      : loaded 2 times (x 78B)
Class com.intellij.gradle.toolingExtension.model.repositoryModel.ProjectRepositoriesModel: loaded 2 times (x 72B)
Class org.jetbrains.plugins.gradle.model.GradleProperty                               : loaded 2 times (x 72B)
Class gnu.trove.TObjectCanonicalHashingStrategy                                       : loaded 2 times (x 80B)
Class com.google.common.collect.ImmutableRangeSet$ComplementRanges                    : loaded 2 times (x 209B)
Class com.google.common.collect.AbstractMapBasedMultimap$WrappedCollection            : loaded 2 times (x 126B)
Class com.android.builder.model.v2.ide.TestedTargetVariant                            : loaded 2 times (x 72B)
Class com.google.common.cache.LocalCache$StrongEntry                                  : loaded 2 times (x 110B)
Class com.google.common.util.concurrent.AbstractFuture$TrustedFuture                  : loaded 2 times (x 116B)
Class com.google.common.cache.LoadingCache                                            : loaded 2 times (x 72B)
Class [Lcom.google.gson.LongSerializationPolicy;                                      : loaded 2 times (x 71B)
Class com.amazon.ion.impl._Private_Utils                                              : loaded 2 times (x 73B)
Class kotlin.ranges.IntRange$Companion                                                : loaded 2 times (x 73B)
Class kotlin.text.MatcherMatchResult$groups$1                                         : loaded 2 times (x 153B)
Class kotlin.collections.EmptyMap                                                     : loaded 2 times (x 110B)
Class kotlin.reflect.KAnnotatedElement                                                : loaded 2 times (x 72B)
Class kotlin.jvm.internal.markers.KMutableCollection                                  : loaded 2 times (x 72B)
Class kotlin.coroutines.intrinsics.IntrinsicsKt                                       : loaded 2 times (x 73B)
Class org.gradle.internal.exceptions.MultiCauseException                              : loaded 2 times (x 72B)
Class org.gradle.internal.time.CountdownTimer                                         : loaded 2 times (x 72B)
Class org.jetbrains.kotlin.load.kotlin.FileBasedKotlinClass$InnerClassesInfo          : loaded 2 times (x 76B)
Class org.jetbrains.kotlin.metadata.deserialization.MetadataVersion$Companion         : loaded 2 times (x 73B)
Class org.jetbrains.org.objectweb.asm.tree.Util                                       : loaded 2 times (x 73B)
Class org.gradle.kotlin.dsl.ImplementationConfigurationAccessorsKt                    : loaded 2 times (x 73B)
Class com.google.common.base.Suppliers$NonSerializableMemoizingSupplier               : loaded 2 times (x 81B)
Class com.google.gson.internal.Streams$AppendableWriter                               : loaded 2 times (x 101B)
Class org.objectweb.asm.MethodWriter                                                  : loaded 2 times (x 107B)
Class [Lcom.google.common.cache.Weigher;                                              : loaded 2 times (x 71B)
Class com.google.gson.internal.bind.MapTypeAdapterFactory                             : loaded 2 times (x 77B)
Class com.google.gson.internal.bind.TypeAdapters$29                                   : loaded 2 times (x 77B)
Class com.google.gson.JsonNull                                                        : loaded 2 times (x 94B)
Class com.google.common.collect.RegularImmutableMap$BucketOverflowException           : loaded 2 times (x 84B)
Class jdk.internal.jrtfs.JrtFileSystem                                                : loaded 2 times (x 104B)
Class io.opentelemetry.api.trace.Span                                                 : loaded 2 times (x 72B)
Class com.intellij.gradle.toolingExtension.impl.model.projectModel.GradleExternalProjectSerializationService$ReadContext: loaded 2 times (x 75B)
Class com.intellij.gradle.toolingExtension.impl.model.dependencyModel.DependencyWriteContext: loaded 2 times (x 74B)
Class kotlin.coroutines.intrinsics.CoroutineSingletons                                : loaded 2 times (x 81B)
Class org.gradle.tooling.model.ProjectModel                                           : loaded 2 times (x 72B)
Class org.gradle.tooling.model.gradle.GradleBuild                                     : loaded 2 times (x 72B)
Class org.jetbrains.org.objectweb.asm.tree.TypeAnnotationNode                         : loaded 2 times (x 82B)
Class org.gradle.internal.classloader.ClassLoaderHierarchy                            : loaded 2 times (x 72B)
Class com.google.common.collect.AbstractMapBasedMultimap$RandomAccessWrappedList      : loaded 2 times (x 207B)
Class org.jetbrains.kotlin.cli.common.CompilerSystemProperties$Companion              : loaded 2 times (x 73B)
Class com.google.common.collect.ImmutableMultimap$1                                   : loaded 2 times (x 84B)
Class com.android.ide.common.gradle.Version$Companion$ParseState$EMPTY                : loaded 2 times (x 76B)
Class jdk.internal.jimage.decompressor.CompressedResourceHeader                       : loaded 2 times (x 73B)
Class org.jetbrains.plugins.gradle.model.GradleConfiguration                          : loaded 2 times (x 72B)
Class com.amazon.ion.impl.bin.utf8.Utf8StringEncoderPool                              : loaded 2 times (x 76B)
Class com.amazon.ion.impl._Private_IonSystem                                          : loaded 2 times (x 72B)
Class com.amazon.ion.BufferConfiguration$OversizedValueHandler                        : loaded 2 times (x 72B)
Class kotlin.ranges.OpenEndRange                                                      : loaded 2 times (x 72B)
Class kotlin.sequences.SequenceBuilderIterator                                        : loaded 2 times (x 87B)
Class kotlin.jvm.internal.CollectionToArray                                           : loaded 2 times (x 73B)
Class com.google.common.reflect.Types$JavaVersion$1                                   : loaded 2 times (x 85B)
Class com.google.common.collect.ImmutableMultimap$2                                   : loaded 2 times (x 83B)
Class com.android.ide.common.repository.AgpVersion$Companion$WhenMappings             : loaded 2 times (x 73B)
Class com.google.common.collect.RegularImmutableBiMap                                 : loaded 2 times (x 150B)
Class com.google.common.cache.LocalCache$ValueReference                               : loaded 2 times (x 72B)
Class com.intellij.gradle.toolingExtension.impl.model.sourceSetModel.GradleSourceSetSerialisationService$Companion: loaded 2 times (x 73B)
Class com.amazon.ion.impl._Private_IonValue                                           : loaded 2 times (x 72B)
Class com.google.gson.internal.bind.DefaultDateTypeAdapter$DateType$1                 : loaded 2 times (x 75B)
Class com.amazon.ion.IonDecimal                                                       : loaded 2 times (x 72B)
Class io.opentelemetry.api.OpenTelemetry                                              : loaded 2 times (x 72B)
Class org.jetbrains.plugins.gradle.model.tests.ExternalTestsModel                     : loaded 2 times (x 72B)
Class org.gradle.tooling.model.idea.IdeaLanguageLevel                                 : loaded 2 times (x 72B)
Class org.gradle.tooling.internal.adapter.ProtocolToModelAdapter$SafeMethodInvoker    : loaded 2 times (x 78B)
Class org.gradle.tooling.internal.adapter.WeakIdentityHashMap$WeakKey                 : loaded 2 times (x 82B)
Class org.gradle.internal.exceptions.DefaultMultiCauseException                       : loaded 2 times (x 97B)
Class org.jetbrains.kotlin.com.intellij.openapi.diagnostic.Attachment                 : loaded 2 times (x 74B)
Class com.amazon.ion.impl.bin.IonManagedBinaryWriter$UserState$2                      : loaded 2 times (x 87B)
Class com.google.common.reflect.Types$JavaVersion$2                                   : loaded 2 times (x 85B)
Class com.google.common.reflect.Types                                                 : loaded 2 times (x 73B)
Class com.google.gson.internal.Streams                                                : loaded 2 times (x 73B)
Class com.android.builder.model.v2.ide.ProjectInfo                                    : loaded 2 times (x 72B)
Class org.jetbrains.kotlin.cli.common.arguments.CommonToolArguments                   : loaded 2 times (x 75B)
Class com.google.common.base.PatternCompiler                                          : loaded 2 times (x 72B)
Class com.google.common.util.concurrent.AbstractFuture$Failure                        : loaded 2 times (x 74B)
Class com.google.common.base.Equivalence$Equals                                       : loaded 2 times (x 84B)
Class com.google.gson.internal.LazilyParsedNumber                                     : loaded 2 times (x 80B)
Class com.google.common.collect.Hashing                                               : loaded 2 times (x 73B)
Class jdk.internal.jimage.BasicImageReader                                            : loaded 2 times (x 97B)
Class com.amazon.ion.impl.bin.IonRawBinaryWriter$StreamCloseMode                      : loaded 2 times (x 81B)
Class com.amazon.ion.impl._Private_IonBinaryWriterBuilder$Mutable                     : loaded 2 times (x 117B)
Class io.opentelemetry.api.trace.PropagatedSpan                                       : loaded 2 times (x 114B)
Class com.intellij.gradle.toolingExtension.impl.model.projectModel.GradleExternalProjectSerializationService: loaded 2 times (x 79B)
Class kotlin.text.CharsKt__CharKt                                                     : loaded 2 times (x 73B)
Class kotlin.collections.ArrayDeque$Companion                                         : loaded 2 times (x 73B)
Class org.gradle.tooling.model.HierarchicalElement                                    : loaded 2 times (x 72B)
Class [Lcom.google.common.base.AbstractIterator$State;                                : loaded 2 times (x 71B)
Class kotlin.LazyKt                                                                   : loaded 2 times (x 73B)
Class [Lorg.apache.commons.io.file.DeleteOption;                                      : loaded 2 times (x 71B)
Class com.google.common.reflect.Types$JavaVersion$3                                   : loaded 2 times (x 85B)
Class com.google.common.io.CharSink                                                   : loaded 2 times (x 81B)
Class com.android.builder.model.v2.dsl.DependenciesInfo                               : loaded 2 times (x 72B)
Class com.google.common.io.FileWriteMode                                              : loaded 2 times (x 81B)
Class org.objectweb.asm.Label                                                         : loaded 2 times (x 75B)
Class org.objectweb.asm.CurrentFrame                                                  : loaded 2 times (x 75B)
Class org.objectweb.asm.ClassTooLargeException                                        : loaded 2 times (x 84B)
Class [Lcom.google.common.collect.MapMakerInternalMap$Segment;                        : loaded 2 times (x 71B)
Class ijKotlinCoroutineJvmDebugInit1_6of62asuxfqhlzmthtar3635j$_run_closure1$_closure2: loaded 2 times (x 140B)
Class com.google.gson.stream.JsonReader                                               : loaded 2 times (x 99B)
Class com.amazon.ion.impl.bin.IonRawBinaryWriter$PatchPoint                           : loaded 2 times (x 74B)
Class com.amazon.ion.IonBlob                                                          : loaded 2 times (x 72B)
Class com.amazon.ion.IonLob                                                           : loaded 2 times (x 72B)
Class com.amazon.ion.IonSequence                                                      : loaded 2 times (x 72B)
Class io.opentelemetry.api.trace.TraceFlags                                           : loaded 2 times (x 72B)
Class org.jetbrains.plugins.gradle.tooling.serialization.ExternalTestsSerializationService: loaded 2 times (x 79B)
Class com.google.common.collect.ByFunctionOrdering                                    : loaded 2 times (x 117B)
Class kotlin.coroutines.EmptyCoroutineContext                                         : loaded 2 times (x 79B)
Class org.gradle.internal.time.Time                                                   : loaded 2 times (x 73B)
Class org.jetbrains.org.objectweb.asm.RecordComponentWriter                           : loaded 2 times (x 79B)
Class org.jetbrains.kotlin.load.kotlin.FileBasedKotlinClass$OuterAndInnerName         : loaded 2 times (x 74B)
Class org.gradle.kotlin.dsl.Accessors7cddnu26duc8nxp06w1clhaoeKt                      : loaded 2 times (x 73B)
Class com.google.common.reflect.Types$JavaVersion$4                                   : loaded 2 times (x 85B)
Class org.jetbrains.kotlin.cli.common.messages.MessageCollector$Companion$NONE$1      : loaded 2 times (x 78B)
Class com.google.common.collect.MapMakerInternalMap$InternalEntryHelper               : loaded 2 times (x 72B)
Class com.google.common.collect.Maps$IteratorBasedAbstractMap                         : loaded 2 times (x 127B)
Class com.google.common.collect.Table                                                 : loaded 2 times (x 72B)
Class com.google.gson.internal.reflect.ReflectionHelper$RecordSupportedHelper         : loaded 2 times (x 80B)
Class com.android.builder.model.v2.models.ProjectGraph                                : loaded 2 times (x 72B)
Class org.gradle.internal.classloader.FilteringClassLoader                            : loaded 2 times (x 106B)
Class org.objectweb.asm.Frame                                                         : loaded 2 times (x 75B)
Class org.objectweb.asm.MethodVisitor                                                 : loaded 2 times (x 107B)
Class com.android.ide.common.gradle.Version$Companion$ParseState$NUMERIC              : loaded 2 times (x 76B)
Class com.google.common.cache.LocalCache$EntryFactory$1                               : loaded 2 times (x 85B)
Class [Lcom.google.common.cache.RemovalListener;                                      : loaded 2 times (x 71B)
Class kotlin.sequences.FlatteningSequence                                             : loaded 2 times (x 77B)
Class kotlin.text.MatcherMatchResult                                                  : loaded 2 times (x 82B)
Class kotlinx.coroutines.flow.SharedFlow                                              : loaded 2 times (x 72B)
Class com.android.ide.common.repository.AgpVersion$PreviewKind                        : loaded 2 times (x 81B)
Class com.amazon.ion.system.IonTextWriterBuilder                                      : loaded 2 times (x 99B)
Class com.amazon.ion.impl.bin.IonManagedBinaryWriter$ImportedSymbolResolverMode$1$1$1 : loaded 2 times (x 78B)
Class com.amazon.ion.impl._Private_LocalSymbolTableFactory                            : loaded 2 times (x 72B)
Class org.jetbrains.plugins.gradle.tooling.serialization.AnnotationProcessingModelSerializationService: loaded 2 times (x 79B)
Class org.jetbrains.org.objectweb.asm.MethodWriter                                    : loaded 2 times (x 107B)
Class kotlin.text.MatchGroupCollection                                                : loaded 2 times (x 72B)
Class com.google.common.reflect.Types$JavaVersion$5                                   : loaded 2 times (x 73B)
Class [Lcom.google.common.reflect.Types$ClassOwnership;                               : loaded 2 times (x 71B)
Class com.google.common.cache.LocalCache$EntryFactory$2                               : loaded 2 times (x 85B)
Class com.google.gson.internal.bind.JsonAdapterAnnotationTypeAdapterFactory           : loaded 2 times (x 77B)
Class com.amazon.ion.impl.lite.IonNullLite                                            : loaded 2 times (x 178B)
Class org.jetbrains.plugins.gradle.model.DependencyAccessorsModel                     : loaded 2 times (x 72B)
Class [Lcom.intellij.openapi.externalSystem.model.project.dependencies.ResolutionState;: loaded 2 times (x 71B)
Class gnu.trove.TObjectIntHashMap                                                     : loaded 2 times (x 111B)
Class com.google.common.collect.RangeSet                                              : loaded 2 times (x 72B)
Class kotlin.jvm.internal.CallableReference$NoReceiver                                : loaded 2 times (x 73B)
Class kotlin.Lazy                                                                     : loaded 2 times (x 72B)
Class com.android.ide.gradle.model.dependencies.DeclaredDependencies                  : loaded 2 times (x 72B)
Class org.objectweb.asm.ModuleWriter                                                  : loaded 2 times (x 83B)
Class com.google.common.cache.LocalCache$EntryFactory$3                               : loaded 2 times (x 85B)
Class com.google.common.base.Ticker$1                                                 : loaded 2 times (x 74B)
Class com.google.gson.internal.bind.NumberTypeAdapter                                 : loaded 2 times (x 76B)
Class com.google.common.collect.Maps$BiMapConverter                                   : loaded 2 times (x 92B)
Class com.google.common.collect.ImmutableMapEntrySet$RegularEntrySet                  : loaded 2 times (x 154B)
Class com.amazon.ion.impl.lite.IonClobLite                                            : loaded 2 times (x 223B)
Class com.amazon.ion.impl._Private_ValueFactory                                       : loaded 2 times (x 72B)
Class com.amazon.ion.impl.bin.IonRawBinaryWriter$PreallocationMode$1                  : loaded 2 times (x 83B)
Class [Lcom.amazon.ion.impl.bin._Private_IonManagedBinaryWriterBuilder$AllocatorMode; : loaded 2 times (x 71B)
Class org.jetbrains.kotlin.idea.gradleTooling.KotlinMPPGradleModel                    : loaded 2 times (x 72B)
Class io.opentelemetry.context.propagation.ContextPropagators                         : loaded 2 times (x 72B)
Class com.intellij.gradle.toolingExtension.impl.model.dependencyDownloadPolicyModel.GradleDependencyDownloadPolicy: loaded 2 times (x 72B)
Class org.gradle.tooling.model.BuildIdentifier                                        : loaded 2 times (x 72B)
Class [Lkotlin.jvm.functions.Function1;                                               : loaded 2 times (x 71B)
Class org.jetbrains.org.objectweb.asm.RecordComponentVisitor                          : loaded 2 times (x 79B)
Class com.google.common.collect.SetMultimap                                           : loaded 2 times (x 72B)
Class com.android.builder.model.v2.ide.VectorDrawablesOptions                         : loaded 2 times (x 72B)
Class com.google.common.collect.ImmutableSet$Builder                                  : loaded 2 times (x 87B)
Class com.google.common.cache.LocalCache$EntryFactory$4                               : loaded 2 times (x 85B)
Class org.jetbrains.plugins.gradle.tooling.serialization.internal.IdeaProjectSerializationService$ReadContext: loaded 2 times (x 74B)
Class com.google.gson.ToNumberPolicy$1                                                : loaded 2 times (x 85B)
Class [Lcom.google.gson.FieldNamingStrategy;                                          : loaded 2 times (x 71B)
Class com.google.gson.internal.Excluder                                               : loaded 2 times (x 77B)
Class com.amazon.ion.IonInt                                                           : loaded 2 times (x 72B)
Class com.amazon.ion.impl.bin.IonRawBinaryWriter$PreallocationMode$2                  : loaded 2 times (x 83B)
Class org.jetbrains.kotlin.idea.gradleTooling.PrepareKotlinIdeImportTaskModel         : loaded 2 times (x 72B)
Class org.gradle.tooling.model.BuildableElement                                       : loaded 2 times (x 72B)
Class org.gradle.tooling.model.HasGradleProject                                       : loaded 2 times (x 72B)
Class org.jetbrains.org.objectweb.asm.Context                                         : loaded 2 times (x 74B)
Class kotlin.sequences.ConstrainedOnceSequence                                        : loaded 2 times (x 77B)
Class com.android.builder.model.v2.ide.Edge                                           : loaded 2 times (x 72B)
Class com.google.gson.internal.ReflectionAccessFilterHelper                           : loaded 2 times (x 73B)
Class com.google.gson.internal.reflect.ReflectionHelper$RecordHelper                  : loaded 2 times (x 77B)
Class com.android.builder.model.v2.models.VariantDependenciesFlatList                 : loaded 2 times (x 72B)
Class com.google.common.cache.LocalCache$EntryFactory$5                               : loaded 2 times (x 85B)
Class com.google.gson.ToNumberPolicy$2                                                : loaded 2 times (x 85B)
Class com.amazon.ion.impl.bin.IonRawBinaryWriter$PreallocationMode$3                  : loaded 2 times (x 83B)
Class com.android.ide.gradle.model.GradlePluginModel                                  : loaded 2 times (x 72B)
Class com.google.common.collect.ReverseOrdering                                       : loaded 2 times (x 117B)
Class org.gradle.tooling.model.build.JavaEnvironment                                  : loaded 2 times (x 72B)
Class com.amazon.ion.impl.bin.IonManagedBinaryWriter$UserState$1                      : loaded 2 times (x 87B)
Class com.google.common.collect.RegularImmutableMap$KeySet                            : loaded 2 times (x 154B)
Class org.apache.commons.io.output.AppendableWriter                                   : loaded 2 times (x 102B)
Class com.google.common.collect.HashMultimap                                          : loaded 2 times (x 175B)
Class com.android.builder.model.v2.ide.SourceSetContainer                             : loaded 2 times (x 72B)
Class com.google.gson.internal.bind.ReflectiveTypeAdapterFactory$FieldsData           : loaded 2 times (x 74B)
Class com.google.common.cache.LocalCache$EntryFactory$6                               : loaded 2 times (x 85B)
Class com.google.gson.ToNumberPolicy$3                                                : loaded 2 times (x 85B)
Class org.jetbrains.plugins.gradle.model.GradleExtension                              : loaded 2 times (x 72B)
Class com.amazon.ion.impl.lite.IonDecimalLite                                         : loaded 2 times (x 191B)
Class com.amazon.ion.IonBufferConfiguration$Builder                                   : loaded 2 times (x 80B)
Class org.gradle.internal.time.Timer                                                  : loaded 2 times (x 72B)
Class org.gradle.internal.installation.CurrentGradleInstallationLocator               : loaded 2 times (x 73B)
Class org.apache.commons.io.output.ThresholdingOutputStream                           : loaded 2 times (x 97B)
Class org.jetbrains.kotlin.cli.common.messages.CompilerMessageSeverity$Companion      : loaded 2 times (x 73B)
Class com.google.common.collect.ImmutableMultimap$Builder                             : loaded 2 times (x 88B)
Class com.android.builder.model.v2.ide.LintOptions                                    : loaded 2 times (x 72B)
Class com.google.common.collect.Maps$KeySet                                           : loaded 2 times (x 139B)
Class com.google.common.collect.ImmutableSet$EmptySetBuilderImpl                      : loaded 2 times (x 78B)
Class com.google.common.cache.LocalCache$EntryFactory$7                               : loaded 2 times (x 85B)
Class com.google.gson.ToNumberPolicy$4                                                : loaded 2 times (x 85B)
Class com.google.gson.internal.bind.ObjectTypeAdapter$1                               : loaded 2 times (x 78B)
Class [Lcom.amazon.ion.impl.bin.IonRawBinaryWriter$ContainerType;                     : loaded 2 times (x 71B)
Class kotlin.coroutines.jvm.internal.SpillingKt                                       : loaded 2 times (x 73B)
Class org.gradle.tooling.internal.adapter.ProtocolToModelAdapter$ViewGraphDetails     : loaded 2 times (x 74B)
Class org.gradle.tooling.model.idea.IdeaProject                                       : loaded 2 times (x 72B)
Class org.gradle.tooling.model.DomainObjectSet                                        : loaded 2 times (x 72B)
Class org.gradle.internal.service.DefaultServiceLocator                               : loaded 2 times (x 85B)
Class org.jetbrains.org.objectweb.asm.SymbolTable                                     : loaded 2 times (x 74B)
Class org.jetbrains.org.objectweb.asm.tree.UnsupportedClassVersionException           : loaded 2 times (x 84B)
Class org.jetbrains.kotlin.name.FqName$Companion                                      : loaded 2 times (x 73B)
Class com.google.common.collect.Maps$EntrySet                                         : loaded 2 times (x 138B)
Class com.google.common.collect.ImmutableMultimap$EntryCollection                     : loaded 2 times (x 130B)
Class com.android.builder.model.v2.ide.BasicArtifact                                  : loaded 2 times (x 72B)
Class org.jetbrains.kotlin.util.capitalizeDecapitalize.CapitalizeDecapitalizeKt       : loaded 2 times (x 73B)
Class com.google.common.base.Equivalence$Identity                                     : loaded 2 times (x 84B)
Class com.google.common.cache.LocalCache$EntryFactory$8                               : loaded 2 times (x 85B)
Class com.google.gson.internal.sql.SqlTypesSupport                                    : loaded 2 times (x 73B)
Class com.google.gson.Gson                                                            : loaded 2 times (x 74B)
Class jdk.internal.jrtfs.JrtDirectoryStream                                           : loaded 2 times (x 91B)
Class com.amazon.ion.impl.bin.utf8.Utf8StringEncoder$Result                           : loaded 2 times (x 76B)
Class com.amazon.ion.impl.bin.utf8.Pool$Allocator                                     : loaded 2 times (x 72B)
Class com.amazon.ion.IonText                                                          : loaded 2 times (x 72B)
Class com.amazon.ion.impl.SymbolTokenImpl                                             : loaded 2 times (x 83B)
Class com.amazon.ion.SubstituteSymbolTableException                                   : loaded 2 times (x 86B)
Class io.opentelemetry.api.trace.SpanContextKey                                       : loaded 2 times (x 73B)
Class kotlin.coroutines.jvm.internal.SuspendFunction                                  : loaded 2 times (x 72B)
Class org.gradle.util.GradleVersion                                                   : loaded 2 times (x 83B)
Class org.gradle.internal.installation.CurrentGradleInstallation                      : loaded 2 times (x 75B)
Class org.jetbrains.org.objectweb.asm.ModuleWriter                                    : loaded 2 times (x 83B)
Class com.google.common.base.PairwiseEquivalence                                      : loaded 2 times (x 85B)
Class com.google.common.cache.CacheLoader$1                                           : loaded 2 times (x 77B)
Class com.google.gson.Gson$FutureTypeAdapter                                          : loaded 2 times (x 78B)
Class com.google.gson.Gson$1                                                          : loaded 2 times (x 78B)
Class com.amazon.ion.impl.bin.IonManagedBinaryWriter$ImportDescriptor                 : loaded 2 times (x 78B)
Class com.amazon.ion.SymbolTable                                                      : loaded 2 times (x 72B)
Class org.jetbrains.plugins.gradle.javaModel.JavaGradleManifestModel                  : loaded 2 times (x 72B)
Class org.jetbrains.plugins.gradle.tooling.serialization.GradleExtensionsSerializationService$WriteContext: loaded 2 times (x 74B)
Class com.intellij.gradle.toolingExtension.impl.model.taskModel.GradleTaskSerialisationService$Companion: loaded 2 times (x 73B)
Class kotlin.jvm.internal.Ref$BooleanRef                                              : loaded 2 times (x 73B)
Class kotlin.jvm.internal.StringCompanionObject                                       : loaded 2 times (x 73B)
Class kotlin.coroutines.intrinsics.IntrinsicsKt__IntrinsicsJvmKt                      : loaded 2 times (x 73B)
Class kotlin.coroutines.jvm.internal.CoroutineStackFrame                              : loaded 2 times (x 72B)
Class org.gradle.tooling.internal.adapter.ProtocolToModelAdapter$MethodInvocationCache$MethodInvocationKey: loaded 2 times (x 75B)
Class org.gradle.tooling.model.gradle.ProjectPublications                             : loaded 2 times (x 72B)
Class org.gradle.util.internal.GUtil                                                  : loaded 2 times (x 73B)
Class com.android.builder.model.v2.ide.ViewBindingOptions                             : loaded 2 times (x 72B)
Class com.google.common.io.LineReader                                                 : loaded 2 times (x 74B)
Class com.google.common.io.ByteSource                                                 : loaded 2 times (x 86B)
Class com.android.utils.StringHelper                                                  : loaded 2 times (x 73B)
Class com.google.common.cache.AbstractCache$StatsCounter                              : loaded 2 times (x 72B)
Class com.google.gson.Gson$2                                                          : loaded 2 times (x 78B)
Class [Lcom.amazon.ion.impl.bin.IonManagedBinaryWriter$SymbolState;                   : loaded 2 times (x 71B)
Class com.amazon.ion.impl._Private_IonWriterBase                                      : loaded 2 times (x 164B)
Class com.amazon.ion.system.IonSystemBuilder                                          : loaded 2 times (x 77B)
Class com.amazon.ion.IonCatalog                                                       : loaded 2 times (x 72B)
Class io.opentelemetry.api.trace.TraceId                                              : loaded 2 times (x 73B)
Class com.intellij.gradle.toolingExtension.impl.model.utilTurnOffDefaultTasksModel.TurnOffDefaultTasks: loaded 2 times (x 72B)
Class com.intellij.gradle.toolingExtension.impl.model.sourceSetModel.GradleSourceSetSerialisationService$SourceSetModelReadContext: loaded 2 times (x 74B)
Class com.google.common.reflect.Types$TypeVariableImpl                                : loaded 2 times (x 74B)
Class com.google.common.io.LineBuffer                                                 : loaded 2 times (x 77B)
Class com.google.common.collect.MapMakerInternalMap$1                                 : loaded 2 times (x 85B)
Class com.android.builder.model.v2.dsl.BuildType                                      : loaded 2 times (x 72B)
Class ijJvmDebugger1_eukz07v0949caam83l9ezgqt4                                        : loaded 2 times (x 173B)
Class com.intellij.gradle.toolingExtension.impl.model.sourceSetDependencyModel.GradleSourceSetDependencySerialisationService$SourceSetDependencyModelWriteContext: loaded 2 times (x 74B)
Class com.google.gson.internal.bind.ReflectiveTypeAdapterFactory$BoundField           : loaded 2 times (x 77B)
Class com.google.gson.Gson$3                                                          : loaded 2 times (x 77B)
Class io.opentelemetry.api.internal.ImmutableSpanContext                              : loaded 2 times (x 93B)
Class com.intellij.gradle.toolingExtension.impl.model.sourceSetModel.GradleSourceSetSerialisationService$SourceSetModelWriteContext: loaded 2 times (x 74B)
Class kotlin.ranges.IntProgressionIterator                                            : loaded 2 times (x 84B)
Class kotlin.coroutines.CoroutineContext                                              : loaded 2 times (x 72B)
Class kotlin.coroutines.jvm.internal.DebugProbesKt                                    : loaded 2 times (x 73B)
Class org.gradle.tooling.internal.adapter.WeakIdentityHashMap                         : loaded 2 times (x 78B)
Class org.gradle.tooling.GradleConnectionException                                    : loaded 2 times (x 85B)
Class org.gradle.tooling.internal.adapter.ProtocolToModelAdapter$1                    : loaded 2 times (x 77B)
Class org.gradle.tooling.internal.adapter.ProtocolToModelAdapter$ViewDecoration       : loaded 2 times (x 72B)
Class org.gradle.internal.installation.GradleInstallation                             : loaded 2 times (x 77B)
Class com.google.common.base.Splitter$Strategy                                        : loaded 2 times (x 72B)
Class com.google.common.collect.Iterables                                             : loaded 2 times (x 73B)
Class com.google.gson.internal.bind.DefaultDateTypeAdapter$1                          : loaded 2 times (x 77B)
Class com.google.gson.Gson$4                                                          : loaded 2 times (x 78B)
Class com.google.gson.internal.ConstructorConstructor                                 : loaded 2 times (x 74B)
Class jdk.internal.jimage.decompressor.ResourceDecompressor$StringsProvider           : loaded 2 times (x 72B)
Class com.amazon.ion.impl.lite.ContainerlessContext                                   : loaded 2 times (x 82B)
Class io.opentelemetry.api.trace.DefaultTracer                                        : loaded 2 times (x 76B)
Class org.jetbrains.plugins.gradle.tooling.serialization.GradleExtensionsSerializationService$ReadContext: loaded 2 times (x 74B)
Class com.google.common.collect.ForwardingCollection                                  : loaded 2 times (x 132B)
Class com.google.common.collect.LexicographicalOrdering                               : loaded 2 times (x 117B)
Class org.gradle.tooling.internal.adapter.MethodInvoker                               : loaded 2 times (x 72B)
Class org.jetbrains.kotlin.com.intellij.openapi.diagnostic.DefaultLogger              : loaded 2 times (x 102B)
Class com.google.gson.ReflectionAccessFilter$FilterResult                             : loaded 2 times (x 81B)
Class com.google.common.collect.Lists$RandomAccessReverseList                         : loaded 2 times (x 202B)
Class com.android.ide.common.gradle.Part                                              : loaded 2 times (x 79B)
Class com.google.gson.Gson$5                                                          : loaded 2 times (x 78B)
Class gnu.trove.PrimeFinder                                                           : loaded 2 times (x 73B)
Class com.amazon.ion.UnexpectedEofException                                           : loaded 2 times (x 86B)
Class com.amazon.ion.IonSexp                                                          : loaded 2 times (x 72B)
Class com.amazon.ion.ReadOnlyValueException                                           : loaded 2 times (x 86B)
Class com.amazon.ion.impl._Private_LocalSymbolTable                                   : loaded 2 times (x 72B)
Class com.amazon.ion.BufferConfiguration$DataHandler                                  : loaded 2 times (x 72B)
Class com.amazon.ion.impl._Private_IonBinaryWriterBuilder                             : loaded 2 times (x 117B)
Class org.jetbrains.plugins.gradle.tooling.serialization.RepositoriesModelSerializationService$WriteContext: loaded 2 times (x 74B)
Class com.android.ide.gradle.model.LegacyAndroidGradlePluginProperties                : loaded 2 times (x 72B)
Class kotlin.ranges.IntProgression                                                    : loaded 2 times (x 83B)
Class kotlin.jvm.KotlinReflectionNotSupportedError                                    : loaded 2 times (x 84B)
Class org.gradle.tooling.model.gradle.GradleScript                                    : loaded 2 times (x 72B)

---------------  S Y S T E M  ---------------

OS:
 Windows 10 , 64 bit Build 19041 (10.0.19041.5915)
OS uptime: 5 days 11:20 hours

CPU: total 4 (initial active 4) (2 cores per cpu, 2 threads per core) family 6 model 78 stepping 3 microcode 0xf0, cx8, cmov, fxsr, ht, mmx, 3dnowpref, sse, sse2, sse3, ssse3, sse4.1, sse4.2, popcnt, lzcnt, tsc, tscinvbit, avx, avx2, aes, erms, clmul, bmi1, bmi2, rtm, adx, fma, vzeroupper, clflush, clflushopt, rdtscp, f16c
Processor Information for the first 4 processors :
  Max Mhz: 2501, Current Mhz: 2501, Mhz Limit: 2501

Memory: 4k page, system-wide physical 8053M (577M free)
TotalPageFile size 15147M (AvailPageFile size 2608M)
current process WorkingSet (physical memory assigned to process): 899M, peak: 938M
current process commit charge ("private bytes"): 1470M, peak: 1499M

vm_info: OpenJDK 64-Bit Server VM (25.0.3+-15898627-b508.16) for windows-amd64 JRE (25.0.3+-15898627-b508.16), built on 2026-07-20T17:54:23Z with MS VC++ 16.10 / 16.11 (VS2019)

END.
